tick,firm_id,firm_type,reason,cash_before_exit,revenue_this_tick,wages_this_tick,commercial_rent_this_tick,capital_rental_this_tick,process_rental_this_tick,input_cost_this_tick,profit_this_tick,worker_count,capital_units,process_count,commercial_units,last_plan_tick,last_plan_passed,last_plan_projected_end_cash,last_plan_total_cost,last_plan_buffer
302,5,5,negative_cash,-219.7861384345204,145.05960140270457,210.0,2.0,0.75,0.6,258.63763576123887,-326.9280343585343,21,3,1,2,291,0,-67.47360272849141,4925.758620689655,1266.0377937353476
365,8,4,negative_cash,-1.1397287107744414,0.0,0.0,1.0,0.25,0.6,0.0,-1.85,0,1,1,1,349,0,-32.78972871077443,57.0,14.25
397,12,3,negative_cash,-1.3426182613488562,0.0,0.0,2.0,0.25,0.6,0.0,-2.85,0,1,1,2,378,0,-47.856248174480626,69.0,31.663629913131782
460,14,5,negative_cash,-0.02568372479801817,0.0,0.0,0.0,0.25,0.6,0.0,-0.85,0,1,1,0,409,1,6.0743162752020226,37.0,9.25
469,6,6,negative_cash,-1.7286665133237875,259.1291235870179,270.0,2.0,2.75,6.6,175.0,-197.2208764129821,27,11,11,2,451,1,233.1816096154862,6640.0,1713.3415783238024
630,24,5,negative_cash,-72.56966847711152,0.0,19.170518350955852,1.0,0.5,0.6,57.25111972201921,-78.52163807297507,2,2,1,1,591,1,3032.5321264125796,0.0,0.0
632,15,4,negative_cash,-0.026256651918060037,0.0,0.0,3.0,0.25,0.6,0.0,-3.85,0,1,1,3,613,0,-23.126256651918055,77.0,19.25
661,17,6,negative_cash,-36.12838547534257,41.83687392468204,40.0,1.0,1.5,1.2,49.0,-50.863126075317965,4,6,2,1,642,1,139.79017835585353,1194.0,313.979730324172
666,18,5,negative_cash,-25.34582332477916,111.9771025969857,40.0,1.0,1.25,0.6,100.3188557181668,-31.191753121181094,4,5,1,1,657,0,-242.16234981676837,2000.6917600490376,519.4251942289974
736,25,3,negative_cash,-0.7055371687770604,0.0,0.0,2.0,0.25,0.6,0.0,-2.85,0,1,1,2,722,0,-61.469167081908836,69.0,31.663629913131782
739,20,3,negative_cash,-0.8084474824035026,0.0,0.0,1.0,0.5,0.6,0.0,-2.1,0,2,1,1,734,0,-42.8084474824035,42.0,10.5
743,30,5,negative_cash,-73.94761523256616,0.0,18.45231317548192,1.0,0.5,0.6,53.583849568720176,-74.1361627442021,2,2,1,1,701,1,3001.7227056346487,0.0,0.0
743,23,3,negative_cash,-1.4746415747713093,0.0,0.0,1.0,0.25,0.6,0.0,-1.85,0,1,1,1,723,0,-35.7246415747713,57.0,14.25
757,1,1,negative_cash,-2.9197502278493968,8.847359999999998,10.0,5.0,0.25,0.6,0.0,-7.002640000000001,1,1,1,5,740,0,-2.158830786350542,137.0,44.368120558501154
768,3,3,negative_cash,-5.418452276794769,0.0,0.0,5.0,1.5,0.6,0.0,-7.1,0,6,1,5,767,0,-200.81845227679477,162.0,40.5
769,26,3,negative_cash,-2.330771942039481,0.0,0.0,2.0,0.5,0.6,0.0,-3.1,0,2,1,2,753,0,-30.230771942039468,62.0,15.5
801,33,5,negative_cash,-14.581511161588736,0.0,21.73651976705234,1.0,0.5,0.6,58.12210138870587,-81.95862115575821,2,2,1,1,763,1,3005.830496015959,0.0,0.0
814,21,6,negative_cash,-25.367966770336338,104.03801514705064,60.59458658072785,1.0,2.0,3.0,70.0,-32.556571433677206,6,8,5,1,802,1,226.14959110816596,2365.491405722174,636.2971889064835
828,27,4,negative_cash,-1.1328536027206821,0.0,0.0,2.0,0.25,0.6,0.0,-2.85,0,1,1,2,813,0,-29.632853602720672,57.0,14.25
849,32,3,negative_cash,-2.220443393089546,0.0,19.32050923856398,2.0,0.5,1.2,9.703680075,-32.724189313563976,2,2,2,2,830,1,43.586423475206516,460.41018477127955,115.10254619281989
863,29,4,negative_cash,-0.9394723811374037,0.0,0.0,2.0,0.25,0.6,0.0,-2.85,0,1,1,2,853,0,-68.68947238113739,77.0,19.25
865,28,4,negative_cash,-0.6883648630147721,0.0,0.0,1.0,0.25,0.6,0.0,-1.85,0,1,1,1,858,0,-54.98836486301477,57.0,14.25
871,38,5,negative_cash,-11.71811446329555,0.0,19.136921319798102,1.0,0.5,0.6,52.243142336444734,-73.48006365624283,2,2,1,1,831,1,3007.194490894017,0.0,0.0
876,31,3,negative_cash,-0.9327737695566887,0.0,0.0,3.0,0.25,0.6,0.0,-3.85,0,1,1,3,859,0,-54.480081302537364,77.0,41.99730753298069
923,41,5,negative_cash,-7.831512820372666,0.0,20.203687401677332,1.0,0.5,0.6,53.494705375568884,-75.79839277724622,2,2,1,1,884,1,3007.527805749222,0.0,0.0
928,37,3,negative_cash,-2.035415184925536,0.0,0.0,2.0,0.25,0.6,0.0,-2.85,0,1,1,2,914,0,-45.29232685229526,57.0,26.156911667369734
936,19,6,negative_cash,-31.421865226213058,77.2547954872689,60.0,1.0,2.5,1.7999999999999998,70.0,-58.045204512731104,6,10,3,1,928,1,140.4127516357106,1882.6176470588236,497.8147628064329
954,2,2,negative_cash,-3.976435148780758,0.0,0.0,4.0,0.5,0.6,0.0,-5.1,0,2,1,4,953,1,114.04436485121914,122.0,30.5
963,34,1,negative_cash,-8.498572699737315,4.608,10.0,3.0,0.5,0.6,0.0,-9.491999999999999,1,2,1,3,953,1,111.53698457873361,82.0,23.98201345934063
965,44,5,negative_cash,-11.635348563820699,0.0,20.654209479229255,1.0,0.5,0.6,52.97879280168656,-75.73300228091581,2,2,1,1,924,1,3152.92937533414,0.0,0.0
969,36,3,negative_cash,-0.8088011243764859,0.0,0.0,3.0,0.25,0.6,0.0,-3.85,0,1,1,3,955,0,-43.158801124376474,77.0,19.25
973,35,6,negative_cash,-19.762475028463186,45.05429725215805,50.0,1.0,1.5,1.2,56.0,-64.64570274784195,5,6,2,1,961,1,165.0702190031575,1503.967741935484,397.3882227051222
1005,42,3,negative_cash,-14.149116390197285,0.0,19.188487826956237,1.0,0.5,1.2,9.891195088246553,-31.77968291520279,2,2,2,1,987,1,10.781785324254258,437.7697565391247,109.44243913478118
1012,22,6,negative_cash,-21.74321974241829,310.9881021248205,198.8415239187297,4.0,4.25,6.6,203.0,-105.7034217939092,20,17,11,4,998,1,84.64056536469207,6094.335332743526,1550.975487621446
1039,43,3,negative_cash,-2.665373677203721,0.0,0.0,2.0,0.25,0.6,0.0,-2.85,0,1,1,2,1031,0,-51.11537367720372,57.0,14.25
1071,50,5,negative_cash,-27.816327166592856,11.271712171622395,20.35185742887846,1.0,0.5,0.6,70.0,-81.18014525725607,2,2,1,1,1028,1,3018.603882578689,0.0,0.0
1075,40,4,negative_cash,-2.3645677860428793,0.0,0.0,2.0,0.25,0.6,0.0,-2.85,0,1,1,2,1069,0,-81.51456778604287,77.0,19.25
1105,53,5,negative_cash,-0.09101369467791187,0.0,18.449878656017184,1.0,0.5,0.6,70.0,-90.54987865601719,2,2,1,1,1072,1,3071.6048606099043,0.0,0.0
1112,46,6,negative_cash,-21.82261926406079,128.254846983612,91.0,1.0,1.5,3.0,76.92,-45.165153016388004,9,6,5,1,1097,1,120.4775376896157,2405.333333333333,625.0371878760773
1117,54,5,negative_cash,-46.82474176876684,15.0,18.5965381829763,1.0,0.5,0.6,63.0,-68.6965381829763,2,2,1,1,1081,1,3013.7021601385027,0.0,0.0
1155,57,5,negative_cash,-86.09412263813272,0.0,19.43682112303746,1.0,0.5,0.6,68.95127813642823,-90.48809925946568,2,2,1,1,1121,1,3013.7429894426286,0.0,0.0
1164,45,6,negative_cash,-52.720921885541685,158.4553991541367,110.0,1.0,2.5,3.0,98.0,-56.0446008458633,11,10,5,1,1149,1,150.4721813604025,2772.95652173913,716.7056674933955
1168,49,1,negative_cash,-4.581076731622165,3.4626699791224,10.0,3.0,0.5,0.6,0.0,-10.6373300208776,1,2,1,3,1151,1,143.00693320574504,82.0,20.5
1193,59,5,negative_cash,-56.646491096311365,0.0,19.02247174526642,1.0,0.5,0.6,69.44649004489587,-90.56896179016229,2,2,1,1,1156,1,3233.8723599324185,0.0,0.0
1234,63,5,negative_cash,-63.047543807036305,0.0,19.006238141270963,1.0,0.5,0.6,62.83988029835057,-83.94611843962153,2,2,1,1,1198,1,3016.030529367171,0.0,0.0
1240,51,6,negative_cash,-60.71418539790298,0.0,70.45113364308705,0.0,2.0,1.7999999999999998,0.0,-74.25113364308704,7,8,3,0,1223,1,114.66594433925638,2063.8275509105215,551.3377541568984
1251,52,3,negative_cash,-1.4321762297765153,0.0,0.0,3.0,0.25,0.6,0.0,-3.85,0,1,1,3,1248,0,-86.13217622977652,77.0,19.25
1271,39,6,negative_cash,-15.62312570950371,136.6105883085072,70.28999999999999,2.0,2.25,3.0,91.0,-31.92941169149279,7,9,5,2,1253,1,93.16478784592891,2783.0917103496104,710.9715179716609
1278,66,5,negative_cash,-19.26700388425462,15.0,20.23326880801641,1.0,0.5,0.6,70.0,-77.33326880801641,2,2,1,1,1243,1,3001.746745726845,0.0,0.0
1310,55,4,negative_cash,-0.21026768399374163,0.0,0.0,3.0,0.5,0.6,0.0,-4.1,0,2,1,3,1304,0,-78.11026768399374,82.0,20.5
1312,48,2,negative_cash,-4.509997119151073,6.3823933055184074,10.0,2.0,0.5,0.6,0.0,-6.717606694481592,1,2,1,2,1294,1,151.55478949188569,82.0,20.5
1312,47,6,negative_cash,-70.16258368400631,121.80825445543842,79.55254320130442,2.0,3.0,4.2,105.0,-71.944288745866,8,12,7,2,1297,1,195.5452839497459,3512.6619751371995,902.0336006219243
1314,68,5,negative_cash,-15.241506859217665,14.399999999999999,20.057513957657413,1.0,0.5,0.6,69.79509358596461,-77.55260754362202,2,2,1,1,1279,1,3111.4306567626327,0.0,0.0
1338,56,4,negative_cash,-2.268521602338182,0.0,0.0,3.0,0.25,0.6,0.0,-3.85,0,1,1,3,1329,0,-63.86852160233818,77.0,19.25
1375,73,5,negative_cash,-60.01404967555828,0.0,18.796848613953728,1.0,0.5,0.6,60.72802595451665,-81.62487456847037,2,2,1,1,1338,1,3005.5684197195346,0.0,0.0
1376,61,1,negative_cash,-12.780267769791038,2.710431899304544,10.0,6.0,0.5,0.6,0.0,-14.389568100695456,1,2,1,6,1359,1,108.55102787756869,142.0,35.5
1377,58,6,negative_cash,-59.9460049998508,156.88148221037952,150.0,1.0,2.25,3.5999999999999996,105.0,-104.96851778962048,15,9,6,1,1366,1,160.12458696356828,3208.098039215686,823.7542783474395
1381,62,1,negative_cash,-1.1992724805881592,0.0,0.0,2.0,0.25,0.6,0.0,-2.85,0,1,1,2,1377,0,-61.04927248058816,57.0,14.25
1420,74,5,negative_cash,-70.6155265258513,7.5,20.787952719136975,1.0,0.5,0.6,62.09907832651774,-77.48703104565472,2,2,1,1,1376,1,3424.3955735865784,0.0,0.0
1424,60,6,negative_cash,-70.27488497661639,164.95639720827225,130.00521840164882,1.0,2.5,6.0,105.0,-79.54882119337657,13,10,10,1,1407,1,13.413365873491102,4253.296675725284,1088.7185689231244
1449,65,4,negative_cash,-2.656245037172345,0.0,0.0,2.0,0.25,0.6,0.0,-2.85,0,1,1,2,1436,0,-51.856245037172336,77.0,19.25
1463,81,5,negative_cash,-21.880972315216695,0.0,21.502310913574828,1.0,0.5,0.6,63.0,-86.60231091357483,2,2,1,1,1429,1,3009.199909659904,0.0,0.0
1479,71,2,negative_cash,-0.6303301627985527,0.0,0.0,3.0,0.25,0.6,0.0,-3.85,0,1,1,3,1478,0,-61.563210899706945,97.0,24.25
1498,64,3,negative_cash,-1.2199894978845123,0.0,0.0,4.0,0.75,0.6,0.0,-5.35,0,3,1,4,1483,0,-54.71998949788451,107.0,26.75
1500,84,5,negative_cash,-27.71281968456934,0.0,20.855881513707534,1.0,0.5,0.6,62.2993656989817,-85.25524721268924,2,2,1,1,1464,1,3151.9541620215896,0.0,0.0
1509,67,6,negative_cash,-32.76229558165038,215.11169755906727,150.0,1.0,2.25,5.3999999999999995,105.0,-48.53830244093273,15,9,9,1,1495,1,24.38256904610978,3960.5,1004.4840593740347
1519,72,2,negative_cash,-1.5226138436063126,0.0,0.0,2.0,0.25,0.6,0.0,-2.85,0,1,1,2,1515,0,-85.37261384360632,77.0,19.25
1538,86,5,negative_cash,-15.316444853470571,0.0,21.018232095559153,1.0,0.5,0.6,60.55748601438634,-83.67571810994549,2,2,1,1,1501,1,3202.482692958498,0.0,0.0
1553,75,1,negative_cash,-2.555520980468873,0.0,0.0,2.0,0.25,0.6,0.0,-2.85,0,1,1,2,1543,0,-70.30552098046887,77.0,19.25
1582,92,5,negative_cash,-62.81933382541595,0.0,19.442350702395238,1.0,0.5,0.6,57.73231954051219,-79.27467024290743,2,2,1,1,1544,1,3003.710002936001,0.0,0.0
1590,77,1,negative_cash,-2.040417241910841,0.0,0.0,2.0,0.25,0.6,0.0,-2.85,0,1,1,2,1570,0,-16.290417241910824,57.0,14.25
1600,76,1,negative_cash,-1.6517170972247004,0.0,0.0,1.0,0.25,0.6,0.0,-1.85,0,1,1,1,1588,0,-40.701717097224694,57.0,14.25
1623,93,5,negative_cash,-19.533295612806413,0.0,20.896949494473432,1.0,0.5,0.6,60.14892254437638,-83.14587203884982,2,2,1,1,1583,1,3523.929015108753,0.0,0.0
1655,88,3,negative_cash,-9.778872358140298,0.0,10.915287617362257,3.0,0.75,0.6,7.512006624911467,-22.777294242273722,1,3,1,3,1639,1,59.41285580339181,409.55470669476364,129.00783119793172
1665,100,5,negative_cash,-48.17813523592392,0.0,18.121612716005977,1.0,0.5,0.6,56.95523548664318,-77.17684820264915,2,2,1,1,1625,1,3013.016032387406,0.0,0.0
1691,87,3,negative_cash,-0.2105645716446931,0.0,0.0,2.0,0.25,0.6,0.0,-2.85,0,1,1,2,1686,0,-57.210564571644696,57.0,14.25
1698,69,6,negative_cash,-2.6048661421914527,38.77606708411328,10.0,1.0,2.0,0.6,28.0,-2.823932915886722,1,8,1,1,1685,1,257.4320785991437,505.90792985413793,150.07126322947755
1704,102,5,negative_cash,-28.270226400576504,0.0,19.01549345522524,1.0,0.5,0.6,63.47528599780599,-84.59077945303123,2,2,1,1,1666,1,3322.2895722684007,0.0,0.0
1707,80,6,negative_cash,-27.616855799976918,211.23459177148945,129.31244220069843,2.0,2.25,3.0,119.0,-44.32785042920898,13,9,5,2,1693,1,134.1923703286077,3408.1377329028574,871.0932504347236
1731,90,2,negative_cash,-6.726481547907579,5.204029246664724,10.0,6.0,0.5,0.6,0.0,-11.895970753335275,1,2,1,6,1723,1,15.019160375438304,142.0,35.5
1732,85,3,negative_cash,-2.5621773502338345,0.0,0.0,2.0,0.25,0.6,0.0,-2.85,0,1,1,2,1729,0,-65.26217735023383,57.0,14.25
1751,108,5,negative_cash,-74.79305651038493,0.0,21.440604083699686,1.0,0.5,0.6,51.66815343676729,-75.20875752046697,2,2,1,1,1710,1,3001.8565759408,0.0,0.0
1752,97,1,negative_cash,-2.5579706011026637,0.0,10.0,2.0,0.5,0.6,0.0,-13.1,1,2,1,2,1734,1,168.70804064490486,62.0,19.404987275246192
1755,98,1,negative_cash,-0.06934948864799129,0.0,0.0,2.0,0.25,0.6,0.0,-2.85,0,1,1,2,1747,0,-84.89300325513834,77.0,30.623653766490346
1764,91,2,negative_cash,-0.2902509768360626,0.0,0.0,1.0,0.25,0.6,0.0,-1.85,0,1,1,1,1745,0,-26.39025097683605,57.0,14.25
1770,96,1,negative_cash,-2.0259459835263347,0.0,0.0,3.0,0.25,0.6,0.0,-3.85,0,1,1,3,1769,0,-119.42594598352633,97.0,24.25
1775,99,1,negative_cash,-1.3651163611057462,0.0,0.0,1.0,0.25,0.6,0.0,-1.85,0,1,1,1,1757,0,-81.06242389408644,77.0,41.99730753298069
1781,94,1,negative_cash,-8.21700332657502,4.79603335372621,10.0,4.0,0.5,0.6,0.0,-10.30396664627379,1,2,1,4,1775,1,21.91375200239588,102.0,25.5
1792,111,5,negative_cash,-16.8977064550011,0.0,21.146069186328678,1.0,0.5,0.6,55.416219459346294,-78.66228864567498,2,2,1,1,1752,1,3247.1308687163278,0.0,0.0
1803,83,4,negative_cash,-2.825376866292906,0.0,0.0,4.0,0.25,0.6,0.0,-4.85,0,1,1,4,1796,0,-137.1253768662929,137.0,34.25
1811,101,3,negative_cash,-0.7651073632157074,0.0,0.0,0.0,0.25,0.6,0.0,-0.85,0,1,1,0,1805,0,-41.91510736321571,37.0,9.25
1831,107,3,negative_cash,-0.6975222206781426,0.0,0.0,2.0,0.25,0.6,0.0,-2.85,0,1,1,2,1818,0,-34.897522220678134,57.0,14.25
1832,95,1,negative_cash,-1.0593649737328317,0.0,0.0,3.0,0.5,0.6,0.0,-4.1,0,2,1,3,1823,1,3.300087639138926,82.0,27.475082247690178
1850,89,2,negative_cash,-3.251233883770853,0.0,0.0,4.0,0.25,0.6,0.0,-4.85,0,1,1,4,1849,0,-27.824238109245048,97.0,28.34367129999838
1875,79,6,negative_cash,-32.73863605496442,103.602484187505,49.72044381669808,2.0,2.25,1.2,84.0,-35.56795962919308,5,9,2,2,1857,1,135.9987425475926,1964.4345173596028,501.37999954902176
1875,70,6,negative_cash,-32.57221363437317,100.32173916983439,49.78214716584675,1.0,4.25,1.7999999999999998,84.0,-40.51040799601236,5,17,3,1,1861,1,237.5128940147672,2150.6401060648973,574.1263375098549
1876,103,3,negative_cash,-2.502635768449813,0.0,0.0,3.0,0.25,0.6,0.0,-3.85,0,1,1,3,1860,0,-37.1526357684498,77.0,19.25
1883,78,6,negative_cash,-55.115960536945295,330.8565997975237,200.0,3.0,5.0,6.6,202.8357399700135,-86.57914017248979,20,20,11,3,1863,1,194.03769545193995,6112.0,1575.9707134548278
1887,104,3,negative_cash,-1.2831383969249819,0.0,0.0,3.0,0.25,0.6,0.0,-3.85,0,1,1,3,1881,0,-74.43313839692499,77.0,19.25
1890,105,3,negative_cash,-0.4060995587651055,0.0,0.0,3.0,0.25,0.6,0.0,-3.85,0,1,1,3,1880,0,-58.1560995587651,77.0,19.25
1904,106,3,negative_cash,-1.8202762295921335,0.0,0.0,1.0,0.25,0.6,0.0,-1.85,0,1,1,1,1891,0,-61.02027622959213,77.0,19.25
1929,109,6,negative_cash,-33.73527073989507,33.19400086473458,40.0,1.0,1.0,2.4,49.0,-60.205999135265415,4,4,4,1,1918,1,8.48542328136125,1596.9526364250733,417.34421413873235
1942,112,5,negative_cash,-1.8825649374486875,0.0,0.0,2.0,0.25,0.6,0.0,-2.85,0,1,1,2,1922,0,-16.13256493744867,57.0,14.25
1973,114,3,negative_cash,-3.343624853796567,0.0,0.0,3.0,0.25,0.6,0.0,-3.85,0,1,1,3,1958,0,-83.13596732698203,89.0,48.54234247318547
1987,130,5,negative_cash,-0.017430138707908327,0.0,21.73223630757102,1.0,0.5,0.6,67.90973116517569,-91.74196747274671,2,2,1,1,1955,1,3003.0063153507426,0.0,0.0
2001,127,6,negative_cash,-27.215065647964707,0.0,19.776127172519796,2.0,0.5,1.2,35.0,-58.476127172519796,2,2,2,2,1983,1,413.3385670751006,508.40221625980064,127.10055406495016
2006,120,1,negative_cash,-2.8042690444867495,0.0,0.0,2.0,0.25,0.6,0.0,-2.85,0,1,1,2,2005,0,-96.20426904448675,77.0,19.25
2007,117,1,negative_cash,-6.3704811992950745,3.390612312200233,10.0,4.0,0.5,0.6,0.0,-11.709387687799767,1,2,1,4,1988,1,120.37650063111725,114.0,35.98118123298691
2009,119,1,negative_cash,-2.2755385727032325,0.0,0.0,3.0,0.25,0.6,0.0,-3.85,0,1,1,3,1995,0,-44.62553857270322,77.0,19.25
2020,135,5,negative_cash,-4.07449007709846,0.0,21.97425299346131,1.0,0.5,0.6,65.77378987559698,-89.84804286905829,2,2,1,1,1988,1,3003.035104666704,0.0,0.0
2026,110,6,negative_cash,-7.508397132373176,173.2967831902884,89.95872894002622,1.0,2.75,3.0,98.0,-21.41194574973781,9,11,5,1,2010,1,200.66083110791214,3095.499881356566,811.6605312748611
2037,118,1,negative_cash,-1.040407409805261,0.0,0.0,2.0,0.25,0.6,0.0,-2.85,0,1,1,2,2035,0,-91.59040740980527,77.0,19.25
2045,116,1,negative_cash,-3.5868241967357672,0.0,0.0,4.0,0.25,0.6,0.0,-4.85,0,1,1,4,2038,0,-90.88682419673577,97.0,24.25
2047,121,1,negative_cash,-1.6549734013949777,0.0,0.0,1.0,0.25,0.6,0.0,-1.85,0,1,1,1,2046,0,-46.054973401394975,37.0,9.25
2048,82,6,negative_cash,-114.73466757417614,105.29536260470803,79.92287073892447,3.0,5.25,4.8,140.0,-127.67750813421644,8,21,8,3,2039,1,108.80786583815802,4193.137744353735,1145.1984785078541
2049,123,2,negative_cash,-0.6997461241915337,0.0,0.0,3.0,0.25,0.6,0.0,-3.85,0,1,1,3,2035,0,-43.04974612419152,77.0,19.25
2051,113,4,negative_cash,-1.0605629469821247,0.0,0.0,3.0,0.25,0.6,0.0,-3.85,0,1,1,3,2049,0,-114.61056294698213,97.0,24.25
2069,115,1,negative_cash,-5.306236672366779,5.189712722755461,10.0,6.0,0.5,0.6,0.0,-11.910287277244539,1,2,1,6,2053,1,111.55261404647115,142.0,35.5
2098,134,3,negative_cash,-14.335057094785533,0.0,9.797239270507358,1.0,0.5,0.6,8.255789822715577,-20.153029093222933,1,2,1,1,2080,1,38.22735853149714,249.94478541014715,62.48619635253679
2115,122,2,negative_cash,-4.964225708993418,3.1911966527592037,10.0,2.0,0.5,0.6,0.0,-9.908803347240797,1,2,1,2,2106,1,107.92182908239539,62.0,19.602664874832072
2139,132,3,negative_cash,-1.178809239360059,0.0,0.0,2.0,0.25,0.6,0.0,-2.85,0,1,1,2,2133,0,-80.32880923936006,77.0,19.25
2159,133,3,negative_cash,-1.6883244794376315,0.0,0.0,3.0,0.25,0.6,0.0,-3.85,0,1,1,3,2140,0,-24.78832447943762,77.0,19.25
2165,136,5,negative_cash,-2.64076987073896,0.0,0.0,2.0,0.25,0.6,0.0,-2.85,0,1,1,2,2149,0,-28.29076987073895,57.0,14.25
2181,124,6,negative_cash,-18.817433057357235,134.1381488833215,79.07427559664627,1.0,2.5,1.7999999999999998,84.0,-34.23612671332478,8,10,3,1,2168,1,95.28475854938142,2025.8013014066096,518.4514639335739
2194,131,6,negative_cash,-65.49897105990456,46.207213111089736,49.916733602871744,1.0,1.75,1.7999999999999998,63.0,-71.25952049178201,5,7,3,1,2185,1,85.451350955529,1732.09329274709,446.6325487225627
2199,129,6,negative_cash,-19.17759408928272,159.9893828905311,88.8530324201713,2.0,1.75,1.7999999999999998,98.0,-32.41364952964021,9,7,3,2,2183,1,193.1537667137709,2305.393981736759,589.0958068608657
2214,128,6,negative_cash,-53.610179994570345,57.9441820893871,40.0,2.0,2.25,1.2,70.0,-57.505817910612905,4,9,2,2,2200,1,215.5747950005342,2122.181818181818,547.1551172736046
2219,146,1,negative_cash,-1.1037546417500614,2.9115967668310527,10.0,2.0,0.5,0.6,0.0,-10.188403233168946,1,2,1,2,2203,1,104.15991279191704,74.0,27.424735799501804
2242,142,1,negative_cash,-2.8758466567780268,2.9410068351828818,10.0,4.0,0.5,0.6,0.0,-12.158993164817117,1,2,1,4,2232,1,46.798249035782305,114.0,28.5
2257,143,1,negative_cash,-3.2892721398583884,5.646733123551133,10.0,3.0,0.5,0.6,0.0,-8.453266876448867,1,2,1,3,2239,1,81.81022440056938,82.0,30.58938162234613
2265,156,5,negative_cash,-10.982924199019152,23.933974895694025,10.0,1.0,0.5,0.6,28.787320483128724,-16.953345587434697,1,2,1,1,2246,1,205.3210724492794,459.66915267397604,126.90084727840255
2278,154,3,negative_cash,-0.8523264396252284,9.644131156237995,10.0,2.0,0.25,0.6,8.050033249675897,-11.255902093437902,1,1,1,2,2272,0,-25.39605581862036,177.75049843056564,49.546210149434096
2286,150,2,negative_cash,-0.516403944689503,0.0,0.0,1.0,0.25,0.6,0.0,-1.85,0,1,1,1,2285,0,-69.9164039446895,57.0,14.25
2290,139,6,negative_cash,-19.46741324581953,111.76213049723268,60.0,2.0,1.25,1.7999999999999998,70.0,-23.28786950276732,6,5,3,2,2276,1,98.67606376848778,1868.3529411764707,489.424694156981
2302,141,4,negative_cash,-1.25398017959307,0.0,0.0,2.0,0.5,0.6,0.0,-3.1,0,2,1,2,2286,0,-39.153980179593056,82.0,20.5
2304,163,5,negative_cash,-64.07336769998392,0.0,19.26367295884201,1.0,0.5,0.6,70.0,-91.36367295884202,2,2,1,1,2267,1,3393.7462047360127,0.0,0.0
2306,166,5,negative_cash,-42.8741136746263,0.0,19.016728887489705,1.0,0.5,0.6,70.0,-91.1167288874897,2,2,1,1,2270,1,3044.22361605136,0.0,0.0
2306,162,5,negative_cash,-87.42792768147233,0.0,21.124640116461517,1.0,0.5,0.6,70.0,-93.22464011646152,2,2,1,1,2266,1,3617.1382118339056,0.0,0.0
2306,165,5,negative_cash,-44.4203871438134,0.0,20.98376827705377,1.0,0.5,0.6,63.0,-86.08376827705376,2,2,1,1,2269,1,3226.7628073842325,0.0,0.0
2307,164,5,negative_cash,-12.798266859084833,0.0,20.0,1.0,0.5,0.6,63.0,-85.1,2,2,1,1,2268,1,3319.6836062353705,0.0,0.0
2310,145,1,negative_cash,-1.2839022578525032,0.0,0.0,4.0,0.25,0.6,0.0,-4.85,0,1,1,4,2300,0,-99.0339022578525,117.0,29.25
2319,167,5,negative_cash,-59.059744812969384,15.0,19.243619427705266,1.0,0.5,0.6,63.0,-69.34361942770526,2,2,1,1,2276,1,3016.586189975747,0.0,0.0
2321,148,2,negative_cash,-1.3487288410221128,0.0,0.0,2.0,0.25,0.6,0.0,-2.85,0,1,1,2,2314,0,-75.64872884102212,77.0,19.25
2324,152,3,negative_cash,-0.031739471707793676,0.0,0.0,3.0,0.25,0.6,0.0,-3.85,0,1,1,3,2311,0,-46.23173947170778,77.0,19.25
2336,153,3,negative_cash,-1.3977350956439798,0.0,0.0,3.0,0.25,0.6,0.0,-3.85,0,1,1,3,2331,0,-78.39773509564398,77.0,19.25
2339,149,2,negative_cash,-0.8086881496621503,0.0,0.0,2.0,0.25,0.6,0.0,-2.85,0,1,1,2,2325,0,-47.15868814966214,77.0,19.25
2342,125,6,negative_cash,-7.660525526288112,62.87203055265855,30.0,2.0,2.5,1.2,56.0,-28.82796944734145,3,10,2,2,2334,1,28.389427040930173,1498.6461706904229,389.03587448565133
2343,147,2,negative_cash,-1.6210702982883758,0.0,0.0,2.0,0.25,0.6,0.0,-2.85,0,1,1,2,2335,0,-50.071070298288376,57.0,14.25
2356,151,2,negative_cash,-0.3410526404457075,0.0,0.0,2.0,0.25,0.6,0.0,-2.85,0,1,1,2,2339,0,-38.14105264044569,77.0,19.25
2357,140,6,negative_cash,-42.11491064350312,114.05962287344222,80.0,2.0,2.0,2.4,90.74119001645602,-63.08156714301379,8,8,4,2,2343,1,32.153313201488686,2823.1372549019607,714.753819071184
2362,173,5,negative_cash,-39.42833745179547,0.0,18.85499995430299,1.0,0.5,0.6,70.0,-90.95499995430299,2,2,1,1,2328,1,3017.9966609488083,0.0,0.0
2362,155,3,negative_cash,-2.360619814448716,0.0,0.0,2.0,0.25,0.6,0.0,-2.85,0,1,1,2,2360,0,-92.91061981444872,77.0,19.25
2390,138,6,negative_cash,-31.81521106630305,227.13852330303746,120.0,3.0,2.5,3.5999999999999996,133.0,-34.961476696962535,12,10,6,3,2370,1,187.9757093926845,3582.064516129032,915.229651939666
2404,178,5,negative_cash,-25.912225096628077,7.5,10.0,1.0,0.5,0.6,46.959892723156386,-51.55989272315639,1,2,1,1,2369,1,3009.676155920793,0.0,0.0
2417,160,6,negative_cash,-3.2476275252398494,110.53524047994824,60.0,1.0,1.25,1.7999999999999998,63.0,-16.514759520051754,6,5,3,1,2397,1,65.07487458075525,1831.0645161290322,494.7544278736175
2437,144,1,negative_cash,-6.264086413441774,0.0,0.0,6.0,0.25,0.6,0.0,-6.85,0,1,1,6,2417,0,-40.51408641344182,137.0,34.25
2463,184,5,negative_cash,-19.225286161031306,0.0,19.200880874303493,1.0,0.5,0.6,53.49919270777701,-74.8000735820805,2,2,1,1,2417,1,3004.2212998013842,0.0,0.0
2463,171,1,negative_cash,-0.06523593576291731,1.5730226851180709,10.0,1.0,0.5,0.6,0.0,-10.526977314881929,1,2,1,1,2445,1,163.10588686714266,62.0,15.5
2478,169,1,negative_cash,-3.012407638971343,2.821033375014774,10.0,3.0,0.5,0.6,0.0,-11.278966624985225,1,2,1,3,2465,1,61.52926466466547,82.0,28.29522757131887
2483,159,6,negative_cash,-2.594802293334641,0.0,0.0,1.0,1.25,0.6,0.0,-2.85,0,5,1,1,2480,1,52.05778688625951,362.4545454545455,111.85087728581955
2498,175,2,negative_cash,-0.12048318380585599,2.4942912179264023,10.0,3.0,0.5,0.6,0.0,-11.605708782073597,1,2,1,3,2481,1,129.56239046997337,94.0,23.5
2504,174,2,negative_cash,-3.4878831773703904,6.3555529967519995,10.0,3.0,0.5,0.6,0.0,-7.744447003248,1,2,1,3,2493,1,53.349152153797604,82.0,20.5
2524,168,4,negative_cash,-0.8624876019457939,0.0,0.0,1.0,0.25,0.6,0.0,-1.85,0,1,1,1,2516,0,-32.3124876019458,37.0,9.25
2524,157,6,negative_cash,-13.474530914934093,196.84524005683346,93.0,3.0,2.75,3.0,119.0,-23.90475994316654,9,11,5,3,2507,1,249.7025419897226,3960.909790076635,1003.6262420135669
2528,172,1,negative_cash,-1.5812384838879883,0.0,0.0,1.0,0.25,0.6,0.0,-1.85,0,1,1,1,2514,0,-54.93123848388798,77.0,19.25
2531,176,2,negative_cash,-0.44080169937430913,0.0,0.0,2.0,0.5,0.6,0.0,-3.1,0,2,1,2,2515,1,119.87426779525379,82.0,22.97005506470692
2537,170,1,negative_cash,-2.269023346866564,0.0,0.0,2.0,0.25,0.6,0.0,-2.85,0,1,1,2,2531,0,-56.41902334686657,57.0,14.25
2552,179,3,negative_cash,-3.698726231579916,0.0,0.0,3.0,0.25,0.6,0.0,-3.85,0,1,1,3,2532,0,-22.94872623157991,77.0,19.25
2555,126,6,negative_cash,-11.958101190217263,266.3371179609094,140.0,2.0,4.5,3.5999999999999996,154.0,-37.76288203909061,14,18,6,2,2537,1,249.28654990084692,4072.5753424657532,1036.2379760140273
2564,177,3,negative_cash,-1.7356812736424234,0.0,0.0,1.0,0.25,0.6,0.0,-1.85,0,1,1,1,2544,0,-32.985681273642406,77.0,19.25
2589,161,6,negative_cash,-8.635963902619466,127.99903337584729,99.68593886386391,1.0,4.0,4.8,105.0,-86.48690548801662,10,16,8,1,2579,1,36.34077224551811,3917.7865738874475,990.3172956974004
2608,180,4,negative_cash,-0.26618833801273123,0.0,0.0,3.0,0.25,0.6,0.0,-3.85,0,1,1,3,2606,0,-88.81618833801274,77.0,19.25
2628,183,4,negative_cash,-3.6787820207439355,0.0,0.0,3.0,0.25,0.6,0.0,-3.85,0,1,1,3,2622,0,-76.82878202074394,77.0,19.25
2634,186,6,negative_cash,-32.86213759449619,134.66555723682046,100.0,1.0,1.75,3.5999999999999996,84.0,-55.68444276317954,10,7,6,1,2616,1,229.93937168480306,2802.0,731.2212650002507
2655,193,1,negative_cash,-2.3035975997966096,0.0,0.0,3.0,0.25,0.6,0.0,-3.85,0,1,1,3,2635,0,-21.553597599796603,77.0,19.25
2663,187,5,negative_cash,-0.7374292358477774,0.0,0.0,4.0,0.25,0.6,0.0,-4.85,0,1,1,4,2646,0,-39.53742923584778,97.0,24.25
2663,188,1,negative_cash,-1.143735700867616,0.0,0.0,4.0,0.25,0.6,0.0,-4.85,0,1,1,4,2646,0,-39.94373570086762,97.0,24.25
2668,194,1,negative_cash,-1.509224789956476,0.0,0.0,3.0,0.25,0.6,0.0,-3.85,0,1,1,3,2654,0,-43.859224789956464,77.0,19.25
2669,158,6,negative_cash,-62.27981870148504,133.55841468364545,89.56114408212288,2.0,3.25,3.0,119.0,-83.25272939847743,9,13,5,2,2649,1,119.28236400153435,3094.2228816424577,791.5070264455481
2677,189,1,negative_cash,-0.5667057174064825,0.0,0.0,2.0,0.25,0.6,0.0,-2.85,0,1,1,2,2662,0,-44.06670571740647,77.0,19.25
2681,192,1,negative_cash,-3.520088291597493,0.0,0.0,3.0,0.25,0.6,0.0,-3.85,0,1,1,3,2674,0,-72.8200882915975,77.0,19.25
2689,195,3,negative_cash,-2.837855294935952,0.0,0.0,2.0,0.25,0.6,0.0,-2.85,0,1,1,2,2682,0,-54.13785529493595,57.0,14.25
2698,191,1,negative_cash,-1.573303783947357,0.0,0.0,2.0,0.25,0.6,0.0,-2.85,0,1,1,2,2686,0,-53.62330378394735,77.0,19.25
2710,211,5,negative_cash,-13.16880433259675,0.0,21.57565266288231,1.0,0.5,0.6,65.89562037501142,-89.57127303789373,2,2,1,1,2664,1,4337.350557547835,0.0,0.0
2723,198,2,negative_cash,-0.4788103327805304,0.0,0.0,2.0,0.25,0.6,0.0,-2.85,0,1,1,2,2709,0,-56.82881033278052,77.0,19.25
2727,190,1,negative_cash,-1.3951828498653072,0.0,0.0,4.0,0.25,0.6,0.0,-4.85,0,1,1,4,2718,0,-103.9951828498653,117.0,29.25
2729,200,2,negative_cash,-1.9629083393837763,0.0,0.0,2.0,0.25,0.6,0.0,-2.85,0,1,1,2,2712,0,-49.76290833938376,77.0,19.25
2738,208,6,negative_cash,-19.152676720936675,81.92643737233323,60.0,1.0,1.0,0.6,56.0,-36.673562627666776,6,4,1,1,2726,1,228.42595451909267,1190.2222222222222,347.29292736588
2741,197,2,negative_cash,-1.0608915786653816,0.0,0.0,1.0,0.25,0.6,0.0,-1.85,0,1,1,1,2739,0,-43.61089157866538,37.0,9.25
2742,199,2,negative_cash,-0.236157656802658,0.0,0.0,2.0,0.25,0.6,0.0,-2.85,0,1,1,2,2734,0,-73.68615765680266,77.0,19.25
2750,202,6,negative_cash,-28.90363824986935,78.87606801015234,60.0,1.0,1.25,1.7999999999999998,63.0,-48.17393198984766,6,5,3,1,2731,1,174.49081360527373,1812.075895427196,481.4535344361956
2752,222,5,negative_cash,-15.943321893064436,0.0,21.743616831341832,1.0,0.5,0.6,59.05481060406427,-82.8984274354061,2,2,1,1,2711,1,3597.267178703044,0.0,0.0
2766,201,2,negative_cash,-1.481911431858355,0.0,0.0,1.0,0.25,0.6,0.0,-1.85,0,1,1,1,2749,0,-16.281911431858347,37.0,9.25
2779,196,2,negative_cash,-0.12665860406953033,0.0,0.0,2.0,0.25,0.6,0.0,-2.85,0,1,1,2,2761,0,-35.076658604069515,77.0,19.25
2796,232,5,negative_cash,-54.768384689517575,7.5,19.03208792571604,1.0,0.5,0.6,55.33559670602742,-68.96768463174345,2,2,1,1,2753,1,3234.76754253984,0.0,0.0
2803,185,6,negative_cash,-4.993075510461344,37.302284051097146,10.0,1.0,3.0,0.6,28.0,-5.297715948902855,1,12,1,1,2783,1,225.61137614507797,951.2916666666666,254.4636435235873
2818,218,3,negative_cash,-3.5314993254412315,0.0,10.742780857657126,3.0,0.5,0.6,8.418190346269308,-23.26097120392643,1,2,1,3,2798,1,80.208914162143,308.8556171531425,77.21390428828562
2823,217,3,negative_cash,-6.892423307451935,0.0,10.095947194333972,2.0,0.5,0.6,8.119831029333579,-21.31577822366755,1,2,1,2,2804,1,59.62401212417775,275.9189438866794,68.97973597166985
2838,214,3,negative_cash,-0.9435289089473633,0.0,0.0,3.0,0.25,0.6,0.0,-3.85,0,1,1,3,2831,0,-146.9045376583994,89.0,83.91100874945202
2843,210,4,negative_cash,-3.8086364060103914,0.0,0.0,3.0,0.5,0.6,0.0,-4.1,0,2,1,3,2825,0,-47.508636406010396,102.0,25.5
2851,215,3,negative_cash,-1.3093582201240443,0.0,0.0,1.0,0.25,0.6,0.0,-1.85,0,1,1,1,2838,0,-69.50935822012404,77.0,19.25
2851,239,5,negative_cash,-44.7922504958712,0.0,21.40317727119097,1.0,0.5,0.6,63.0,-86.50317727119096,2,2,1,1,2813,1,3013.0933037371983,0.0,0.0
2853,213,3,negative_cash,-0.9623088033251359,0.0,0.0,1.0,0.25,0.6,0.0,-1.85,0,1,1,1,2845,0,-57.41230880332514,57.0,14.25
2861,220,3,negative_cash,-1.1537017583303402,0.0,0.0,1.0,0.25,0.6,0.0,-1.85,0,1,1,1,2847,0,-46.50370175833034,57.0,14.25
2863,182,6,negative_cash,-118.82989840841334,172.5061015312102,140.0,2.0,4.75,4.8,146.85609909195878,-125.89999756074859,14,19,8,2,2843,1,122.03539681200277,4498.074407612326,1199.8049056977213
2883,219,3,negative_cash,-1.5826251878855606,0.0,0.0,3.0,0.25,0.6,0.0,-3.85,0,1,1,3,2871,0,-66.63262518788555,97.0,24.25
2884,212,3,negative_cash,-0.04389242335610444,0.0,0.0,2.0,0.25,0.6,0.0,-2.85,0,1,1,2,2872,0,-77.0938924233561,97.0,24.25
2885,137,6,negative_cash,-0.6680012731195575,52.2628928711935,30.0,1.0,3.25,1.7999999999999998,49.0,-32.7871071288065,3,13,3,1,2874,1,602.7504587450819,1823.6666666666667,467.95358115948284
2886,204,6,negative_cash,-14.407877752246947,174.94488920916857,100.0,3.0,2.5,3.5999999999999996,112.0,-46.15511079083143,10,10,6,3,2872,1,218.89787794223923,3755.5223044171603,945.782173388331
2896,240,5,negative_cash,-53.61995968479238,0.0,21.006334248873223,1.0,0.5,0.6,70.0,-93.10633424887322,2,2,1,1,2852,1,3849.165081514505,0.0,0.0
2897,216,3,negative_cash,-0.924668552842447,0.0,0.0,2.0,0.25,0.6,0.0,-2.85,0,1,1,2,2885,0,-69.97466855284245,97.0,24.25
2914,223,1,negative_cash,-2.8773596284121155,0.0,0.0,4.0,0.25,0.6,0.0,-4.85,0,1,1,4,2895,0,-31.97735962841213,97.0,24.25
2918,206,6,negative_cash,-8.789634929917987,44.157052606508685,20.0,2.0,2.25,1.2,42.0,-23.292947393491314,2,9,2,2,2900,1,163.03027855921937,1321.3529007529537,407.97540765995154
2923,228,1,negative_cash,-1.4330410809002911,0.0,0.0,2.0,0.25,0.6,0.0,-2.85,0,1,1,2,2907,0,-52.08304108090028,77.0,19.25
2927,221,4,negative_cash,-1.5696760644163703,0.0,0.0,3.0,0.75,0.6,0.0,-4.35,0,3,1,3,2916,0,-77.46967606441636,107.0,26.75
2935,251,5,negative_cash,-4.5895047115618866,0.0,19.003363497885694,1.0,0.5,0.6,59.47344656930133,-80.57681006718703,2,2,1,1,2897,1,3319.553432475344,0.0,0.0
2941,227,1,negative_cash,-0.7324224756281286,0.0,0.0,5.0,0.25,0.6,0.0,-5.85,0,1,1,5,2932,0,-94.33242247562812,117.0,29.25
2942,224,1,negative_cash,-3.877650717355385,0.0,0.0,4.0,0.25,0.6,0.0,-4.85,0,1,1,4,2937,0,-100.87765071735538,97.0,24.25
2948,229,1,negative_cash,-1.5692693037333596,0.0,0.0,2.0,0.25,0.6,0.0,-2.85,0,1,1,2,2931,0,-54.36926930373335,97.0,24.25
2954,226,1,negative_cash,-1.1080499287617105,0.0,0.0,5.0,0.25,0.6,0.0,-5.85,0,1,1,5,2944,0,-88.8580499287617,117.0,29.25
2955,203,6,negative_cash,-22.833426633809836,210.74442049101526,90.0,4.0,3.25,4.2,140.0,-30.70557950898474,9,13,7,4,2942,1,84.56319795618833,4754.898129381274,1251.9138361152839
2956,230,1,negative_cash,-1.922493799190764,0.0,0.0,2.0,0.25,0.6,0.0,-2.85,0,1,1,2,2950,0,-56.07249379919077,57.0,14.25
2956,233,2,negative_cash,-7.805400949468581,2.398016676863105,10.0,4.0,0.5,0.6,0.0,-12.701983323136895,1,2,1,4,2943,1,77.78071578857316,102.0,25.5
2959,225,1,negative_cash,-0.3930437988826716,0.0,0.0,2.0,0.25,0.6,0.0,-2.85,0,1,1,2,2948,0,-55.293043798882664,77.0,19.25
2971,236,2,negative_cash,-1.9348189227914037,0.0,0.0,2.0,0.25,0.6,0.0,-2.85,0,1,1,2,2958,0,-19.268348385733916,77.0,19.25
2971,231,1,negative_cash,-1.3405113857437625,0.0,0.0,2.0,0.25,0.6,0.0,-2.85,0,1,1,2,2955,0,-26.99051138574375,57.0,14.25
2975,238,2,negative_cash,-2.401549527983501,0.0,0.0,2.0,0.25,0.6,0.0,-2.85,0,1,1,2,2966,0,-73.0015495279835,77.0,19.25
2981,257,5,negative_cash,-7.823517932661815,0.0,20.0,1.0,0.5,0.6,55.06601501983749,-77.16601501983749,2,2,1,1,2936,1,3337.3549733048676,0.0,0.0
3005,237,2,negative_cash,-1.995055363938433,0.0,0.0,3.0,0.25,0.6,0.0,-3.85,0,1,1,3,2997,0,-67.44505536393842,77.0,19.25
3008,209,6,negative_cash,-9.468101715211873,133.52806744690938,79.610677856985,2.0,3.5,3.0,112.0,-66.58261041007563,8,14,5,2,2997,1,58.845832323931404,3140.3385571397002,807.3333859348428
3011,235,2,negative_cash,-0.5549985041560344,0.0,0.0,0.0,0.25,0.6,0.0,-0.85,0,1,1,0,2989,0,-18.10499850415603,37.0,9.25
3018,234,2,negative_cash,-1.4491625425608952,0.0,0.0,4.0,0.5,0.6,0.0,-5.1,0,2,1,4,3016,1,50.97977206713159,102.0,25.5
3023,264,5,negative_cash,-15.34340635106247,0.0,20.83322395684644,1.0,0.5,0.6,52.885930871077434,-75.81915482792388,2,2,1,1,2982,1,3204.8879315336158,0.0,0.0
3069,270,5,negative_cash,-65.60610494177935,0.0,20.45264284531696,1.0,0.5,0.6,56.42144574272628,-78.97408858804323,2,2,1,1,3024,1,3334.2407123691096,0.0,0.0
3080,242,6,negative_cash,-2.6441126667248085,120.61423690990638,59.519981513374994,2.0,1.25,1.7999999999999998,70.0,-13.95574460346861,6,5,3,2,3066,1,8.278493338935277,1848.8541757220453,481.71051949214484
3081,254,3,negative_cash,-2.2589961593799717,0.0,0.0,2.0,0.25,0.6,0.0,-2.85,0,1,1,2,3062,0,-19.358996159379956,57.0,14.25
3088,253,3,negative_cash,-1.3783232216131935,0.0,0.0,4.0,0.25,0.6,0.0,-4.85,0,1,1,4,3080,0,-83.82832322161319,97.0,24.25
3092,255,3,negative_cash,-0.3314729727677026,0.0,9.709234277609932,3.0,1.0,0.6,5.4191400234338545,-19.728374301043786,1,4,1,3,3079,1,109.67734656103879,397.4184456729193,99.35461141822982
3103,250,6,negative_cash,-16.024117500553423,80.42926164608032,50.0,1.0,1.5,1.2,56.0,-29.27073835391968,5,6,2,1,3091,1,15.170079613708424,1479.9259259259259,402.52572738527823
3109,243,6,negative_cash,-3.0391113998867496,100.88073904031224,50.0,2.0,1.75,1.7999999999999998,70.0,-24.66926095968776,5,7,3,2,3098,1,138.38314846187006,2327.5,614.716546434949
3113,258,1,negative_cash,-0.30004865337627873,0.0,0.0,3.0,0.25,0.6,0.0,-3.85,0,1,1,3,3097,0,-34.950048653376264,77.0,19.25
3113,252,3,negative_cash,-1.4258768561267958,0.0,0.0,2.0,0.25,0.6,0.0,-2.85,0,1,1,2,3100,0,-50.62587685612679,77.0,19.25
3119,259,1,negative_cash,-0.32266694986248434,0.0,0.0,0.0,0.25,0.6,0.0,-0.85,0,1,1,0,3109,0,-38.07266694986249,37.0,9.25
3124,274,5,negative_cash,-0.09730901708617523,0.0,19.426782204037025,1.0,0.5,0.6,50.84010569019113,-72.36688789422816,2,2,1,1,3070,1,4036.0630314972855,0.0,0.0
3132,261,1,negative_cash,-5.44611655849674,4.586875739369747,10.0,5.0,0.5,0.6,0.0,-11.513124260630253,1,2,1,5,3120,1,71.94886965978458,122.0,30.5
3134,256,4,negative_cash,-5.753587413740412,0.0,10.0,3.0,0.5,0.6,2.993565964315586,-17.093565964315587,1,2,1,3,3126,1,170.66839051311348,145.06413295439472,45.40270409797825
3141,249,6,negative_cash,-13.84936279751041,21.637661266872435,9.393131208326778,1.0,2.25,0.6,28.0,-19.605469941454345,1,9,1,1,3125,1,213.83016912737662,1187.258198772756,316.9163192739718
3148,245,6,negative_cash,-9.547867430645852,121.68686948170465,70.0,3.0,2.25,4.2,98.0,-55.763130518295355,7,9,7,3,3131,1,715.837611857976,3260.4285714285716,850.7787027290718
3151,262,1,negative_cash,-1.8341396720485679,0.0,0.0,2.0,0.25,0.6,0.0,-2.85,0,1,1,2,3143,0,-50.28413967204857,57.0,14.25
3161,260,1,negative_cash,-4.457446622942877,7.465618065380447,10.0,5.0,0.5,0.6,0.0,-8.634381934619553,1,2,1,5,3144,1,138.57321419168136,122.0,30.5
3176,282,5,negative_cash,-74.46792656668786,0.0,19.59726528033764,1.0,0.5,1.2,54.81473672801177,-77.1120020083494,2,2,2,1,3166,1,10.937523316837996,445.9453056067528,243.22730055137475
3182,263,1,shell_expiry,13.72905152515158,0.0,0.0,0.0,0.0,0.0,0.0,0.0,0,0,0,0,3152,0,-13.170948474848409,37.0,9.25
3206,244,6,negative_cash,-61.587691060982394,188.6433923812831,130.0,2.0,3.0,3.5999999999999996,126.0,-75.9566076187169,13,12,6,2,3186,1,136.92612830207304,3566.0689655172414,909.9994622593374
3219,273,2,negative_cash,-2.5771271339700355,0.0,0.0,2.0,0.5,0.6,0.0,-3.1,0,2,1,2,3205,1,59.229790844167866,62.0,17.72770467098528
3221,271,2,negative_cash,-1.78828187210567,0.0,0.0,3.0,0.25,0.6,0.0,-3.85,0,1,1,3,3206,0,-90.38420238095733,97.0,59.345920508851684
3227,265,2,negative_cash,-0.6528998289827586,0.0,0.0,2.0,0.25,0.6,0.0,-2.85,0,1,1,2,3225,0,-66.20289982898277,57.0,14.25
3232,272,2,negative_cash,-1.457649928295552,0.0,0.0,1.0,0.25,0.6,0.0,-1.85,0,1,1,1,3213,0,-40.55764992829554,77.0,19.25
3232,241,6,negative_cash,-44.528055985276765,211.71035025612707,140.0,2.0,2.75,4.2,118.87263075080149,-56.11228049467442,14,11,7,2,3218,1,30.122544281823707,3623.097155400061,928.5903931433667
3233,268,2,negative_cash,-0.23314750214731106,0.0,0.0,4.0,0.25,0.6,0.0,-4.85,0,1,1,4,3223,0,-31.460642567741438,97.0,33.72698168290842
3233,286,5,negative_cash,-30.603327000397172,0.0,21.054580887791133,1.0,0.5,1.2,70.0,-93.75458088779114,2,2,2,1,3225,1,30.071789595698164,475.09161775582265,214.269912750411
3235,269,2,negative_cash,-0.932313137473086,0.0,0.0,5.0,0.25,0.6,0.0,-5.85,0,1,1,5,3233,0,-129.15856327108273,137.0,47.048522642015435
3236,267,2,negative_cash,-3.924644503899694,0.0,0.0,5.0,0.25,0.6,0.0,-5.85,0,1,1,5,3233,0,-65.48741337494263,137.0,40.031783176286375
3252,276,3,negative_cash,-1.9608697210741957,0.0,0.0,3.0,0.25,0.6,0.0,-3.85,0,1,1,3,3245,0,-96.26086972107419,97.0,24.25
3252,205,6,negative_cash,-15.217622006749508,133.2447330974808,99.53125942935247,3.0,3.5,4.8,133.0,-110.58652633187167,10,14,8,3,3240,1,104.53526718437274,4286.443370405232,1147.625118164436
3255,266,2,negative_cash,-0.7923355677861794,0.0,0.0,2.0,0.25,0.6,0.0,-2.85,0,1,1,2,3251,0,-60.642335567786176,57.0,14.25
3261,275,3,negative_cash,-2.834600586305544,0.0,0.0,2.0,0.25,0.6,0.0,-2.85,0,1,1,2,3252,0,-73.43460058630555,77.0,19.25
3269,280,3,negative_cash,-3.3788643889726373,0.0,0.0,4.0,0.25,0.6,0.0,-4.85,0,1,1,4,3254,0,-51.87886438897263,97.0,24.25
3271,277,3,negative_cash,-1.7282577001952637,0.0,0.0,3.0,0.25,0.6,0.0,-3.85,0,1,1,3,3252,0,-24.828257700195252,77.0,19.25
3286,278,3,negative_cash,-0.016821710447174176,0.0,0.0,2.0,0.25,0.6,0.0,-2.85,0,1,1,2,3277,0,-63.61682171044717,77.0,19.25
3286,299,5,negative_cash,-60.003909772964406,0.0,19.70829729323055,1.0,0.5,0.6,63.0,-84.80829729323055,2,2,1,1,3234,1,3838.627549475026,0.0,0.0
3295,246,6,negative_cash,-7.916086203231856,221.01734033936097,120.0,3.0,3.75,6.0,140.0,-51.73265966063903,12,15,10,3,3282,1,117.26808749620704,5551.074247930566,1439.0471893639906
3317,279,3,negative_cash,-1.1070359657584303,0.0,0.0,2.0,0.25,0.6,0.0,-2.85,0,1,1,2,3311,0,-55.25703596575843,57.0,14.25
3330,248,6,negative_cash,-86.86065491209217,129.89240813661627,130.76836851095086,4.0,4.0,7.8,168.0,-184.6759603743346,13,16,13,4,3317,1,180.67184159777685,5163.920607071257,1472.1116593869772
3335,305,5,negative_cash,-47.8207728785338,0.0,20.11783652906552,1.0,0.5,0.6,65.69524089847079,-87.91307742753631,2,2,1,1,3287,1,4478.39244211782,0.0,0.0
3349,284,4,negative_cash,-10.297824606455777,0.0,10.535552106115835,4.0,0.75,0.6,2.908685859759029,-18.794237965874864,1,3,1,4,3334,1,61.01904038687266,375.5559986677496,93.8889996669374
3357,292,1,negative_cash,-5.069109353211825,1.6175296614284211,10.0,4.0,0.5,0.6,0.0,-13.482470338571579,1,2,1,4,3341,1,89.51387224452009,114.0,39.14986555612963
3372,320,5,negative_cash,-22.930559482833644,0.0,18.947998100698456,1.0,0.5,0.6,61.80405932834333,-82.85205742904179,2,2,1,1,3336,1,3148.4358691762186,0.0,0.0
3375,294,1,negative_cash,-6.66901153285321,4.996951964481685,10.0,4.0,0.5,0.6,0.0,-10.103048035518315,1,2,1,4,3367,1,46.59441204092701,102.0,25.5
3382,293,1,negative_cash,-1.6035417465562416,0.0,0.0,2.0,0.25,0.6,0.0,-2.85,0,1,1,2,3376,0,-80.75354174655624,77.0,19.25
3386,285,4,negative_cash,-3.552363343487693,0.0,0.0,6.0,0.75,0.6,0.0,-7.35,0,3,1,6,3376,0,-113.80236334348768,147.0,36.75
3388,289,1,negative_cash,-2.817979383038972,0.0,0.0,2.0,0.5,0.6,0.0,-3.1,0,2,1,2,3381,1,26.96333122980979,102.0,31.311028660630207
3388,207,6,negative_cash,-39.82558187469503,80.24347580797188,69.99457563593228,1.0,4.5,3.5999999999999996,91.0,-89.8510998279604,7,18,6,1,3369,1,109.91325514231153,3050.2248460519786,783.9765281235198
3390,290,1,negative_cash,-3.8317482585573535,0.0,0.0,3.0,0.25,0.6,0.0,-3.85,0,1,1,3,3378,0,-86.88174825855734,117.0,29.25
3393,295,1,negative_cash,-0.5641512923505987,0.0,0.0,2.0,0.25,0.6,0.0,-2.85,0,1,1,2,3391,0,-66.1141512923506,57.0,14.25
3403,288,1,negative_cash,-1.1510339589956629,0.0,0.0,1.0,0.25,0.6,0.0,-1.85,0,1,1,1,3389,1,2.616751776064735,77.0,27.211557636543244
3412,291,1,negative_cash,-2.27485554768242,0.0,0.0,3.0,0.25,0.6,0.0,-3.85,0,1,1,3,3404,0,-67.72485554768241,77.0,19.25
3422,287,1,negative_cash,-2.047963847655865,0.0,0.0,4.0,0.25,0.6,0.0,-4.85,0,1,1,4,3404,0,-50.99796384765588,117.0,29.25
3423,321,5,negative_cash,-5.6471017858972985,0.0,9.805306284645456,1.0,0.5,0.6,38.40647591733969,-50.311782201985146,1,2,1,1,3417,1,5.911454373892759,238.1061256929091,59.526531423227276
3442,298,6,negative_cash,-16.683359021454834,98.44051597754404,70.0,1.0,2.0,1.7999999999999998,77.0,-53.35948402245596,7,8,3,1,3429,1,88.08475392886157,2030.8504730854413,565.3130837014148
3446,281,6,negative_cash,-74.51657545424041,152.92336805927414,110.0,2.0,3.25,2.4,126.0,-90.72663194072587,11,13,4,2,3432,1,30.742221190260352,2983.9375,856.8273292161839
3446,283,4,negative_cash,-1.0494088171089846,0.0,0.0,5.0,0.5,0.6,0.0,-6.1,0,2,1,5,3428,0,-58.749408817109014,142.0,35.5
3453,315,3,negative_cash,-2.3588333940345896,0.0,0.0,3.0,0.25,0.6,0.0,-3.85,0,1,1,3,3447,0,-75.50883339403458,77.0,19.25
3460,317,3,negative_cash,-0.19421586999523033,0.0,0.0,2.0,0.25,0.6,0.0,-2.85,0,1,1,2,3455,0,-57.19421586999523,57.0,14.25
3485,323,5,negative_cash,-25.087183524522985,0.0,20.99342499237703,1.0,0.5,1.2,57.927806559772385,-81.62123155214941,2,2,2,1,3477,1,27.436579878580275,473.8684998475406,118.46712496188515
3492,312,3,negative_cash,-0.678471711462068,16.226353165786566,10.0,4.0,0.5,0.6,6.666889512751365,-5.5405363469647995,1,2,1,4,3484,1,27.28446424235024,242.8224666634382,60.70561666585955
3492,318,3,negative_cash,-0.7019277314528131,0.0,0.0,0.0,0.25,0.6,0.0,-0.85,0,1,1,0,3478,0,-35.051927731452814,37.0,9.25
3494,302,2,negative_cash,-1.285470057173164,0.0,0.0,4.0,0.25,0.6,0.0,-4.85,0,1,1,4,3490,0,-126.13547005717317,117.0,29.25
3502,313,3,negative_cash,-2.5600080392096407,0.0,0.0,3.0,0.25,0.6,0.0,-3.85,0,1,1,3,3501,0,-94.96000803920964,77.0,19.25
3503,297,6,negative_cash,-2.8816807517961323,0.0,0.0,2.0,1.5,0.6,0.0,-4.1,0,6,1,2,3499,1,117.6841444288923,1136.9230769230771,322.79037134653845
3512,307,6,negative_cash,-16.108731506974564,108.39045896788501,60.0,2.0,1.25,1.7999999999999998,70.0,-26.659541032114987,6,5,3,2,3492,1,65.80410707825285,1920.7301500040069,506.8153367742359
3513,247,6,negative_cash,-2.661681567186463,199.64681497422134,100.0,2.0,5.25,3.0,140.0,-50.60318502577866,10,21,5,2,3495,1,46.98198151718634,3517.21875,894.5147786400471
3514,319,3,negative_cash,-0.3338241050117903,0.0,0.0,2.0,0.25,0.6,0.0,-2.85,0,1,1,2,3500,0,-46.68382410501178,77.0,19.25
3529,301,6,negative_cash,-33.08578647719037,46.62330747302619,40.0,2.0,1.5,1.2,63.0,-61.076692526973815,4,6,2,2,3514,1,6.468309025993847,1562.148148148148,401.9943433302565
3542,316,3,shell_expiry,12.25976470921195,0.0,0.0,0.0,0.0,0.0,0.0,0.0,0,0,0,0,3459,1,16.759764709211964,42.0,10.5
3544,303,2,negative_cash,-4.202695811953731,6.906288029365742,10.0,4.0,0.5,0.6,0.0,-8.193711970634258,1,2,1,4,3531,1,69.86418779252972,162.0,40.5
3544,332,5,negative_cash,-29.765839824210346,0.0,20.609758154114097,1.0,0.5,0.6,57.05237572628427,-79.76213388039837,2,2,1,1,3486,1,4851.200456453215,0.0,0.0
3546,304,6,negative_cash,-8.56890808351082,158.83128760619493,90.66318949932509,1.0,2.25,3.0,91.0,-29.08190189313015,9,9,5,1,3526,1,237.6857857724017,3055.626289986502,820.89979244898
3553,314,3,negative_cash,-0.3507157877370206,0.0,0.0,2.0,0.25,0.6,0.0,-2.85,0,1,1,2,3539,0,-46.70071578773701,77.0,19.25
3571,308,6,negative_cash,-34.49195201161495,204.85785751605331,129.4611834813907,3.0,1.75,3.5999999999999996,125.90791042128406,-58.86123638662143,13,7,6,3,3556,1,122.47944395455045,3631.716823453855,929.344511572869
3594,309,6,negative_cash,-45.401471545194696,50.089989400775465,50.0,2.0,1.75,1.2,70.0,-74.86001059922454,5,7,2,2,3576,1,211.27445530455657,1555.774193548387,414.4947071526881
3615,344,5,negative_cash,-26.79243611584458,0.0,19.18626172704878,1.0,0.5,1.2,47.52419486059239,-69.41045658764116,2,2,2,1,3599,1,533.5382278429109,437.7252345409756,109.4313086352439
3618,327,1,negative_cash,-4.092196212825739,0.0,0.0,4.0,0.25,0.6,0.0,-4.85,0,1,1,4,3613,0,-97.7132034989843,117.0,36.61908889038395
3643,330,1,negative_cash,-2.773759431686848,0.0,0.0,4.0,0.25,0.6,0.0,-4.85,0,1,1,4,3641,0,-114.32375943168685,97.0,24.25
3649,326,1,negative_cash,-1.7608917012158187,0.0,0.0,4.0,0.25,0.6,0.0,-4.85,0,1,1,4,3638,0,-84.6608917012158,117.0,29.25
3649,322,1,negative_cash,-10.389080984671054,1.410516687507387,10.0,5.0,0.25,0.6,0.0,-14.439483312492612,1,1,1,5,3642,0,-27.352364116966243,117.0,29.25
3652,324,1,negative_cash,-3.2032102162218834,0.0,0.0,4.0,0.25,0.6,0.0,-4.85,0,1,1,4,3640,0,-81.25321021622187,117.0,29.25
3652,181,6,negative_cash,-18.305724157044367,113.24065657821981,50.0,1.0,7.25,1.7999999999999998,98.0,-44.809343421780184,5,29,3,1,3635,1,187.08662155004936,2356.628704313865,620.4709972162921
3665,328,1,negative_cash,-0.6399123909399878,0.0,0.0,2.0,0.25,0.6,0.0,-2.85,0,1,1,2,3663,0,-66.18991239093998,57.0,14.25
3669,329,1,negative_cash,-0.06682512739223512,0.0,0.0,4.0,0.25,0.6,0.0,-4.85,0,1,1,4,3662,0,-87.36682512739223,97.0,24.25
3670,296,6,negative_cash,-16.016780927162166,43.57962454912072,20.0,2.0,2.0,0.6,42.0,-23.02037545087928,2,8,1,2,3656,1,75.83973082285524,807.7894736842105,219.46121867824047
3673,331,4,negative_cash,-1.3034272800770665,0.0,0.0,4.0,0.75,0.6,0.0,-5.35,0,3,1,4,3665,0,-117.25342728007706,127.0,31.75
3677,352,5,negative_cash,-11.738721547100653,0.0,10.096108904016358,1.0,0.5,0.6,36.69842916283806,-48.894538066854416,1,2,1,1,3669,1,80.836671456477,243.92217808032714,60.980544520081786
3678,325,1,negative_cash,-2.851145294255307,2.7081920400141826,10.0,5.0,0.5,0.6,0.0,-13.391807959985817,1,2,1,5,3662,1,100.98149527135178,142.0,35.5
3703,300,6,negative_cash,-31.93375996036997,336.29058212762266,199.4845837488153,4.0,4.0,5.3999999999999995,209.83651221414326,-86.43051383533592,20,16,9,4,3692,1,169.15184349822607,5727.02500830964,1463.2684159302119
3713,311,3,negative_cash,-0.36252601126083484,0.0,0.0,6.0,0.25,0.6,0.0,-6.85,0,1,1,6,3703,0,-103.11252601126083,137.0,34.25
3727,339,6,negative_cash,-5.343522762877342,119.373848241862,61.0,2.0,1.25,1.7999999999999998,70.0,-16.67615175813799,6,5,3,2,3716,1,77.79507170850559,1886.8823529411766,484.83577875127673
3728,346,2,negative_cash,-10.238494725983259,2.121611682621156,10.0,5.0,0.5,0.6,0.0,-13.978388317378844,1,2,1,5,3712,1,103.30486864296691,122.0,30.5
3749,333,3,negative_cash,-18.16631616582492,0.0,10.0,5.0,0.75,0.6,4.645291631563443,-20.995291631563443,1,3,1,5,3736,1,223.21786925611732,262.98421941588765,65.74605485397191
3752,340,6,negative_cash,-18.859221144042635,160.43210726127933,79.82686986986347,2.0,2.0,2.4,98.0,-23.79476260858415,8,8,4,2,3734,1,200.46611214336338,2741.4262862861583,732.5892073223375
3756,334,3,negative_cash,-5.738315234792587,0.0,0.0,5.0,0.25,0.6,0.0,-5.85,0,1,1,5,3740,0,-73.3883152347926,137.0,34.25
3758,354,5,negative_cash,-34.273130121733075,6.635519999999999,10.0,1.0,0.5,0.6,32.595674914483276,-38.06015491448328,1,2,1,1,3750,1,231.20559424226576,207.1036113958967,51.77590284897418
3765,345,2,negative_cash,-3.6524453534945156,0.0,0.0,5.0,0.25,0.6,0.0,-5.85,0,1,1,5,3764,0,-79.6896495461774,137.0,40.0675102918252
3766,348,2,negative_cash,-0.7090411635330631,0.0,0.0,1.0,0.25,0.6,0.0,-1.85,0,1,1,1,3764,0,-43.25904116353306,37.0,9.25
3766,350,2,negative_cash,-2.8242363932159598,0.0,0.0,2.0,0.25,0.6,0.0,-2.85,0,1,1,2,3753,0,-52.02423639321595,77.0,19.25
3775,347,2,negative_cash,-1.373550686762849,0.0,0.0,5.0,0.25,0.6,0.0,-5.85,0,1,1,5,3771,0,-124.22355068676285,117.0,29.25
3782,349,2,negative_cash,-1.6560620117907163,0.0,0.0,4.0,0.25,0.6,0.0,-4.85,0,1,1,4,3775,0,-88.95606201179072,97.0,24.25
3784,310,6,negative_cash,-40.38265177359679,171.2988682592168,100.0,4.0,3.5,3.5999999999999996,154.0,-93.8011317407832,10,14,6,4,3768,1,226.85865403986463,4597.176470588235,1167.0585247877234
3810,377,5,negative_cash,-16.501841708757667,0.0,20.268307428260762,1.0,0.5,0.6,58.94215128301538,-81.31045871127614,2,2,1,1,3764,1,3901.048528277875,0.0,0.0
3811,378,5,negative_cash,-27.56610489565253,7.5,20.93877527363073,1.0,0.5,0.6,53.93316727163207,-69.4719425452628,2,2,1,1,3765,1,3786.3897394159917,0.0,0.0
3812,376,5,negative_cash,-8.55178048405243,0.0,20.428807235895516,1.0,0.5,0.6,56.52781563762123,-79.05662287351674,2,2,1,1,3763,1,4084.895873106892,0.0,0.0
3815,374,5,negative_cash,-15.483541925547627,0.0,19.4249118342409,1.0,0.5,1.2,61.25290015289175,-83.37781198713265,2,2,2,1,3801,1,592.1574808640636,442.4982366848179,110.62455917120448
3816,372,5,negative_cash,-45.82743211654564,0.0,19.349081882482928,1.0,0.5,1.2,62.41641434579149,-84.46549622827442,2,2,2,1,3809,1,5.693014472965103,440.9816376496585,110.24540941241463
3818,380,5,negative_cash,-51.4289342818206,0.0,19.17696394376287,1.0,0.5,0.6,54.79687313778288,-76.07383708154575,2,2,1,1,3767,1,3509.0596063271496,0.0,0.0
3821,379,5,negative_cash,-5.228967235471188,0.0,9.747380594694153,1.0,0.5,0.6,36.74012379132796,-48.58750438602211,1,2,1,1,3814,1,41.67315139407708,236.94761189388305,59.23690297347076
3848,342,6,negative_cash,-2.5452824841777977,0.0,0.0,1.0,2.25,0.6,0.0,-3.85,0,9,1,1,3844,1,199.31791607015717,588.304347826087,170.73665992822518
3869,335,6,negative_cash,-42.3774467490569,173.18728986695953,130.0,3.0,3.0,4.2,140.0,-107.01271013304047,13,12,7,3,3854,1,36.786044310300554,3965.391304347826,1019.0663209458284
3879,373,5,shell_expiry,38.49070800686109,0.0,0.0,0.0,0.0,0.0,0.0,0.0,0,0,0,0,3847,1,12.29070800686111,42.0,10.5
3883,363,1,negative_cash,-2.494308839799756,0.0,0.0,3.0,0.25,0.6,0.0,-3.85,0,1,1,3,3881,0,-79.41668664372101,97.0,24.25
3895,358,1,negative_cash,-7.949394101545085,1.996012271009983,10.0,6.0,0.5,0.6,0.0,-15.103987728990017,1,2,1,6,3876,1,126.44661816946484,154.0,38.5
3901,362,1,negative_cash,-4.205967029291742,3.535157138282931,10.0,4.0,0.25,0.6,0.0,-11.314842861717068,1,1,1,4,3895,0,-7.748316577316597,97.0,31.413924774997167
3904,375,5,negative_cash,-0.6577597616764783,0.0,0.0,1.0,0.25,0.6,0.0,-1.85,0,1,1,1,3898,0,-35.80775976167648,37.0,9.25
3905,351,2,negative_cash,-2.3401962072525606,0.0,0.0,4.0,0.25,0.6,0.0,-4.85,0,1,1,4,3900,0,-147.34019620725257,137.0,34.25
3910,357,1,negative_cash,-1.132789521634793,0.0,0.0,5.0,0.25,0.6,0.0,-5.85,0,1,1,5,3905,0,-143.13278952163478,137.0,34.25
3921,356,1,negative_cash,-5.009941286327731,0.0,0.0,5.0,0.25,0.6,0.0,-5.85,0,1,1,5,3907,0,-84.35994128632774,137.0,34.25
3924,366,4,negative_cash,-5.217550698320927,0.0,0.0,5.0,0.25,0.6,0.0,-5.85,0,1,1,5,3914,0,-92.96755069832092,117.0,29.25
3928,336,6,negative_cash,-50.08562568719606,281.6651753880308,159.61227900786503,3.0,4.0,5.3999999999999995,182.0,-72.34710361983426,16,16,9,3,3909,1,30.82875019505059,5313.5489509438175,1354.1924772301365
3931,353,4,negative_cash,-2.3419980605449755,0.0,0.0,5.0,0.25,0.6,0.0,-5.85,0,1,1,5,3930,0,-167.74199806054497,137.0,34.25
3936,381,3,negative_cash,-3.6412538585641876,12.96551983183201,10.0,2.0,0.75,0.6,4.271187698733041,-4.65566786690103,1,3,1,2,3916,1,219.22829340407807,123.7737732916458,38.739169286025714
3941,388,3,negative_cash,-1.5989096533553342,0.0,0.0,3.0,0.25,0.6,0.0,-3.85,0,1,1,3,3924,0,-51.430672577477715,77.0,38.2817629241224
3941,382,3,negative_cash,-0.7293260986184054,0.0,0.0,2.0,0.25,0.6,0.0,-2.85,0,1,1,2,3936,0,-82.7293260986184,77.0,19.25
3944,343,2,negative_cash,-1.8706861642561705,0.0,10.0,6.0,1.5,0.6,0.0,-18.1,1,6,1,6,3925,1,188.64819125382834,174.79849866481038,49.53803039818083
3949,365,4,negative_cash,-4.997386566769009,0.0,0.0,4.0,0.5,0.6,0.0,-5.1,0,2,1,4,3938,0,-108.397386566769,142.0,35.5
3949,371,3,negative_cash,-1.0902917708109259,0.0,0.0,2.0,0.5,0.6,0.0,-3.1,0,2,1,2,3935,0,-82.19029177081092,102.0,25.5
3958,364,4,negative_cash,-3.0632797881560876,0.0,0.0,5.0,0.75,0.6,0.0,-6.35,0,3,1,5,3943,0,-81.56327978815611,147.0,36.75
3962,383,3,negative_cash,-2.595078864500386,0.0,0.0,3.0,0.25,0.6,0.0,-3.85,0,1,1,3,3945,0,-33.39507886450037,77.0,19.25
3962,361,1,negative_cash,-3.8946241567541193,0.0,0.0,5.0,0.25,0.6,0.0,-5.85,0,1,1,5,3957,0,-145.8946241567541,137.0,34.25
3967,384,3,negative_cash,-0.344117896528501,0.0,0.0,3.0,0.25,0.6,0.0,-3.85,0,1,1,3,3953,0,-42.69411789652849,77.0,19.25
3971,360,1,negative_cash,-4.133348638209142,0.0,0.0,5.0,0.25,0.6,0.0,-5.85,0,1,1,5,3969,0,-163.68334863820914,137.0,34.25
3974,370,3,negative_cash,-2.4076884931189113,0.0,0.0,4.0,0.5,0.6,0.0,-5.1,0,2,1,4,3968,0,-99.30768849311892,102.0,25.5
3978,385,3,negative_cash,-0.796384635409507,0.0,0.0,2.0,0.25,0.6,0.0,-2.85,0,1,1,2,3963,0,-54.296384635409495,77.0,19.25
3994,389,3,negative_cash,-1.2659834600228903,0.0,0.0,2.0,0.25,0.6,0.0,-2.85,0,1,1,2,3992,0,-66.81598346002289,57.0,14.25
4005,359,1,negative_cash,-1.2810770443449346,0.0,0.0,5.0,0.25,0.6,0.0,-5.85,0,1,1,5,3994,0,-98.18107704434493,137.0,34.25
4011,369,6,negative_cash,-10.17683600363554,64.50228076845846,29.766848421108236,2.0,1.75,1.2,56.0,-26.214567652649773,3,7,2,2,3993,1,137.40932835227215,1436.4110424962387,385.89209411618674
4034,341,6,negative_cash,-17.268807441656328,56.30497331139614,40.0,2.0,3.25,0.6,76.9671501185922,-66.51217680719606,4,13,1,2,4015,1,212.797751202813,1334.967741935484,367.71508092715504
4052,420,5,negative_cash,-65.5096341018938,0.0,21.96148096908199,1.0,0.5,0.6,56.09758391495363,-80.15906488403562,2,2,1,1,4008,1,3515.7162566608713,0.0,0.0
4059,419,5,negative_cash,-69.10242039365583,0.0,20.133452246835862,1.0,0.5,0.6,47.958184208703614,-70.19163645553948,2,2,1,1,4007,1,3615.058731930827,0.0,0.0
4060,418,5,negative_cash,-63.71336574585723,0.0,19.387504264814975,1.0,0.5,1.2,48.320338915057356,-70.40784317987233,2,2,2,1,4050,1,90.4583923421122,441.7500852962995,110.43752132407488
4070,368,6,negative_cash,-13.916643741287118,243.8968105835181,119.78061780067452,3.0,3.25,4.8,147.0,-33.93380721715643,12,13,8,3,4055,1,148.588650910159,4344.542911569046,1114.8975312910027
4119,395,1,negative_cash,-9.155885159006441,2.501454578527983,10.0,6.0,0.5,0.6,0.0,-14.598545421472016,1,2,1,6,4104,1,67.35138773363332,154.0,38.5
4128,391,6,negative_cash,-73.73948400550128,84.38215750959651,80.0,1.0,2.75,3.5999999999999996,84.0,-86.96784249040348,8,11,6,1,4115,1,65.11300814346771,2827.726152818094,770.6145483250756
4132,396,1,negative_cash,-4.305453271851491,0.0,0.0,5.0,0.25,0.6,0.0,-5.85,0,1,1,5,4125,0,-161.3754840050155,137.0,61.02003073316401
4141,426,5,negative_cash,-2.123908510557648,0.0,9.636068259803078,1.0,0.5,0.6,38.89231656675708,-50.62838482656016,1,2,1,1,4128,1,196.49190113283504,234.72136519606156,221.3000733556185
4146,393,5,negative_cash,-13.569554707767509,66.25864058993234,20.0,1.0,1.75,0.6,66.57349145239047,-23.66485086245813,2,7,1,1,4134,1,90.47653542088932,982.8947296354136,282.3378045135847
4146,405,2,negative_cash,-5.026302005963455,2.5759944770990377,10.0,5.0,0.5,0.6,0.0,-13.524005522900962,1,2,1,5,4136,1,20.738653154388878,122.0,38.99498961063805
4147,413,3,negative_cash,-17.877760146468546,0.0,10.0,3.0,0.75,0.6,4.372868028275485,-18.722868028275485,1,3,1,3,4128,1,163.504325217067,152.7880359913689,42.30033419507457
4151,387,3,negative_cash,-2.004381755708202,0.0,0.0,4.0,0.25,0.6,0.0,-4.85,0,1,1,4,4143,0,-129.4543817557082,137.0,34.25
4154,338,6,negative_cash,-29.46944567890222,368.17889574932457,180.0,5.0,5.5,6.0,224.0,-52.32110425067543,18,22,10,5,4136,1,147.89910087483804,6285.871773893139,1619.732202687438
4155,386,3,negative_cash,-3.7336051073146024,0.0,0.0,5.0,0.25,0.6,0.0,-5.85,0,1,1,5,4147,0,-128.1836051073146,137.0,34.25
4159,404,2,negative_cash,-5.77320351099625,4.420024338794075,10.0,4.0,0.5,0.6,0.0,-10.679975661205924,1,2,1,4,4144,1,120.21702770754746,122.0,30.5
4159,397,1,negative_cash,-11.040648116856383,2.9370495853702545,10.0,5.0,0.5,0.6,0.0,-13.162950414629746,1,2,1,5,4140,1,160.96066592382192,122.0,30.5
4160,402,2,negative_cash,-1.1660428562417557,2.497934038399068,10.0,6.0,0.25,0.6,0.0,-14.352065961600932,1,1,1,6,4152,0,-7.64083439545297,137.0,34.25
4162,398,1,negative_cash,-0.28002963512416734,0.0,0.0,5.0,0.25,0.6,0.0,-5.85,0,1,1,5,4156,0,-111.43002963512416,117.0,29.25
4162,403,2,negative_cash,-4.252480804515789,0.0,0.0,4.0,0.25,0.6,0.0,-4.85,0,1,1,4,4142,0,-43.50248080451581,117.0,29.25
4163,414,3,negative_cash,-3.284009611132655,12.265076638797009,10.0,2.0,0.75,0.6,4.7727689405528455,-5.857692301755836,1,3,1,2,4146,1,221.91585701569036,156.51381936575387,39.12845484143847
4164,401,2,negative_cash,-2.1197609072312353,7.493802115197203,10.0,6.0,0.5,0.6,0.0,-9.606197884802796,1,2,1,6,4146,1,105.6988111258554,142.0,35.5
4170,407,2,negative_cash,-1.921008647584948,0.0,0.0,4.0,0.25,0.6,0.0,-4.85,0,1,1,4,4157,0,-75.12100864758494,117.0,29.25
4172,408,2,negative_cash,-1.5894200526684656,0.0,0.0,4.0,0.25,0.6,0.0,-4.85,0,1,1,4,4166,0,-93.73942005266846,97.0,24.25
4176,416,3,negative_cash,-4.762436768844459,0.0,10.0,3.0,0.75,0.6,6.573736139725106,-20.923736139725108,1,3,1,3,4170,1,13.156859957164436,160.95453180230743,59.90238785296507
4181,406,2,negative_cash,-3.8017232193399675,0.0,0.0,4.0,0.25,0.6,0.0,-4.85,0,1,1,4,4161,0,-124.11170101356345,117.0,110.30997779422346
4199,409,2,negative_cash,-1.0056042579465148,0.0,0.0,3.0,0.25,0.6,0.0,-3.85,0,1,1,3,4192,0,-70.30560425794651,77.0,19.25
4210,415,3,negative_cash,-1.94149700884081,0.0,0.0,2.0,0.5,0.6,0.0,-3.1,0,2,1,2,4207,0,-70.14149700884082,62.0,15.5
4210,417,4,negative_cash,-0.9059433588304193,0.0,0.0,2.0,0.75,0.6,0.0,-3.35,0,3,1,2,4197,0,-56.10594335883041,87.0,21.75
4215,412,3,negative_cash,-1.212079623393997,0.0,0.0,4.0,1.0,0.6,0.0,-5.6,0,4,1,4,4197,0,-68.09464387666296,112.0,55.68256425326894
4217,394,1,negative_cash,-8.5315764894067,2.819567601955444,10.0,5.0,0.5,0.6,0.0,-13.280432398044555,1,2,1,5,4201,1,114.1744215935905,122.0,32.29838466828428
4220,410,4,negative_cash,-0.34709255593435717,0.0,0.0,2.0,0.25,0.6,0.0,-2.85,0,1,1,2,4210,0,-68.09709255593435,77.0,19.25
4222,446,5,negative_cash,-71.08935879308106,0.0,21.044546720346368,1.0,0.5,0.6,49.3077282185245,-72.45227493887087,2,2,1,1,4170,1,3871.088548739025,0.0,0.0
4223,423,5,negative_cash,-2.1167264615532875,0.0,0.0,1.0,1.25,0.6,0.0,-2.85,0,5,1,1,4216,1,30.620565486714554,1403.532073037334,358.0353705269307
4225,439,5,negative_cash,-0.3862468691503316,0.0,0.0,1.0,0.25,0.6,0.0,-1.85,0,1,1,1,4219,0,-47.001401559697044,111.5110959961495,35.64241008066158
4231,440,5,negative_cash,-1.1477371978940951,4.293040866540689,9.989771523380478,1.0,0.5,0.6,38.24108288752354,-46.03781354436333,1,2,1,1,4221,1,100.07691293308872,312.2720831296367,100.66487894045301
4235,441,5,negative_cash,-26.290462277428695,20.881350774853914,9.666710626892417,1.0,0.5,0.6,38.07088396183223,-28.956243813870735,1,2,1,1,4224,1,47.25884033422825,317.48141888945185,105.63997522263638
4239,411,3,negative_cash,-0.5459202082861558,0.0,0.0,0.0,0.25,0.6,0.0,-0.85,0,1,1,0,4224,0,-34.04592020828616,37.0,9.25
4256,390,6,negative_cash,-13.74785640331379,228.9060572120419,200.0,4.0,3.25,6.6,189.0,-173.9439427879581,20,13,11,4,4237,1,236.36352007197934,5852.063829787234,1488.594844958811
4281,466,5,negative_cash,-61.678917608874286,0.0,20.541649582659804,1.0,0.5,0.6,53.1299835217654,-75.7716331044252,2,2,1,1,4238,1,3219.4557498952263,0.0,0.0
4281,468,5,negative_cash,-7.151926051343352,0.0,21.730410235194498,1.0,0.5,0.6,54.55786602747619,-78.38827626267069,2,2,1,1,4243,1,3020.1701480061593,0.0,0.0
4285,465,5,negative_cash,-3.558088154291312,0.0,20.406159128596506,1.0,0.5,0.6,46.55541131781286,-69.06157044640938,2,2,1,1,4237,1,3326.3807933406674,0.0,0.0
4289,467,5,negative_cash,-7.119903818647693,0.0,19.614596175942438,0.0,0.5,0.6,0.0,-20.71459617594244,2,2,1,0,4239,1,3140.859454989907,0.0,0.0
4293,464,5,negative_cash,-65.79922839142759,0.0,19.120069315982985,1.0,0.5,1.2,47.08962470665777,-68.90969402264076,2,2,2,1,4280,0,-15.308492418931678,436.40138631965965,411.4480960195725
4297,421,4,negative_cash,-1.998360014395117,0.0,0.0,3.0,0.25,0.6,0.0,-3.85,0,1,1,3,4284,0,-63.19836001439511,97.0,24.25
4298,469,5,negative_cash,-12.542890845034634,0.0,18.046645291957468,1.0,0.5,0.6,47.41503508427539,-67.56168037623286,2,2,1,1,4254,1,3008.3187118441765,0.0,0.0
4300,355,1,negative_cash,-3.0574084351087922,0.0,0.0,6.0,0.25,0.6,0.0,-6.85,0,1,1,6,4291,0,-112.65740843510878,137.0,34.25
4339,452,3,negative_cash,-3.481517083726267,0.0,9.623763603203127,4.0,0.5,0.6,4.53992953907985,-19.263693142282975,1,2,1,4,4319,1,3.3490668520332463,306.47527206406255,76.61881801601564
4341,444,1,negative_cash,-12.823173750319324,0.0,10.0,4.0,0.5,0.6,0.0,-15.1,1,2,1,4,4328,1,59.23250963727544,102.0,31.92433390443729
4345,474,5,negative_cash,-34.565227605731124,0.0,21.710934120885238,1.0,0.5,0.6,70.0,-93.81093412088524,2,2,1,1,4299,1,3501.548892893396,0.0,0.0
4347,450,3,negative_cash,-0.09767304175798319,0.0,0.0,2.0,0.25,0.6,0.0,-2.85,0,1,1,2,4327,0,-14.347673041757965,57.0,14.25
4348,456,3,negative_cash,-1.4277176297799126,0.0,0.0,1.0,0.25,0.6,0.0,-1.85,0,1,1,1,4342,0,-61.57771762977991,57.0,14.25
4352,399,6,negative_cash,-2.340835722452283,154.38058698655283,49.840056153749885,2.0,4.0,1.7999999999999998,105.0,-8.259469167197054,5,16,3,2,4334,1,249.04362366928297,2304.056442223934,630.7948025505003
4356,451,3,negative_cash,-0.3259540153383753,0.0,0.0,4.0,0.25,0.6,0.0,-4.85,0,1,1,4,4340,0,-58.975954015338374,109.0,27.25
4364,448,3,negative_cash,-1.505126248951938,0.0,0.0,3.0,0.25,0.6,0.0,-3.85,0,1,1,3,4362,0,-90.05512624895194,77.0,19.25
4365,432,1,negative_cash,-0.35569814593273463,0.0,0.0,4.0,0.25,0.6,0.0,-4.85,0,1,1,4,4358,0,-112.65569814593273,117.0,29.25
4369,449,3,negative_cash,-0.5651380910370736,0.0,0.0,1.0,0.25,0.6,0.0,-1.85,0,1,1,1,4367,0,-68.11513809103707,57.0,14.25
4369,337,6,negative_cash,-44.928171148239606,140.23305308900171,70.0,3.0,4.0,2.4,119.0,-58.166946910998284,7,16,4,3,4355,1,130.83335899506108,3365.1512984035667,870.8287694387783
4378,442,1,negative_cash,-0.3698095122135987,0.0,0.0,2.0,0.25,0.6,0.0,-2.85,0,1,1,2,4367,0,-80.26980951221358,97.0,24.25
4378,445,3,negative_cash,-2.103378653344115,0.0,0.0,3.0,0.25,0.6,0.0,-3.85,0,1,1,3,4373,0,-79.10337865334412,77.0,19.25
4386,455,3,negative_cash,-1.9495640297784638,0.0,0.0,3.0,0.25,0.6,0.0,-3.85,0,1,1,3,4380,0,-75.09956402977846,77.0,19.25
4394,460,2,negative_cash,-6.087136388723007,2.497934038399068,10.0,5.0,0.5,0.6,0.0,-13.602065961600932,1,2,1,5,4374,1,148.4051159823474,134.0,33.5
4399,475,5,negative_cash,-79.54954487293162,0.0,20.0,1.0,0.5,0.6,70.0,-92.1,2,2,1,1,4346,1,4514.998239498068,0.0,0.0
4400,443,1,negative_cash,-2.1058388184745302,0.0,0.0,3.0,0.25,0.6,0.0,-3.85,0,1,1,3,4396,0,-82.95583881847453,77.0,19.25
4401,447,3,negative_cash,-0.9553047539438353,0.0,0.0,4.0,0.5,0.6,0.0,-5.1,0,2,1,4,4395,0,-97.85530475394384,102.0,25.5
4403,458,2,negative_cash,-1.542384753484403,0.0,0.0,2.0,0.25,0.6,0.0,-2.85,0,1,1,2,4396,0,-98.8423847534844,97.0,24.25
4410,453,3,negative_cash,-0.02301159820055343,0.0,0.0,3.0,0.25,0.6,0.0,-3.85,0,1,1,3,4404,0,-73.17301159820056,77.0,19.25
4412,471,6,negative_cash,-6.4604055890802385,114.57917648786085,81.5,1.0,1.25,1.2,70.0,-40.370823512139154,8,5,2,1,4402,1,214.06196863265114,1817.5,469.6195634031789
4414,430,1,negative_cash,-5.279860886211097,0.0,0.0,5.0,0.25,0.6,0.0,-5.85,0,1,1,5,4399,0,-78.77986088621111,137.0,34.25
4423,429,1,negative_cash,-0.5996837867299138,0.0,0.0,5.0,0.25,0.6,0.0,-5.85,0,1,1,5,4422,0,-190.99968378672992,157.0,39.25
4423,436,6,negative_cash,-2.8401969179073947,0.0,0.0,0.0,2.25,0.6,0.0,-2.85,0,9,1,0,4407,1,207.42887397781408,1187.5499059918343,302.40642321756684
4425,454,3,negative_cash,-0.28196347301013236,0.0,0.0,0.0,0.25,0.6,0.0,-0.85,0,1,1,0,4379,0,-13.4319634730101,57.0,14.25
4428,457,2,negative_cash,-3.405155628373305,0.0,0.0,3.0,0.25,0.6,0.0,-3.85,0,1,1,3,4426,0,-91.9551556283733,77.0,19.25
4431,459,2,negative_cash,-2.3435210604608088,0.0,0.0,4.0,0.25,0.6,0.0,-4.85,0,1,1,4,4426,0,-99.3435210604608,97.0,24.25
4432,400,6,negative_cash,-18.749308208689435,134.8556196280584,60.0,3.0,3.25,2.4,112.0,-45.7943803719416,6,13,4,3,4413,1,180.11194384145688,2784.098039215686,722.1848278715609
4435,463,2,negative_cash,-0.3650070254909723,0.0,0.0,2.0,0.25,0.6,0.0,-2.85,0,1,1,2,4426,0,-45.96500702549097,57.0,14.25
4446,461,2,negative_cash,-4.760077601901656,0.0,0.0,4.0,0.25,0.6,0.0,-4.85,0,1,1,4,4444,0,-141.31007760190164,117.0,29.25
4449,462,2,negative_cash,-1.6839597817320238,0.0,0.0,2.0,0.25,0.6,0.0,-2.85,0,1,1,2,4444,0,-58.68395978173203,57.0,14.25
4456,424,6,negative_cash,-1.6785352291524873,0.0,0.0,2.0,2.0,0.6,0.0,-4.6,0,8,1,2,4450,1,230.1780357598403,806.3118541412654,222.46951256590776
4474,431,1,negative_cash,-0.08619784081535364,0.0,0.0,6.0,0.25,0.6,0.0,-6.85,0,1,1,6,4464,0,-102.83619784081534,137.0,34.25
4475,470,6,negative_cash,-32.28555412688307,94.99262008673779,60.0,1.0,1.75,1.7999999999999998,63.0,-32.55737991326221,6,7,3,1,4461,1,210.03775524106413,2344.333333333333,594.6467083136135
4482,472,6,negative_cash,-23.531470719908327,128.89446112637376,80.0,1.0,2.0,1.7999999999999998,84.0,-39.90553887362624,8,8,3,1,4468,1,252.1583261983277,2032.2434688715082,536.3799478159607
4501,473,4,negative_cash,-0.04217588222660851,0.0,0.0,4.0,0.5,0.6,0.0,-5.1,0,2,1,4,4481,0,-34.542175882226644,122.0,30.5
4532,477,5,negative_cash,-1.579067940620119,0.0,0.0,1.0,0.25,0.6,0.0,-1.85,0,1,1,1,4517,0,-20.079067940620114,37.0,9.25
4540,434,6,negative_cash,-50.45145832360731,232.7064717456247,141.88559659785892,3.0,4.0,3.5999999999999996,175.0,-94.77912485223422,14,16,6,3,4527,1,217.08707373079278,4577.565733063429,1198.176193329095
4570,437,6,negative_cash,-86.87909881476119,103.60030576014366,70.0,2.0,3.75,4.2,112.0,-88.34969423985635,7,15,7,2,4553,1,211.23142510821094,3420.336245400633,962.9277118101597
4593,487,3,negative_cash,-1.7888140475545828,7.628074246039944,10.0,5.0,0.5,0.6,5.368730067544213,-13.840655821504269,1,2,1,5,4573,1,7.294397683090494,334.0,83.5
4596,488,3,negative_cash,-0.701182096566419,0.0,0.0,3.0,0.25,0.6,0.0,-3.85,0,1,1,3,4586,0,-83.45118209656641,97.0,24.25
4602,512,5,negative_cash,-50.32432219561191,0.0,19.423904741095598,1.0,0.5,1.2,45.08138339929785,-67.20528814039345,2,2,2,1,4592,1,64.24165557311427,442.47809482191195,110.61952370547799
4608,438,6,negative_cash,-6.4587333004743215,248.2842538683967,99.57006275504891,4.0,4.0,5.3999999999999995,147.0,-11.685808886652211,10,16,9,4,4592,1,46.75951065905042,5550.646548030271,1442.6978489374808
4611,490,3,negative_cash,-2.5512115343985826,0.0,0.0,4.0,0.25,0.6,0.0,-4.85,0,1,1,4,4593,0,-56.76385068764182,97.0,44.51263915324323
4620,484,3,negative_cash,-4.6621992114633315,0.0,0.0,4.0,0.25,0.6,0.0,-4.85,0,1,1,4,4608,0,-82.71219921146331,117.0,29.25
4625,492,3,negative_cash,-3.5091809490002435,0.0,0.0,3.0,0.25,0.6,0.0,-3.85,0,1,1,3,4608,0,-34.30918094900023,77.0,19.25
4626,485,3,negative_cash,-2.2485516048575995,0.0,0.0,4.0,0.25,0.6,0.0,-4.85,0,1,1,4,4624,0,-31.52809611723646,186.35825331468402,46.589563328671005
4641,486,3,negative_cash,-2.361084990248222,0.0,0.0,3.0,0.25,0.6,0.0,-3.85,0,1,1,3,4640,0,-94.76108499024822,77.0,19.25
4646,491,3,negative_cash,-3.847242739604331,0.0,0.0,4.0,0.25,0.6,0.0,-4.85,0,1,1,4,4639,0,-91.14724273960434,97.0,24.25
4661,306,6,negative_cash,-38.43899565535207,297.918967237806,140.0,5.0,7.5,5.3999999999999995,238.0,-97.98103276219402,14,30,9,5,4644,1,160.93603704140082,6364.666666666667,1630.4008045025873
4675,514,5,negative_cash,-25.858529054993866,12.230590463999997,10.422204798447623,2.0,0.5,0.6,63.0,-64.29161433444763,1,2,1,2,4663,1,210.748487995958,282.44409596895247,186.96186974546708
4683,496,2,negative_cash,-2.2388970454311927,0.0,0.0,4.0,0.25,0.6,0.0,-4.85,0,1,1,4,4681,0,-86.08634930278612,97.0,24.25
4689,498,2,negative_cash,-3.695974463463526,0.0,0.0,3.0,0.25,0.6,0.0,-3.85,0,1,1,3,4669,0,-37.94597446346353,97.0,24.25
4693,483,4,negative_cash,-3.3940328977625,0.0,0.0,5.0,0.25,0.6,0.0,-5.85,0,1,1,5,4685,0,-127.8440328977625,137.0,34.25
4695,489,3,negative_cash,-1.2923933518677826,0.0,0.0,2.0,0.25,0.6,0.0,-2.85,0,1,1,2,4675,0,-35.542393351867766,77.0,19.25
4695,506,1,negative_cash,-0.24823432397497713,0.0,0.0,3.0,0.25,0.6,0.0,-3.85,0,1,1,3,4694,0,-117.64823432397498,97.0,24.25
4696,494,2,negative_cash,-2.8053129534519172,0.0,0.0,5.0,0.25,0.6,0.0,-5.85,0,1,1,5,4692,0,-150.65531295345193,137.0,34.25
4702,495,2,negative_cash,-0.5318170635262609,0.0,0.0,3.0,0.25,0.6,0.0,-3.85,0,1,1,3,4694,0,-111.98181706352625,117.0,29.25
4703,500,2,negative_cash,-2.9878235291628457,0.0,0.0,4.0,0.25,0.6,0.0,-4.85,0,1,1,4,4690,0,-76.18782352916284,117.0,29.25
4706,508,1,negative_cash,-0.6700650131899737,0.0,0.0,2.0,0.25,0.6,0.0,-2.85,0,1,1,2,4692,0,-32.020065013189964,57.0,14.25
4709,504,1,negative_cash,-1.1991292512828613,0.0,0.0,3.0,0.25,0.6,0.0,-3.85,0,1,1,3,4690,0,-39.299129251282864,97.0,24.25
4714,497,2,negative_cash,-1.4703647947918101,0.0,0.0,2.0,0.25,0.6,0.0,-2.85,0,1,1,2,4710,0,-86.32036479479181,77.0,19.25
4718,392,6,negative_cash,-12.39609118859724,89.0723889862799,30.0,3.0,3.75,1.7999999999999998,70.0,-19.477611013720093,3,15,3,3,4709,1,10.696597446421606,2339.25,633.0919211049635
4724,503,1,negative_cash,-2.279542884273474,0.0,0.0,3.0,0.25,0.6,0.0,-3.85,0,1,1,3,4720,0,-83.12954288427348,77.0,19.25
4724,433,6,negative_cash,-0.3941661332952151,49.83640034799271,20.0,3.0,2.75,0.6,49.0,-25.513599652007294,2,11,1,3,4716,1,31.689740102594556,1055.1538461538462,291.7512940971584
4728,505,1,negative_cash,-0.8272076438604818,0.0,0.0,2.0,0.25,0.6,0.0,-2.85,0,1,1,2,4726,0,-115.37720764386049,97.0,24.25
4729,435,6,negative_cash,-11.599294080995222,149.9542151925004,59.286694119331685,2.0,3.75,1.7999999999999998,98.0,-14.882478926831268,6,15,3,2,4711,1,23.387757958451743,2292.733882386634,592.1459181926458
4733,509,1,negative_cash,-1.374927267795269,0.0,0.0,2.0,0.25,0.6,0.0,-2.85,0,1,1,2,4726,0,-72.67492726779527,77.0,19.25
4735,523,5,negative_cash,-40.156526066289274,0.0,21.176259834348883,2.0,0.5,1.2,84.0,-108.87625983434889,2,2,2,2,4716,1,1430.7106475259136,477.52519668697767,119.38129917174442
4735,507,1,negative_cash,-0.40311979659288877,0.0,0.0,2.0,0.25,0.6,0.0,-2.85,0,1,1,2,4724,0,-75.30311979659288,97.0,24.25
4738,529,5,negative_cash,-98.37449287057201,0.0,20.6683874278381,2.0,0.5,1.2,84.0,-108.3683874278381,2,2,2,2,4724,1,833.4795329877202,467.36774855676197,116.84193713919049
4739,527,5,negative_cash,-67.1653425357473,0.0,20.940620000857667,1.0,0.5,1.2,70.0,-93.64062000085767,2,2,2,1,4732,0,-2.69650255118529,472.8124000171533,118.20310000428833
4740,528,5,negative_cash,-40.72549264041962,0.0,20.07635155873224,1.0,0.5,0.6,69.75750838285023,-91.93385994158248,2,2,1,1,4681,1,5452.54676637616,0.0,0.0
4741,524,5,negative_cash,-20.67544587596666,7.5,19.996359282259334,2.0,0.5,1.2,76.52019218801789,-92.71655147027722,2,2,2,2,4724,1,1078.1674866285261,453.9271856451867,113.48179641129667
4741,526,5,negative_cash,-24.506694332593568,0.0,20.0,1.0,0.5,1.2,69.50883171584293,-92.20883171584293,2,2,2,1,4730,1,101.82285343949604,454.0,428.0404266545081
4749,499,2,negative_cash,-4.79071405321106,0.0,0.0,4.0,0.25,0.6,0.0,-4.85,0,1,1,4,4745,0,-106.64071405321106,97.0,24.25
4753,478,6,negative_cash,-1.7481778613136,69.39350053336787,20.5,2.0,2.0,0.6,49.0,-4.706499466632131,2,8,1,2,4745,1,231.92628425122007,680.0,191.47042592011553
4754,510,1,negative_cash,-0.06604703377439591,0.0,0.0,4.0,0.25,0.6,0.0,-4.85,0,1,1,4,4734,0,-39.316047033774424,117.0,29.25
4757,481,6,negative_cash,-7.440600245557661,303.3562714562531,179.94318329833405,3.0,3.25,4.8,175.0,-62.63691184208092,18,13,8,3,4738,1,139.00329602255056,4936.334254201975,1255.0172006725163
4768,511,4,negative_cash,-3.497167144380091,0.0,0.0,3.0,0.5,0.6,0.0,-4.1,0,2,1,3,4757,0,-75.89716714438009,102.0,25.5
4780,367,6,negative_cash,-34.611425716400134,209.011290433128,110.0,3.0,6.75,4.8,175.0,-90.53870956687199,11,27,8,3,4767,1,120.7574089294992,5322.145999235302,1532.7103814230315
4802,476,6,negative_cash,-136.5742061516688,296.9133873452375,220.0,3.0,4.0,5.3999999999999995,203.0,-138.48661265476252,22,16,9,3,4792,1,34.522110936716444,5525.142857142857,1411.7161385548482
4809,525,5,negative_cash,-1.313660730473733,0.0,0.0,1.0,0.25,0.6,0.0,-1.85,0,1,1,1,4796,0,-23.51366073047373,37.0,9.25
4823,513,4,negative_cash,-2.9404232624730753,0.0,0.0,4.0,0.25,0.6,0.0,-4.85,0,1,1,4,4805,0,-51.89042326247309,117.0,29.25
4825,531,5,negative_cash,-1.7479376412909167,0.0,0.0,3.0,0.25,0.6,0.0,-3.85,0,1,1,3,4816,0,-63.34793764129091,77.0,19.25
4842,530,5,negative_cash,-0.9606245150702128,0.0,0.0,1.0,0.25,0.6,0.0,-1.85,0,1,1,1,4837,0,-37.960624515070215,37.0,9.25
4844,502,1,negative_cash,-0.8254544183052888,0.0,0.0,2.0,0.5,0.6,0.0,-3.1,0,2,1,2,4834,1,181.56754933302432,82.0,20.5
4888,480,6,negative_cash,-50.76083288069145,117.65593889274905,50.0,3.0,4.5,3.0,119.0,-61.84406110725095,5,18,5,3,4875,1,107.09233854568129,4721.252116769426,1268.8190653017305
4888,493,2,negative_cash,-5.723156284680368,1.698765964581953,10.0,6.0,0.5,0.6,0.0,-15.401234035418046,1,2,1,6,4878,1,125.12043764980604,142.0,38.15893205053817
4890,535,3,negative_cash,-2.579241281244963,0.0,0.0,6.0,0.25,0.6,0.0,-6.85,0,1,1,6,4881,0,-176.1718544913221,137.0,98.24261321007717
4898,540,3,negative_cash,-0.7687745868143399,0.0,0.0,6.0,0.25,0.6,0.0,-6.85,0,1,1,6,4890,0,-151.08048264661653,137.0,68.1117080598022
4906,533,3,negative_cash,-1.0235586764382436,0.0,0.0,5.0,0.25,0.6,0.0,-5.85,0,1,1,5,4889,0,-62.82355867643827,137.0,34.25
4908,522,6,negative_cash,-9.9848935120703,149.57937699287754,80.0,2.0,2.0,1.7999999999999998,98.0,-34.220623007122455,8,8,3,2,4895,1,239.8870425779843,2583.8418846890036,669.5649717519162
4910,537,3,negative_cash,-1.3977595408395516,0.0,0.0,4.0,0.25,0.6,0.0,-4.85,0,1,1,4,4900,0,-114.14775954083954,129.0,32.25
4912,539,3,negative_cash,-3.6773371408827478,0.0,0.0,3.0,0.25,0.6,0.0,-3.85,0,1,1,3,4899,0,-86.87733714088273,117.0,29.25
4912,538,3,negative_cash,-4.1531684723057065,0.0,0.0,4.0,0.25,0.6,0.0,-4.85,0,1,1,4,4898,0,-72.5031684723057,117.0,29.25
4914,534,3,negative_cash,-16.07840777000061,2.1246254142372933,10.0,5.0,0.5,0.6,5.52130444067498,-19.496679026437686,1,2,1,5,4896,1,124.24377515455998,163.43516880861392,56.12688496491742
4916,542,2,negative_cash,-12.846490100779127,3.3119507274396254,10.0,6.0,0.5,0.6,0.0,-13.788049272560373,1,2,1,6,4899,1,135.55203375890844,154.0,40.770092122260486
4918,550,5,negative_cash,-43.9749653844692,0.0,19.937421777216727,2.0,0.5,1.2,67.25605997425163,-90.89348175146836,2,2,2,2,4906,1,416.2184833510815,472.74843554433454,118.18710888608364
4934,541,2,negative_cash,-2.2532037133559157,1.8717169457553584,10.0,6.0,0.5,0.6,0.0,-15.228283054244642,1,2,1,6,4915,1,62.67439111039055,142.0,44.97544429179454
4934,532,3,negative_cash,-0.6180296527787235,11.273347046341225,10.0,5.0,0.5,0.6,4.984937231699138,-9.811590185357911,1,2,1,5,4921,1,133.95526684908384,233.36431208277054,58.341078020692635
4948,536,3,negative_cash,-4.65550765843723,0.0,0.0,5.0,0.25,0.6,0.0,-5.85,0,1,1,5,4937,0,-101.55550765843722,137.0,34.25
4956,521,6,negative_cash,-19.304048219904473,212.9340359298502,130.0,3.0,2.75,5.3999999999999995,133.0,-61.215964070149795,13,11,9,3,4937,1,22.723076235652798,4688.333333333334,1199.7768470907297
4977,501,2,negative_cash,-0.7441581131148656,0.0,0.0,5.0,0.25,0.6,0.0,-5.85,0,1,1,5,4962,0,-74.24415811311488,137.0,34.25
4979,519,6,negative_cash,-45.1767400119907,165.81354153095123,110.0,4.0,3.0,4.2,147.0,-102.38645846904878,11,12,7,4,4961,1,10.538024060263297,4160.181818181818,1140.151772590348
4982,517,6,negative_cash,-6.096187622289619,282.31999696658914,152.09449999999998,4.0,3.25,5.3999999999999995,168.0,-50.42450303341084,15,13,9,4,4964,1,7.122514854576821,4981.195121951219,1309.3205598769823
4995,516,6,negative_cash,-35.64852668788724,290.79031551357537,160.0,5.0,3.25,4.8,182.0,-64.25968448642463,16,13,8,5,4975,1,140.525007221308,4937.488636363636,1256.3750314883841
