tick,firm_id,firm_type,reason,cash_before_exit,revenue_this_tick,wages_this_tick,commercial_rent_this_tick,capital_rental_this_tick,process_rental_this_tick,input_cost_this_tick,profit_this_tick,worker_count,capital_units,process_count,commercial_units
119,7,5,negative_cash,-9.313572530336742,0.0,19.83378069737407,4.479004150200072,0.5,0.6,15.83207127913808,-41.24485612671222,2,2,1,1
126,8,3,negative_cash,-2.1700576462680274,0.0,20.274299711205295,2.9109782822695958,0.5,0.6,21.25723667725851,-45.542514670733404,2,2,1,1
128,9,6,negative_cash,-33.315633519130586,0.0,18.915791360221867,4.582502852004287,0.5,0.6,12.289313538434754,-36.88760775066091,2,2,1,1
153,10,4,negative_cash,-4.531987730750316,0.0,19.08566152775842,3.639504036802617,0.5,0.6,17.25606690065937,-41.08123246522041,2,2,1,1
161,11,4,negative_cash,-7.089875225079567,0.0,18.147192825130777,3.438448112448277,0.5,0.6,19.462324379826637,-42.14796531740569,2,2,1,1
192,12,3,negative_cash,-23.662105786666736,0.0,18.278235882940123,2.6644825080549106,0.5,0.6,24.589825468616628,-46.63254385961166,2,2,1,1
218,14,3,negative_cash,-18.555594200383936,0.0,19.848319831939808,2.566222753003258,0.5,0.6,21.448578822050493,-44.963121406993565,2,2,1,1
239,6,6,negative_cash,-517.4863139544002,787.1429372628126,1471.754432145052,70.98413563004503,2.75,6.6,277.19472572465037,-1042.1403562369348,127,11,11,8
249,13,1,negative_cash,-12.122774460318283,0.0,32.043493306594826,1.954954004209378,0.5,0.6,0.0,-35.098447310804204,3,2,1,1
252,5,5,negative_cash,-40.31051760628429,1321.9127845929975,1917.9198504613814,84.78194588063283,3.0,7.199999999999999,410.6431001283275,-1101.6321118773444,169,12,12,6
257,17,4,negative_cash,-24.45506645360659,0.0,19.181571239452627,3.8339314657146226,0.5,0.6,24.54353959120276,-48.65904229637001,2,2,1,1
266,18,4,negative_cash,-6.059736260537633,0.0,18.899076617642393,3.398905665134904,0.5,0.6,18.621929795672887,-42.01991207845019,2,2,1,1
294,19,1,negative_cash,-34.54350471087495,0.0,31.5598068647608,2.497809074615729,0.5,0.6,0.0,-35.157615939376534,3,2,1,1
323,4,4,negative_cash,-328.66335612627665,210.25192369245744,311.33200999589013,12.05341297834946,3.75,9.0,212.89425771286034,-338.77775699464246,35,15,15,7
332,3,3,negative_cash,-21.04707388435611,0.0,48.0,5.0,1.5,0.6,59.56248851324656,-114.66248851324656,6,6,1,5
443,22,1,negative_cash,-6.300961057755806,0.0,21.85499083589187,2.3052013756592946,0.5,0.6,0.0,-25.260192211551164,2,2,1,1
450,16,5,negative_cash,-17.949798037851792,552.411122298528,541.2087659454955,52.191616398669254,2.25,5.3999999999999995,362.7053258049766,-411.34458585061344,64,9,9,7
461,26,1,negative_cash,-10.799301103239685,0.0,18.7502850858696,1.949598431337017,0.5,0.6,0.0,-21.799883517206617,2,2,1,1
465,15,6,negative_cash,-778.2659219075038,782.8181259879663,1246.22082940523,57.972315269462236,2.5,6.0,418.1899424492314,-948.0649611359574,135,10,10,6
465,27,1,negative_cash,-31.39198147248377,0.0,31.399217155053954,2.732779757026671,0.5,0.6,0.0,-35.231996912080625,3,2,1,1
494,31,2,negative_cash,-16.061722289293073,0.0,27.052537631270567,2.3036157590551993,0.5,0.6,0.0,-30.456153390325767,3,2,1,1
499,30,2,negative_cash,-37.51168447390528,0.0,48.71013619752617,2.485280150607924,0.5,0.6,0.0,-52.29541634813409,5,2,1,1
514,20,4,negative_cash,-276.5747349100785,52.30630562517938,187.40279862235133,15.861887180835646,2.0,4.8,138.10214910800804,-295.86052928601566,23,8,8,6
533,29,6,negative_cash,-21.919123761925093,30.891257578307258,51.41864999321207,12.742643751051745,0.5,1.2,35.08895956631408,-70.05899573227063,6,2,2,1
537,25,6,negative_cash,-12.338602098091304,121.09140946754522,82.4667568815631,26.33004490848093,0.5,1.2,44.79272293476756,-34.198115257266366,10,2,2,1
545,23,4,negative_cash,-58.64620871297822,161.8042669156176,116.88714390018204,46.401313932629314,1.25,3.0,82.71728083498415,-88.4514717521779,14,5,5,4
555,34,6,negative_cash,-1.1227467796271284,52.89651618001706,28.872235595612917,3.3291513679731013,0.5,0.6,52.0,-32.40487078356896,3,2,1,1
565,33,5,negative_cash,-19.04361254882435,31.434812371633576,54.374427402812614,3.9482729500503084,0.5,0.6,32.800378724140934,-60.78826670537028,6,2,1,1
603,37,6,negative_cash,-48.227704830077215,0.0,21.619367889783284,4.1814851686600925,0.5,0.6,29.175048551582364,-56.07590161002574,2,2,1,1
607,38,5,negative_cash,-35.63371794442337,8.678213022810287,21.892729401028525,3.124156688211703,0.5,0.6,30.138442631119318,-47.57711569754926,2,2,1,1
616,39,3,negative_cash,-16.77897464791493,0.0,20.204477436629812,3.698944975883461,0.5,0.6,18.989920085746647,-43.99334249825992,2,2,1,1
621,40,6,negative_cash,-14.137473362100799,36.9956526928642,21.131560829437056,4.624456586608025,0.5,0.6,29.97504855158236,-19.835413274763244,2,2,1,1
626,43,3,negative_cash,-26.529441544094666,0.0,21.89518251348092,3.881292780563136,0.5,0.6,21.966671885946994,-48.84314717999105,2,2,1,1
626,42,1,negative_cash,-1.944562921231892,0.0,18.496741762033714,2.268747205007743,0.5,0.6,0.0,-21.865488967041458,2,2,1,1
629,41,1,negative_cash,-7.12971052524189,0.0,10.78440331552419,2.2411200761693517,0.5,0.6,0.0,-14.125523391693541,1,2,1,1
639,45,3,negative_cash,-9.40864639872759,0.0,9.442053302886816,3.0815985280809057,0.5,0.6,12.258077402008793,-25.881729232976515,1,2,1,1
644,46,1,negative_cash,-20.464460845487782,0.0,20.05296818252834,2.257775291719622,0.5,0.6,0.0,-23.410743474247962,2,2,1,1
652,24,5,negative_cash,-299.0614453503717,735.459034296971,603.6194693707998,88.55022365280334,2.25,5.3999999999999995,437.1765602323752,-401.53721895900736,60,9,9,7
655,48,3,negative_cash,-28.293174307409473,0.0,19.960678283209567,3.6178995175614697,0.5,0.6,24.75121205728086,-49.4297898580519,2,2,1,1
656,21,3,negative_cash,-69.58458922338636,0.0,66.19636056748084,5.0,1.5,2.4,81.54948051460434,-156.64584108208518,7,6,4,5
657,35,4,negative_cash,-2.4804586934236568,40.86025436118416,105.43279999999999,61.397709042757356,1.0,2.4,67.26339557977903,-196.63365026135222,13,4,4,3
671,36,4,negative_cash,-0.6413569022482002,0.0,0.0,0.0,0.5,0.6,0.0,-1.1,0,2,1,0
676,28,6,negative_cash,-791.4974680845737,1351.0083173758305,1999.218356692359,90.30963304109456,2.5,6.0,577.3895013702835,-1324.4091737279066,164,10,10,8
688,52,1,negative_cash,-3.840435131487844,0.0,21.76287681529997,1.9052102109976037,0.5,0.6,0.0,-24.76808702629757,2,2,1,1
702,47,4,negative_cash,-104.98589499690641,0.0,72.34862658575034,7.070579507861097,0.5,0.6,33.75132228254564,-114.27052837615707,8,2,1,1
728,44,5,negative_cash,-0.48780181291475033,0.0,0.0,0.0,0.5,0.6,0.0,-1.1,0,2,1,0
770,53,5,negative_cash,-10.785446890034763,83.82833212597042,53.176146883215964,17.404222029390347,0.75,1.7999999999999998,81.23092591507634,-70.53296270171224,6,3,3,2
772,54,6,negative_cash,-0.944628753603947,51.01894594127893,19.777151019515696,2.9434007273814764,0.5,0.6,32.23962378900458,-5.041229594622827,2,2,1,1
800,49,5,negative_cash,-144.7592583944064,615.8478745027219,649.3413605805893,82.59742414019908,1.75,4.2,397.78304520304135,-519.8239554211078,66,7,7,6
803,32,4,negative_cash,-105.9335198456377,214.74124209641866,288.31774150878823,43.13174424255659,3.5,8.4,219.87753007297258,-348.48577372789873,31,14,14,6
807,55,2,negative_cash,-4.016377114879361,0.0,67.49734266517791,2.181650722076669,0.5,0.6,0.0,-70.77899338725457,7,2,1,1
826,60,5,negative_cash,-47.19498418865395,0.0,19.919025088292422,4.580162379238449,0.5,0.6,57.9983046120361,-83.59749207956698,2,2,1,1
833,59,1,negative_cash,-20.795601024359115,0.0,30.828954689317523,1.8237046100878431,0.5,0.6,0.0,-33.752659299405366,3,2,1,1
853,61,4,negative_cash,-25.54895793520889,0.0,40.64295328375034,3.3469223020688257,0.5,0.6,23.501984011048155,-68.59185959686732,4,2,1,1
855,62,3,negative_cash,-16.720786492501787,0.0,21.868506196345283,3.099942752333164,0.5,0.6,18.105165608886104,-44.17361455756455,2,2,1,1
858,63,5,negative_cash,-27.10578521289959,0.0,19.168413045820643,3.8308548519227865,0.5,0.6,23.29237583985385,-47.39164373759728,2,2,1,1
872,58,4,negative_cash,-56.08978579247274,23.149571797637996,59.212133503982265,19.948698312541513,0.75,1.7999999999999998,45.66443785935809,-104.22569787824386,7,3,3,2
873,64,1,negative_cash,-7.233896019972079,0.0,10.727660090665584,2.3094394671090925,0.5,0.6,0.0,-14.137099557774675,1,2,1,1
874,65,3,negative_cash,-29.537493148673796,0.0,21.573842436718017,3.3600710481622063,0.5,0.6,23.763897068003267,-49.79781055288349,2,2,1,1
880,66,3,negative_cash,-14.945632546984996,0.0,27.510694247336737,2.704124969015993,0.5,0.6,24.73808897367323,-56.05290819002596,3,2,1,1
917,68,5,negative_cash,-19.772848595824115,0.0,18.070751179301936,3.050383988338555,0.5,0.6,22.98635303485469,-45.207488202495185,2,2,1,1
923,69,1,negative_cash,-20.116254489633704,0.0,18.89399354282028,2.7217561761017155,0.5,0.6,0.0,-22.715749718921998,2,2,1,1
928,70,5,negative_cash,-7.732021448072217,0.0,9.665970833381282,3.4266384523430378,0.5,0.6,17.740396073199804,-31.933005358924124,1,2,1,1
950,71,5,negative_cash,-9.342404514066672,71.67523481671584,21.111469782401684,3.6861549334311,0.5,0.6,65.0,-19.22238989911694,2,2,1,1
955,67,2,negative_cash,-11.112735649095683,0.0,47.437118050074275,2.5580249289704438,0.5,0.6,0.0,-51.095142979044724,5,2,1,1
958,72,2,negative_cash,-10.98523099369529,0.0,21.675612370405126,2.6678615236116086,0.5,0.6,0.0,-25.443473894016737,2,2,1,1
960,51,6,negative_cash,-216.37999869544115,956.843797394557,1344.9066399893718,56.13267802487046,3.25,7.8,482.3306520969457,-937.5761727166309,130,13,13,7
967,76,3,negative_cash,-19.070819199278056,0.0,18.978467701154585,3.787809993335443,0.5,0.6,22.490662147555554,-46.356939842045584,2,2,1,1
968,77,3,negative_cash,-19.810633128262907,0.0,21.143923510776386,2.731826533053701,0.5,0.6,21.62779437345199,-46.60354441728208,2,2,1,1
984,74,5,negative_cash,-5.999873574260306,38.652478801397294,39.02081624158431,4.1300376091402535,0.5,0.6,44.09618759462404,-49.694562643951315,4,2,1,1
985,50,3,negative_cash,-59.28657750511607,0.0,73.43930946255236,5.0,1.5,3.5999999999999996,75.55344244032739,-159.09275190287974,7,6,6,5
987,78,5,negative_cash,-45.69486161619602,41.73210508709108,40.86693466027861,4.133965397204975,0.5,0.6,45.15747126057183,-49.52626623096434,4,2,1,1
989,79,5,negative_cash,-24.575443978487666,12.664892894670512,9.137735013615032,4.559361442081384,0.5,0.6,26.09610007596095,-28.228303636986855,1,2,1,1
989,1,1,negative_cash,-7.66755449608025,11.665669722211456,16.0,4.386932776015392,10.75,0.6,0.0,-20.07126305380394,2,43,1,4
1006,56,5,negative_cash,-1005.7822797075264,1013.6280613907034,1509.0126653937516,105.22813963157733,2.25,5.3999999999999995,574.4189877641056,-1182.6817313987312,157,9,9,8
1015,86,3,negative_cash,-43.186559888866924,0.0,31.09198313579849,2.8074689524309737,0.5,0.6,39.39606787863068,-74.39551996686015,3,2,1,1
1038,82,5,negative_cash,-80.98289233417826,98.28648065912822,104.14011690156376,4.102328886180903,0.5,0.6,73.04106460490318,-84.09702973351963,12,2,1,1
1078,83,4,negative_cash,-19.883663508614298,120.1425557346828,91.158987999552,16.79624545632901,0.5,1.2,38.584889300013025,-28.09756702121123,10,2,2,1
1084,90,3,negative_cash,-31.043399512540105,0.0,19.336511568846184,3.2769994612682347,0.5,0.6,26.46088955299831,-50.17440058311273,2,2,1,1
1088,85,5,negative_cash,-1.5612343122408892,0.0,0.0,0.0,0.5,1.2,0.0,-1.7,0,2,2,0
1095,88,1,negative_cash,-14.545706274501853,0.0,28.280083596650186,2.0859773492739877,0.5,0.6,0.0,-31.466060945924177,3,2,1,1
1100,87,4,negative_cash,-90.96493442897827,0.0,122.32321708405529,23.676332777961683,0.5,1.2,44.808998019025516,-192.5085478810425,14,2,2,1
1101,93,2,negative_cash,-7.775730131748375,0.0,28.75067817180785,2.223058806901033,0.5,0.6,0.0,-32.07373697870888,3,2,1,1
1103,73,5,negative_cash,-26.790742063685826,162.78773431298725,80.48708117075759,37.547108841776314,1.25,3.0,114.41670308150789,-73.91315878105453,10,5,5,3
1104,91,2,negative_cash,-1.2291423596991962,0.0,55.57305220710926,2.297076754642644,0.5,0.6,0.0,-58.970128961751904,6,2,1,1
1113,94,1,negative_cash,-13.113067690219292,0.0,18.75710255543546,2.3284087262677557,0.5,0.6,0.0,-22.185511281703217,2,2,1,1
1114,89,6,negative_cash,-21.381109667737025,102.37921194218774,63.820185015453404,11.527818011347529,0.75,1.7999999999999998,54.68270289259917,-30.201493977212362,7,3,3,1
1116,92,4,negative_cash,-73.84112793775952,0.0,72.00423121330032,3.926321605867661,0.5,0.6,37.60017961042496,-114.63073242959292,7,2,1,1
1119,98,5,negative_cash,-36.23182575573925,0.0,20.579415892595016,3.7849114315306776,0.5,0.6,26.612947927787392,-52.077275251913086,2,2,1,1
1121,97,1,negative_cash,-1.3148761898581753,0.0,20.625193906805322,2.5377813311663147,0.5,0.6,0.0,-24.262975237971638,2,2,1,1
1137,100,1,negative_cash,-2.2383141596681426,0.0,20.97138703739664,2.3762757945369906,0.5,0.6,0.0,-24.44766283193363,2,2,1,1
1140,57,4,negative_cash,-189.84383791829464,252.68243739435582,321.521824085576,34.79585062362802,4.0,9.6,224.52578286374373,-341.76102017859193,38,16,16,7
1147,102,1,negative_cash,-8.043678259620123,0.0,19.250049033235225,2.5947347628043977,0.5,0.6,0.0,-22.944783796039623,2,2,1,1
1155,99,2,negative_cash,-14.330549584245375,19.862985260290515,46.04981203672164,1.9591111207913074,0.5,0.6,0.0,-29.245937897222433,5,2,1,1
1159,95,4,negative_cash,-24.961967656685857,0.0,120.08827189666955,3.5416607471794976,0.5,0.6,44.59499990880913,-169.32493255265817,13,2,1,1
1163,103,4,negative_cash,-4.917598920591118,20.37907614700218,46.25240927321151,3.2610464077972017,0.5,0.6,26.90535830427916,-57.1397378382857,5,2,1,1
1169,106,1,negative_cash,-9.63108235197717,0.0,19.738983022524938,2.4111126213483343,0.5,0.6,0.0,-23.250095643873273,2,2,1,1
1180,108,3,negative_cash,-29.443043352960814,0.0,19.66727128119757,3.202690964011441,0.5,0.6,25.844385541083447,-49.81434778629246,2,2,1,1
1185,105,2,negative_cash,-18.65742162381882,0.0,43.061391385068504,2.002020819567193,0.5,0.6,0.0,-46.1634122046357,4,2,1,1
1185,96,4,negative_cash,-29.154188034763536,77.98300156733751,77.25152716990675,29.999085915435145,1.0,2.4,65.08018977255374,-97.74780129055813,9,4,4,3
1189,109,2,negative_cash,-7.13552489768059,0.0,18.81706077932948,2.8402817685614083,0.5,0.6,0.0,-22.75734254789089,2,2,1,1
1194,111,5,negative_cash,-23.38544247820696,0.0,18.369083521813575,4.5141447182376515,0.5,0.6,22.76276451515123,-46.74599275520246,2,2,1,1
1196,112,5,negative_cash,-20.85082191423902,8.847149589236771,20.19922456583242,3.1849738521252378,0.5,0.6,27.930374474199418,-43.567423302920304,2,2,1,1
1206,110,1,negative_cash,-16.119562581376403,0.0,18.49944666185789,2.430716769924802,0.5,0.6,0.0,-22.030163431782693,2,2,1,1
1211,107,2,negative_cash,-15.184065904817203,0.0,71.86762695330333,1.9700216752733526,0.5,0.6,0.0,-74.93764862857668,8,2,1,1
1235,104,4,negative_cash,-3.47824152111005,141.16780632842125,87.42400008834508,39.28438357845314,1.25,3.0,74.22262677456968,-64.01320411294665,9,5,5,4
1277,84,5,negative_cash,-114.53043030023542,418.7850639002186,232.0,58.76956166799269,3.0,3.0,349.1846206392931,-227.1691184070672,29,12,5,9
1282,115,1,negative_cash,-20.870193142019417,0.0,20.424512836035316,1.9538526876345845,0.5,0.6,0.0,-23.4783655236699,2,2,1,1
1282,113,2,negative_cash,-22.969690933426108,0.0,58.48029498815157,10.27915490038166,0.75,1.7999999999999998,0.0,-71.30944988853322,6,3,3,2
1301,118,3,negative_cash,-25.697061218403547,0.0,21.15191538541522,2.956737684841627,0.5,0.6,23.357034024701626,-48.56568709495848,2,2,1,1
1303,114,6,negative_cash,-46.78648095959835,35.798870256654325,73.01188870405586,3.5575967644993387,0.5,0.6,41.08878886392633,-82.95940407582721,8,2,1,1
1312,80,3,negative_cash,-115.60487411763347,0.0,56.0,8.0,2.0,0.6,73.95538568621818,-140.5553856862182,7,8,1,8
1317,117,4,negative_cash,-85.7473828211979,0.0,69.34841765807403,3.3133914537757145,0.5,0.6,37.85624593774291,-111.61805504959264,8,2,1,1
1331,121,1,negative_cash,-7.6647568324119675,0.0,19.53563879650204,2.269790575275123,0.5,0.6,0.0,-22.905429371777167,2,2,1,1
1335,119,6,negative_cash,-31.282543091716605,21.65593520274687,31.505114407200644,4.229674844286499,0.5,0.6,27.567199064746127,-42.7460531134864,3,2,1,1
1338,122,6,negative_cash,-30.68293572382413,0.0,10.123682205349414,4.676043415692325,0.5,0.6,21.771008309914293,-37.67073393095603,1,2,1,1
1348,123,5,negative_cash,-0.5474141299691837,0.0,20.174297113722417,4.259532609489755,0.5,0.6,34.73987756277242,-60.27370728598459,2,2,1,1
1371,124,3,negative_cash,-18.72048043557639,0.0,21.940919274752684,2.6938161712055972,0.5,0.6,19.240819308831984,-44.97555475479027,2,2,1,1
1411,126,5,negative_cash,-53.071747010175685,0.0,19.36447600850298,2.900443281822924,0.5,0.6,34.32566304639933,-57.69058233672523,2,2,1,1
1429,128,3,negative_cash,-26.390931561089225,0.0,21.913579198892496,3.018827733754425,0.5,0.6,20.385803265584908,-46.41821019823183,2,2,1,1
1430,101,4,negative_cash,-140.28100515428775,211.57757678932902,276.8572719680058,34.46872643296691,3.5,8.4,212.88415177047904,-324.5325733821228,30,14,14,7
1434,130,5,negative_cash,-35.770679190626616,4.787550750429654,18.287532225181714,3.447036540309351,0.5,0.6,32.657714375595084,-50.704732390656496,2,2,1,1
1436,131,6,negative_cash,-9.966790585402237,0.0,9.460104987813256,3.886920605562492,0.5,0.6,18.04467204498761,-32.49169763836336,1,2,1,1
1441,133,6,negative_cash,-37.544102114235585,4.043053394393661,21.592117683266125,2.910998443963436,0.5,0.6,18.132842450167022,-39.69290518300292,2,2,1,1
1441,132,1,negative_cash,-17.277452069831615,0.0,18.33410782399113,2.7961150179835452,0.5,0.6,0.0,-22.230222841974676,2,2,1,1
1444,134,1,negative_cash,-13.45446059551383,0.0,20.543392150143283,2.310967294954292,0.5,0.6,0.0,-23.954359445097577,2,2,1,1
1461,135,3,negative_cash,-9.028215218428933,0.0,9.544979817264103,2.923500159774459,0.5,0.6,18.68857382756867,-32.25705380460723,1,2,1,1
1464,136,1,negative_cash,-4.822688843605604,0.0,20.88672304853752,2.298178933486333,0.5,0.6,0.0,-24.284901982023854,2,2,1,1
1469,137,6,negative_cash,-18.359999571900133,8.777475931828791,21.238978918202807,3.2915534744357964,0.5,0.6,24.93916012643912,-41.79221658724893,2,2,1,1
1473,125,2,negative_cash,-1.249373375360482,0.0,0.0,0.0,0.5,1.2,0.0,-1.7,0,2,2,0
1489,139,5,negative_cash,-7.63730126282309,29.271706956060907,21.07400036539754,3.010804144051979,0.5,0.6,29.22064377989811,-25.133741333286725,2,2,1,1
1513,116,5,negative_cash,-513.0235123803848,746.872362859701,1024.184080416239,77.07089455898686,2.0,4.8,563.7878549260397,-924.9704670415647,113,8,8,7
1518,138,4,negative_cash,-103.04698402257748,0.0,119.46876989095331,3.782666034200722,0.5,0.6,33.82247699240396,-158.17391291755797,12,2,1,1
1535,127,4,shell_expiry,5.81724594033297,0.0,0.0,0.0,0.0,0.0,0.0,0.0,0,0,0,0
1537,143,5,negative_cash,-13.240678359966509,20.16097487815979,18.821656273873884,4.473589100183385,0.5,0.6,29.922664178792544,-34.15693467469002,2,2,1,1
1541,142,5,negative_cash,-14.064589845489316,37.15967615082103,18.44273149537339,4.122745135076298,0.5,0.6,38.4547618162142,-24.960562295842863,2,2,1,1
1548,140,2,negative_cash,-0.7392762884309008,30.984345103756002,36.400064520525646,1.910015484447259,0.5,0.6,0.0,-8.425734901216902,4,2,1,1
1553,75,6,negative_cash,-22.12635125084995,458.98443214203076,233.264,68.09472407713861,3.75,9.0,264.87613745422965,-120.00042938933751,29,15,15,7
1566,146,3,negative_cash,-14.522413592433722,0.0,21.602470389274934,3.72040198375088,0.5,0.6,18.417932459714997,-44.840804832740815,2,2,1,1
1570,147,3,negative_cash,-12.843291085897356,0.0,20.567714745840235,2.711753308883145,0.5,0.6,19.05726901328957,-43.43673706801295,2,2,1,1
1577,148,2,negative_cash,-14.943696334143304,0.0,20.38904019669551,2.7006625420529993,0.5,0.6,0.0,-24.18970273874851,2,2,1,1
1594,151,2,negative_cash,-17.854342100363084,0.0,18.81894388024905,2.4629541169812508,0.5,0.6,0.0,-22.381897997230304,2,2,1,1
1597,153,1,negative_cash,-29.282699837830705,0.0,27.256947628233213,2.838530807087041,0.5,0.6,0.0,-31.195478435320254,3,2,1,1
1611,152,2,negative_cash,-20.721076030129883,15.87962994968583,36.17918823812975,2.120933473905094,0.5,0.6,0.0,-23.520491762349014,4,2,1,1
1626,157,3,negative_cash,-0.5810344118182407,0.0,9.118488151775905,3.6393137250772116,0.5,0.6,16.28747797163411,-30.145279848487228,1,2,1,1
1628,158,3,negative_cash,-28.863840772909214,0.0,19.18743205507736,3.2319343335937094,0.5,0.6,24.657919806038933,-48.17728619471001,2,2,1,1
1655,162,5,negative_cash,-25.09136156543606,0.0,10.080229823161735,4.496182244072827,0.5,0.6,32.68737511254314,-48.3637871797777,1,2,1,1
1656,150,5,negative_cash,-47.04583093408472,141.12514687431207,69.49981411742257,33.6978226641041,1.0,2.4,104.47776924701628,-69.95025915423089,8,4,4,3
1661,145,5,negative_cash,-0.766975448327424,0.0,0.0,0.0,0.5,0.6,0.0,-1.1,0,2,1,0
1662,155,2,negative_cash,-13.754713266162796,0.0,41.097353976879546,2.2822656777900967,0.5,0.6,0.0,-44.47961965466964,4,2,1,1
1666,149,6,negative_cash,-0.18824327454386847,0.0,0.0,0.0,0.5,0.6,0.0,-1.1,0,2,1,0
1667,120,3,negative_cash,-102.66811201064948,0.0,74.04680781318474,2.0,1.0,2.4,76.69478113368294,-156.14158894686767,7,4,4,2
1676,166,6,negative_cash,-49.428861152669654,0.0,20.07345087825369,4.299927480915625,0.5,0.6,31.002908670293735,-56.47628702946305,2,2,1,1
1681,161,5,negative_cash,-10.57465578364269,59.51891100842667,30.58918527768401,4.319809659553763,0.5,0.6,43.98496907083852,-20.47505299964962,3,2,1,1
1686,168,2,negative_cash,-3.1199357102216467,0.0,20.83414339360415,2.689843748440178,0.5,0.6,0.0,-24.62398714204433,2,2,1,1
1692,167,1,negative_cash,-6.212669187736063,13.838513327548617,20.11028039673057,1.9927459191670005,0.5,0.6,0.0,-9.364512988348954,2,2,1,1
1693,164,4,negative_cash,-29.251063852415655,0.0,86.11839842332967,3.092868458323046,0.5,0.6,49.594578606129545,-139.90584548778224,10,2,1,1
1695,160,6,negative_cash,-15.831697032040672,109.75896556727153,82.15720956291634,33.06609187457001,0.75,1.7999999999999998,66.05473060042624,-74.06906647064106,8,3,3,2
1699,169,3,negative_cash,-12.011512597776495,0.0,20.272328497531756,2.652154745261978,0.5,0.6,19.97935427846847,-44.003837521262206,2,2,1,1
1704,154,4,negative_cash,-0.5852485193859587,0.0,0.0,0.0,0.5,0.6,0.0,-1.1,0,2,1,0
1704,170,5,negative_cash,-3.6404375238524054,4.816194324040595,19.80669732333284,3.467659913309228,0.5,0.6,39.853958687304434,-59.41212159990591,2,2,1,1
1707,171,6,negative_cash,-44.189646661366616,0.0,18.56097395133387,4.385050084201642,0.5,0.6,30.683858189041548,-54.72988222457706,2,2,1,1
1708,163,5,negative_cash,-7.193727024861936,46.053839895498406,29.45882476687413,9.161462652822673,0.5,0.6,45.35966955442861,-39.02611707862701,3,2,1,1
1711,156,5,negative_cash,-0.03550564174028992,0.0,0.0,0.0,0.5,0.6,0.0,-1.1,0,2,1,0
1720,173,6,negative_cash,-4.11875744744539,0.0,21.706244151351992,3.6009118110933556,0.5,0.6,35.65222406687735,-62.059380029322696,2,2,1,1
1726,172,5,negative_cash,-3.9656821455171567,48.110721507137214,21.4190586224191,2.91615383405969,0.5,0.6,36.19040752752569,-13.514898476867273,2,2,1,1
1726,159,5,negative_cash,-1.0982963656754614,0.0,0.0,0.0,0.5,0.6,0.0,-1.1,0,2,1,0
1735,175,2,negative_cash,-22.580206093778695,0.0,19.866117155531864,2.797250526764587,0.5,0.6,0.0,-23.76336768229645,2,2,1,1
1741,144,6,negative_cash,-22.990664050616203,306.99963101497764,144.0,69.4194460496121,1.75,4.2,164.41268751436616,-76.78250254900063,18,7,7,6
1743,129,4,negative_cash,-369.86179345266663,237.09667886822956,300.1277032150289,80.3712409025708,3.5,8.4,230.6354275715034,-385.9376928208735,37,14,14,9
1756,179,5,negative_cash,-37.504689788784646,0.0,19.354716121357836,4.298757589199289,0.5,0.6,27.74808969992406,-52.50156341048118,2,2,1,1
1756,178,5,negative_cash,-19.582330307471686,37.508441622714294,9.570332868642652,2.8852647402087914,0.5,0.6,52.0,-28.04715598613715,1,2,1,1
1771,180,1,negative_cash,-10.893435771725272,0.0,21.841494068951842,2.5143275711610062,0.5,0.6,0.0,-25.455821640112852,2,2,1,1
1797,81,1,negative_cash,-16.34499630433811,24.6258655578904,68.44584699066732,6.0,9.75,3.5999999999999996,0.0,-63.16998143277692,7,39,6,6
1801,141,5,negative_cash,-46.43622144031838,632.9265845642108,288.0,80.9274425909054,3.0,0.6,466.2337601858134,-205.83461821250808,36,12,1,7
1813,184,2,negative_cash,-20.26671104955356,0.0,20.115836231239435,2.1619489436861605,0.5,0.6,0.0,-23.377785174925595,2,2,1,1
1827,185,3,negative_cash,-31.5157075193154,0.0,18.611846472245016,3.8146974831973846,0.5,0.6,25.340426330860822,-48.86697028630323,2,2,1,1
1839,174,4,shell_expiry,5.8325428093728,0.0,0.0,0.0,0.0,0.0,0.0,0.0,0,0,0,0
1842,183,5,negative_cash,-6.950571232864526,61.66028052311768,18.516937727562595,3.9593949978387593,0.5,0.6,50.33286056712154,-12.248912769405216,2,2,1,1
1852,186,2,negative_cash,-16.143614159124304,0.0,30.6067691275991,2.6842092948993392,0.5,0.6,0.0,-34.39097842249844,3,2,1,1
1884,187,5,negative_cash,-0.09515901794844694,5.272100189870267,18.542584744468755,3.795912136706592,0.5,0.6,39.43322674945323,-57.599623440758315,2,2,1,1
1886,188,3,negative_cash,-21.516390465697512,0.0,20.356201330342568,3.4266281870714987,0.5,0.6,20.780424526741275,-45.66325404415534,2,2,1,1
1897,189,6,negative_cash,-11.40379343721763,0.0,20.65190003770902,4.364302787746399,0.5,0.6,39.58569361544459,-65.70189644090001,2,2,1,1
1905,190,2,negative_cash,-1.6188040876968302,0.0,20.345634017724056,2.878126799815308,0.5,0.6,0.0,-24.323760817539366,2,2,1,1
1924,191,3,negative_cash,-46.90953671028137,0.0,20.277203536110527,2.531176305675256,0.5,0.6,30.51773935014674,-54.42611919193253,2,2,1,1
1948,193,5,negative_cash,-42.09241308797308,24.06502682674013,19.259710998672627,3.4653638630505785,0.5,0.6,43.231468295258566,-42.991516330241645,2,2,1,1
1956,165,3,negative_cash,-56.10655251755156,0.0,75.82788826249791,6.0,2.25,4.2,147.61835088647388,-235.8962391489718,7,9,7,6
1959,195,1,negative_cash,-20.70596260924935,0.0,19.66351075525241,2.1464140111049823,0.5,0.6,0.0,-22.909924766357395,2,2,1,1
1960,182,5,negative_cash,-33.533787133076686,75.6367410425049,8.0,53.58281354993115,1.0,0.6,64.40728886132587,-51.95336136875213,1,4,1,4
1963,194,1,negative_cash,-21.030745970450184,0.0,42.53779236209769,2.466846217587857,0.5,0.6,0.0,-46.10463857968555,4,2,1,1
1968,176,6,negative_cash,-116.53833938149728,561.9816212081553,455.8389982479908,58.72180042899631,2.5,6.0,264.3662569763045,-225.44543444513633,54,10,10,6
1968,203,3,negative_cash,-51.41292507390585,0.0,18.85769768595489,3.256827539656498,0.5,0.6,33.92311978844621,-57.1376450140576,2,2,1,1
1972,192,4,negative_cash,-59.34750329000383,12.808235499460125,144.9787948541192,3.9414720184683216,0.5,0.6,49.59557968608688,-186.80761105921425,15,2,1,1
1974,206,3,negative_cash,-16.865462778713336,0.0,18.04677641987014,2.564264542595916,0.5,0.6,26.91259406548256,-48.623635027948616,2,2,1,1
1986,207,5,negative_cash,-12.937832817649173,52.374780484635274,19.756358520519697,3.1424868290781163,0.5,0.6,44.48854929916795,-16.11261416413049,2,2,1,1
2012,177,4,negative_cash,-362.72755409492964,0.0,203.77580809635947,9.06035371694025,3.0,7.199999999999999,197.1500622550368,-420.1862240683365,25,12,12,8
2012,199,6,negative_cash,-17.333674343284187,50.483933547689915,64.3792862286289,5.9859521206546615,0.5,1.2,41.32204819574079,-62.90335299733444,7,2,2,1
2012,196,4,negative_cash,-41.90382313644312,74.06029155709186,104.78256469367354,40.17013050182386,0.75,1.7999999999999998,72.26583385998399,-145.7082374983895,11,3,3,2
2019,202,4,negative_cash,-59.93230923850771,5.914488353928404,74.6329149469291,27.923209440181214,0.75,1.7999999999999998,55.202019444747584,-154.39365547792949,9,3,3,2
2021,212,2,negative_cash,-23.90828579411351,0.0,20.384095156779935,2.5006191422389823,0.5,0.6,0.0,-23.98471429901892,2,2,1,1
2023,213,1,negative_cash,-18.483839337857642,0.0,19.362446684594484,2.6181932050484575,0.5,0.6,0.0,-23.080639889642942,2,2,1,1
2031,216,3,negative_cash,-5.590560440400338,0.0,18.453233037059366,2.7211272281859915,0.5,0.6,19.589159881554757,-41.86352014680011,2,2,1,1
2032,217,3,negative_cash,-15.902698285950677,0.0,20.540591116771473,2.7795378164700653,0.5,0.6,20.88076838276905,-45.30089731601059,2,2,1,1
2033,215,2,negative_cash,-24.772277026288485,0.0,30.468826410553724,2.559886427161029,0.5,0.6,0.0,-34.12871283771475,3,2,1,1
2040,205,5,negative_cash,-5.072598246626072,152.77866238646004,66.99710953894814,27.536637054852044,0.75,1.7999999999999998,76.99483269721732,-21.299916904557456,7,3,3,2
2050,219,3,negative_cash,-25.104598949393825,0.0,21.021101857552246,3.843926851182981,0.5,0.6,22.40317098181709,-48.368199690552316,2,2,1,1
2053,218,6,negative_cash,-4.365602842614923,22.465818196302138,9.779239702162727,4.043847275334385,0.5,0.6,19.84564986532063,-12.302918646515606,1,2,1,1
2056,214,2,negative_cash,-8.354668686371847,38.311573200637696,44.802929198310196,2.31847874398695,0.5,0.6,0.0,-9.90983474165945,5,2,1,1
2056,211,4,negative_cash,-10.59043150238793,56.88079221680164,66.05004916496978,3.8897551660810428,0.5,0.6,34.70389284768527,-48.86290496193445,7,2,1,1
2060,200,6,negative_cash,-0.09947370570059277,0.0,0.0,0.0,0.5,0.6,0.0,-1.1,0,2,1,0
2062,209,4,negative_cash,-32.893983412632224,38.78119224605928,40.430280086835204,13.98893006018567,0.75,1.7999999999999998,49.64601609183167,-67.83403399279327,4,3,3,2
2077,208,6,negative_cash,-28.20336473909674,56.50276291429357,26.58307109050051,24.725602803840783,0.75,1.7999999999999998,32.60687983580037,-29.962790815848095,3,3,3,2
2079,198,5,negative_cash,-28.219498820874925,137.4101443539552,66.34477099640903,42.92884263485583,1.25,3.0,97.51993799386929,-73.63340727117895,8,5,5,4
2082,222,6,negative_cash,-18.621300176987404,0.0,9.067737944332107,4.438070205737794,0.5,0.6,19.97966974637053,-34.58547789644043,1,2,1,1
2084,221,4,negative_cash,-25.708414099428644,15.59876291744743,20.185332421798122,3.7557117632075334,0.5,0.6,19.419554260428324,-28.86183552798655,2,2,1,1
2086,223,6,negative_cash,-9.745117598489784,12.914474903597657,9.867683780818929,3.228618725899415,0.5,0.6,19.28685422976463,-20.568681832885314,1,2,1,1
2088,220,4,negative_cash,-19.396876788223736,0.0,52.275761497878605,2.963042385349158,0.5,0.6,28.328644403106942,-84.6674482863347,5,2,1,1
2122,225,3,negative_cash,-51.82066771413865,0.0,21.594097351741954,3.6184746797649066,0.5,0.6,31.993781886393965,-58.30635391790082,2,2,1,1
2126,224,1,negative_cash,-26.938292410995878,0.0,30.57691965272919,2.006055623074612,0.5,0.6,0.0,-33.682975275803805,3,2,1,1
2137,226,1,negative_cash,-14.453443965008795,0.0,21.86781224547182,1.926617102110264,0.5,0.6,0.0,-24.894429347582086,2,2,1,1
2145,228,4,negative_cash,-59.83029067708284,0.0,38.83118205447895,3.911885864028008,0.5,0.6,21.62678870719138,-65.46985662569834,4,2,1,1
2148,230,1,negative_cash,-4.198145010079891,0.0,21.641808201480465,2.0978208005355072,0.5,0.6,0.0,-24.839629002015975,2,2,1,1
2159,232,5,negative_cash,-14.666909711823187,0.0,10.419033983608896,4.651315003816051,0.5,0.6,17.496378441707268,-33.666727429132216,1,2,1,1
2165,229,1,negative_cash,-9.976278842906027,0.0,28.02018446342902,1.974225090113769,0.5,0.6,0.0,-31.09440955354279,3,2,1,1
2168,231,5,negative_cash,-2.889603745715652,27.322020758227858,10.241084691168869,3.946991256909304,0.5,0.6,20.40524775376052,-8.371302943610834,1,2,1,1
2169,227,4,negative_cash,-62.19478621191854,0.0,61.28264550555765,2.6927837372411374,0.5,0.6,31.932619273699352,-97.00804851649812,6,2,1,1
2188,235,6,negative_cash,-3.651500132721221,56.00692307032082,21.66518591470444,3.3893377328730994,0.5,0.6,39.0,-9.147600577256714,2,2,1,1
2194,204,6,negative_cash,-565.6935060418689,1096.3926576995864,2124.0176495706623,67.93328025948212,2.5,6.0,490.7792762468613,-1594.8375483774194,195,10,10,7
2206,240,3,negative_cash,-28.193339478030204,0.0,20.30157261158574,3.825644746880178,0.5,0.6,24.17056311323264,-49.39778047169856,2,2,1,1
2207,237,1,negative_cash,-1.5937067723196705,0.0,19.217277520696115,2.276625165617901,0.5,0.6,0.0,-22.593902686314017,2,2,1,1
2217,241,1,negative_cash,-8.48723228765337,0.0,18.372389646194538,1.9421490684143539,0.5,0.6,0.0,-21.414538714608895,2,2,1,1
2218,201,5,negative_cash,-332.25199388392866,1528.3412111983782,1896.992422153698,139.0124893625108,3.0,7.199999999999999,593.1994296730714,-1111.063129990902,186,12,12,9
2231,245,3,negative_cash,-26.462949045332635,0.0,21.079798442539996,2.96209792806195,0.5,0.6,23.679088253100375,-48.82098462370232,2,2,1,1
2246,242,4,negative_cash,-53.26077029285156,0.0,72.6213478329078,3.532342163146549,0.5,0.6,32.33633696198577,-109.59002695804011,7,2,1,1
2249,238,5,negative_cash,-85.88024431406944,66.81547111626493,92.55255553976814,12.62812404097407,0.5,0.6,58.70985436538987,-98.17506282986716,10,2,1,1
2253,244,5,negative_cash,-21.661192985694285,79.51976749751454,62.92208081987925,4.609770407890137,0.5,0.6,61.482478557576385,-50.59456228783124,6,2,1,1
2253,248,1,negative_cash,-2.574854490058776,0.0,20.56967416369239,2.8452967343193656,0.5,0.6,0.0,-24.514970898011757,2,2,1,1
2262,234,6,negative_cash,-16.66905695620261,130.27499126951756,131.00612538381702,22.907905580065815,0.5,1.2,50.403327312797195,-75.74236700716247,14,2,2,1
2266,246,5,negative_cash,-4.484977916224992,66.51520915080532,51.522613279293,3.584177452763192,0.5,0.6,52.2498761663044,-41.94145774755527,5,2,1,1
2269,250,6,negative_cash,-4.4865190954140175,11.864669585964233,18.46921712939223,4.271281050947123,0.5,0.6,23.587343070737134,-35.56317166511226,2,2,1,1
2270,247,5,negative_cash,-21.66084319709274,29.99373243934221,40.82451327627706,3.2874189757316423,0.5,0.6,48.34078818079186,-63.55898799345835,4,2,1,1
2274,210,4,negative_cash,-78.43481200145975,76.54088720080652,64.0,26.850360989835306,3.0,5.3999999999999995,87.12940777628265,-109.83888156531142,8,12,9,5
2283,252,2,negative_cash,-2.0435821312395888,0.0,18.352916784389784,2.417089969515965,0.5,0.6,0.0,-21.87000675390575,2,2,1,1
2291,253,6,negative_cash,-14.838602122710334,0.0,10.000752574439671,3.9660528487001665,0.5,0.6,16.809028318379312,-31.875833741519152,1,2,1,1
2293,197,3,negative_cash,-156.7938471302872,0.0,69.6232597663461,4.0,1.25,3.0,80.42750048619862,-158.3007602525447,7,5,5,4
2293,249,5,negative_cash,-22.049218240734056,25.738424247000495,30.30093364361845,3.3001969375255698,0.5,0.6,32.41805663675862,-41.38076297090215,3,2,1,1
2324,255,5,negative_cash,-37.58402850402,0.0,18.15989240999939,4.442214289558392,0.5,0.6,26.978498146391313,-50.6806048459491,2,2,1,1
2325,239,4,negative_cash,-61.14785156928795,58.410398690579385,48.0,30.110560524993673,1.25,3.0,73.83548129858879,-97.78564313300308,6,5,5,4
2338,256,5,negative_cash,-35.782428294251886,0.0,19.12093216901362,4.340138953919193,0.5,0.6,25.553025323844754,-50.114096446777566,2,2,1,1
2341,233,5,negative_cash,-18.73300049956663,82.0915190648331,32.0,15.231206960136088,1.5,1.7999999999999998,76.0065345889434,-44.44622248424639,4,6,3,4
2368,257,1,negative_cash,-7.830837556940448,0.0,10.61140107107957,2.492025324136036,0.5,0.6,0.0,-14.203426395215606,1,2,1,1
2370,258,3,negative_cash,-1.6792700777259597,0.0,27.10936602013969,2.735910923208128,0.5,0.6,28.335842866953236,-59.28111981030105,3,2,1,1
2416,260,4,negative_cash,-0.3399086412422321,26.278830498882733,92.99153085341389,3.600315758332689,0.5,0.6,40.153409864251316,-111.56642597711516,10,2,1,1
2418,236,6,negative_cash,-163.7296309967992,666.0918562098532,945.2681942790571,69.77071795916129,2.5,6.0,347.38476727416935,-704.8318233025345,92,10,10,8
2425,267,3,negative_cash,-14.175041666841288,0.0,10.02233787263517,3.133559807550608,0.5,0.6,17.957721486049408,-32.21361916623518,1,2,1,1
2426,264,2,negative_cash,-11.427249147947983,0.0,20.404544464645106,2.6405745946895705,0.5,0.6,0.0,-24.14511905933468,2,2,1,1
2426,263,5,negative_cash,-0.41209304969312655,61.40047137648643,19.408113563344273,3.144084219323952,0.5,0.6,41.2180942995142,-3.4698207056959944,2,2,1,1
2426,261,2,negative_cash,-0.3131858519642421,0.0,30.736844183574263,1.9732915299179146,0.5,0.6,0.0,-33.81013571349218,3,2,1,1
2430,268,3,negative_cash,-27.250483709661488,0.0,9.529328375342148,3.6326310427478226,0.5,0.6,22.5506615093254,-36.812620927415374,1,2,1,1
2450,243,5,negative_cash,-902.6426960944002,1330.6748481689028,1757.2689604914283,84.85478373723302,2.5,6.0,634.2375611633846,-1154.186457223143,160,10,10,6
2462,259,4,negative_cash,-92.29840698772287,0.0,48.27497136213923,31.602657237781028,0.75,1.7999999999999998,49.17357280446276,-131.601201404383,6,3,3,2
2477,265,2,negative_cash,-80.09746785934844,0.0,82.74578996248162,10.158608993200279,0.75,1.7999999999999998,0.0,-95.4543989556819,10,3,3,1
2487,262,5,negative_cash,-7.18536174397201,160.8348462066656,57.199497893190724,27.725081922477866,1.0,2.4,109.87583788740677,-37.365571496409785,7,4,4,3
2490,274,3,negative_cash,-15.750174615053638,0.0,18.508919648347522,3.5833361681574885,0.5,0.6,22.05780116858736,-45.25005698509237,2,2,1,1
2501,271,6,negative_cash,-50.23179248252082,44.98908438038496,57.82898009251717,3.76157104090598,0.5,0.6,44.76148198257964,-62.46294873561783,6,2,1,1
2508,276,3,negative_cash,-23.508089833451223,0.0,10.017955470832511,3.273438077483782,0.5,0.6,21.48563029435568,-35.877023842671974,1,2,1,1
2528,277,1,negative_cash,-3.423317274885278,0.0,21.323102135217155,2.261561319759899,0.5,0.6,0.0,-24.684663454977056,2,2,1,1
2540,270,5,negative_cash,-5.587014696078633,30.89680580475423,8.09068832123367,9.670724973944004,0.25,0.6,19.38825651929651,-7.102864009719957,1,1,1,1
2542,275,6,negative_cash,-25.777374947199416,87.0316860996091,53.21227192791211,16.614946152692532,0.75,1.7999999999999998,61.3564690911314,-46.70200107212695,5,3,3,2
2546,279,5,negative_cash,-0.26813648848811766,53.483503013509846,21.15570887552849,2.9669103003056496,0.5,0.6,33.31376086549419,-5.052877027818482,2,2,1,1
2548,278,2,negative_cash,-21.44410694537036,0.0,20.60573959998998,2.2046554755274057,0.5,0.6,0.0,-23.91039507551739,2,2,1,1
2551,272,2,negative_cash,-0.8702812275602505,0.0,0.0,0.0,0.5,0.6,0.0,-1.1,0,2,1,0
2559,280,1,negative_cash,-15.19358143821476,0.0,19.343578857180756,2.0886847158550372,0.5,0.6,0.0,-22.532263573035795,2,2,1,1
2562,281,1,negative_cash,-17.341067695438056,0.0,18.408577940156103,2.7413714363573454,0.5,0.6,0.0,-22.24994937651345,2,2,1,1
2573,251,4,negative_cash,-25.78201554641032,375.76513038593026,299.3935786377087,47.64612385405408,3.75,9.0,305.35685269083996,-289.3814247966725,32,15,15,8
2574,273,6,negative_cash,-0.8361266860272942,0.0,0.0,0.0,0.5,0.6,0.0,-1.1,0,2,1,0
2605,284,6,negative_cash,-24.9702534387675,12.70799872721452,19.017536796273568,3.049919694531485,0.5,0.6,18.866625110114512,-29.326082873705047,2,2,1,1
2608,285,6,negative_cash,-6.566939623016026,0.0,10.24349144652583,3.896323102136203,0.5,0.6,16.401920357091974,-31.641734905754006,1,2,1,1
2612,286,5,negative_cash,-30.211090551055662,25.003325919978046,20.504047874251086,4.500598665596049,0.5,0.6,34.38376944382894,-35.485090063698024,2,2,1,1
2643,269,5,negative_cash,-231.07282508335908,402.86150622287545,323.73671028,50.63979210536091,1.75,2.4,337.6732064128905,-313.338202575376,36,7,4,6
2661,288,3,negative_cash,-31.177938710830944,0.0,19.407471427521344,3.8758849750726765,0.5,0.6,24.350661509325406,-48.73401791191942,2,2,1,1
2663,254,3,negative_cash,-113.39690767423298,0.0,64.92614456501008,3.0,1.0,2.4,73.26666943145658,-144.59281399646665,7,4,4,3
2668,283,4,negative_cash,-479.5569805987332,0.0,304.5362749961692,50.32309337569063,1.0,2.4,127.03172974486212,-485.2910981167219,33,4,4,3
2678,266,6,negative_cash,-765.9546352371165,1194.7009160451018,1379.3259860175856,92.78804396208096,3.0,7.199999999999999,536.8483354959131,-824.4614494304778,133,12,12,7
2716,292,2,negative_cash,-4.108864897009738,0.0,54.55910553013079,2.469718081739823,0.5,0.6,0.0,-58.128823611870615,6,2,1,1
2747,291,5,negative_cash,-16.164947486540516,48.588225735123444,18.501494778246997,6.923822167255091,0.5,0.6,39.670328446660086,-17.607419657038733,2,2,1,1
2747,181,1,negative_cash,-7.147884959779155,18.17180492462914,24.0,6.0,11.25,0.6,0.0,-23.678195075370862,3,45,1,6
2755,282,4,negative_cash,-9.035605787853598,270.42856188394865,145.05763803338283,39.25209489928727,2.0,4.8,170.5916023523019,-91.27277340102334,18,8,8,7
2761,298,6,negative_cash,-18.758104015605454,15.860878388275857,20.402880388754447,3.8066108131862055,0.5,0.6,52.0,-61.448612813664795,2,2,1,1
2763,297,3,negative_cash,-27.119242855389153,0.0,9.664795855685677,3.80079705196387,0.5,0.6,21.401533808617952,-35.9671267162675,1,2,1,1
2790,299,1,negative_cash,-5.510983141835034,0.0,27.381046409983288,2.0875291323002,0.5,0.6,0.0,-30.56857554228349,3,2,1,1
2797,294,4,negative_cash,-141.59182689575243,37.54365574816451,108.80466137941103,31.129947891186404,0.75,1.7999999999999998,69.66256147298891,-174.60351499542185,13,3,3,2
2798,301,5,negative_cash,-15.329718615868718,38.243188364684634,10.182341840149736,2.9417837203603567,0.5,0.6,52.0,-27.980937195825458,1,2,1,1
2804,302,4,negative_cash,-35.59078743371377,0.0,21.834208465121527,2.930575177735736,0.5,0.6,24.260236929987173,-50.125020572844434,2,2,1,1
2809,303,6,negative_cash,-48.98874836218849,0.0,18.25657910734551,4.42944357681307,0.5,0.6,26.087120206475163,-49.873142890633744,2,2,1,1
2827,305,1,negative_cash,-5.084936077911813,0.0,20.727770549727538,2.474347221545686,0.5,0.6,0.0,-24.302117771273224,2,2,1,1
2836,300,4,negative_cash,-23.03582927229356,5.112364041661795,8.0,2.689599117345572,0.5,0.6,16.4030512793915,-23.08028635507528,1,2,1,1
2844,306,3,negative_cash,-15.210066097018043,0.0,18.403000771628964,3.084855572772116,0.5,0.6,22.482166187105605,-45.07002253150669,2,2,1,1
2853,308,3,negative_cash,-21.50936292983532,0.0,18.97349489166063,3.6734222892957815,0.5,0.6,21.83172367600053,-45.57864085695694,2,2,1,1
2857,304,2,negative_cash,-24.482359086203914,0.0,53.04791836276698,7.713368211918775,0.75,1.7999999999999998,0.0,-63.31128657468575,6,3,3,2
2857,293,2,negative_cash,-49.52261293615334,0.0,68.2212489674545,16.92960224862248,1.25,3.0,0.0,-89.40085121607697,8,5,5,4
2866,307,2,negative_cash,-11.487588386555409,0.0,21.10665062564219,2.78001460554729,0.5,0.6,0.0,-24.98666523118948,2,2,1,1
2875,287,5,negative_cash,-0.705895399254814,636.7194605774478,855.0367102099051,53.08006805440796,2.5,6.0,500.0193018172875,-779.9166195041528,93,10,10,6
2893,290,6,negative_cash,-64.03178957523664,1121.5337992699717,1577.6009960395763,84.1755255056637,2.5,6.0,416.10014845163687,-964.8428707269052,164,10,10,8
2897,312,3,negative_cash,-20.349504455496053,0.0,18.451917612381926,2.9995330729283283,0.5,0.6,24.231717812016715,-46.78316849732697,2,2,1,1
2904,313,4,negative_cash,-14.405512498670902,0.0,18.789799468902807,3.9071722271624996,0.5,0.6,21.004865803491665,-44.80183749955697,2,2,1,1
2919,315,4,negative_cash,-5.1628443619347095,0.0,9.297717495991915,3.2891009516984258,0.5,0.6,17.603892642793333,-31.290711090483676,1,2,1,1
2923,316,3,negative_cash,-23.4904811681065,0.0,10.010605640811772,2.7355632136444834,0.5,0.6,22.02645048597634,-35.87261934043259,1,2,1,1
2923,314,2,negative_cash,-7.707141577641142,0.0,10.708646855695989,2.3810355418196965,0.5,0.6,0.0,-14.189682397515684,1,2,1,1
2924,317,3,negative_cash,-5.143566749719476,0.0,27.89185898958342,3.0278673123817503,0.5,0.6,28.31883949316657,-60.33856579513174,3,2,1,1
2934,318,2,negative_cash,-4.5028633158850155,0.0,30.91156331720454,1.9175797291540535,0.5,0.6,0.0,-33.9291430463586,3,2,1,1
2939,296,4,negative_cash,-93.80352495373955,160.58035696139333,208.0,23.500807796572165,2.0,4.8,154.8418459100283,-232.5622967452071,26,8,8,7
2951,310,5,negative_cash,-73.53478168759878,42.46756311148509,63.01728033533777,14.877339507681718,0.5,1.2,57.15985470108041,-94.28691143261481,7,2,2,1
2965,321,6,negative_cash,-30.85152133695229,0.0,21.490742142512367,4.38707547530828,0.5,0.6,23.877233954878278,-50.855051572698926,2,2,1,1
2985,322,3,negative_cash,-25.945152539014984,0.0,18.040889950138432,3.1379357520028304,0.5,0.6,24.95691322686279,-47.23573892900405,2,2,1,1
3015,289,3,negative_cash,-5.017765881502726,0.0,62.81904790209906,3.0,1.0,2.4,72.99068391690763,-142.2097318190067,7,4,4,3
3021,324,5,negative_cash,-48.98667490429636,4.177116361149363,19.256757579186168,3.007523780027541,0.5,0.6,32.98780780259235,-52.1749728006567,2,2,1,1
3052,320,2,negative_cash,-1.0784548588828522,0.0,0.0,0.0,0.5,0.6,0.0,-1.1,0,2,1,0
3091,327,1,negative_cash,-1.1638246203465812,0.0,20.514552225745604,1.863779481499203,0.5,0.6,0.0,-23.47833170724481,2,2,1,1
3106,329,3,negative_cash,-38.35032201058098,0.0,20.47870015715204,2.7390066989897144,0.5,0.6,27.186065211410984,-51.503772067552745,2,2,1,1
3108,330,1,negative_cash,-15.840295003540565,0.0,19.482107178042472,2.0579419892142843,0.5,0.6,0.0,-22.64004916725676,2,2,1,1
3114,309,5,negative_cash,-162.41751396788243,787.2460131046756,950.7091011016671,48.292074475401975,2.75,6.6,529.6773859398824,-750.7825484122758,89,11,11,6
3128,334,2,negative_cash,-3.838763689924683,0.0,21.22060654116843,2.447146196816507,0.5,0.6,0.0,-24.76775273798494,2,2,1,1
3132,325,4,negative_cash,-2.533487137518023,0.0,88.91949979361266,26.479031795900408,0.5,1.2,36.011677928379996,-153.11020951789305,11,2,2,1
3156,331,5,negative_cash,-24.88675139568302,60.22828303852943,44.019652215476796,3.6732285390241537,0.5,0.6,53.528663654536615,-42.09326137050813,5,2,1,1
3165,326,4,negative_cash,-27.146339916412956,184.90456144389833,88.5107226057432,42.68263013565414,1.0,2.4,80.48547277946703,-30.17426407696604,11,4,4,3
3170,335,2,negative_cash,-9.575993956836115,0.0,48.10559476915638,2.1670335561362895,0.5,0.6,0.0,-51.37262832529267,5,2,1,1
3170,336,6,negative_cash,-27.87805958271199,35.62976831772694,34.53276837104365,3.660634048486915,0.5,0.6,42.06421061735267,-45.727844719156295,4,2,1,1
3172,319,4,negative_cash,-89.50551567391818,115.00625583457679,252.6727488665042,8.340255224607194,2.5,6.0,163.24963119561497,-317.7563794521496,30,10,10,7
3177,333,4,negative_cash,-79.2502845685951,13.819286663325594,58.954002294864424,18.071374867425774,0.5,1.2,34.208758446284996,-99.1148489452496,7,2,2,1
3186,340,3,negative_cash,-22.913297289601772,0.0,19.820453377892328,3.5996722680352633,0.5,0.6,23.117640117272995,-47.63776576320059,2,2,1,1
3191,338,4,negative_cash,-56.56251305461589,0.0,59.918200246301595,3.821605124258959,0.5,0.6,34.49041005795647,-99.33021542851702,6,2,1,1
3192,328,6,negative_cash,-5.5876073723950554,67.47491257310662,16.0,35.06664097832899,0.75,1.2,20.641338708002397,-6.183067113224766,2,3,2,2
3202,311,6,negative_cash,-27.278137080903946,260.4881177407227,168.89595684701783,28.833294503384348,2.75,6.6,132.32047177343375,-78.91160538311323,18,11,11,2
3205,337,4,negative_cash,-123.02069344069747,0.0,81.33157990262913,3.7685402905328393,0.5,0.6,44.01070476768166,-130.21082496084364,9,2,1,1
3226,342,1,negative_cash,-21.633660998251315,0.0,21.941052682231064,2.3742734227690625,0.5,0.6,0.0,-25.415326105000126,2,2,1,1
3290,343,5,negative_cash,-22.96743404143342,0.0,9.799194270401824,3.984319733674214,0.5,0.6,20.858344506282318,-35.741858510358355,1,2,1,1
3303,323,3,negative_cash,-79.51347348048239,0.0,65.91379256606928,6.0,2.0,3.0,106.68426686867063,-183.59805943473992,7,8,5,6
3305,344,3,negative_cash,-18.628793154967624,0.0,18.499343137252218,2.794460847847993,0.5,0.6,22.517640117272993,-44.91144410237321,2,2,1,1
3336,346,1,negative_cash,-17.463415321062836,0.0,19.0886129711846,2.7219562489925395,0.5,0.6,0.0,-22.91056922017714,2,2,1,1
3339,332,5,negative_cash,-189.82448449955587,387.99415401039954,248.73808976,62.30620100266488,2.25,0.6,328.72562280936666,-254.62575956163198,30,9,1,10
3350,351,5,negative_cash,-33.44761694086036,19.382911744126012,19.083090605053954,4.651898818590243,0.5,0.6,34.525069201040736,-39.97714688055892,2,2,1,1
3358,350,6,negative_cash,-8.329067750538023,36.51685020160614,27.98425809383035,3.895601623123094,0.5,0.6,30.02005536083259,-26.483064876179892,3,2,1,1
3359,348,6,negative_cash,-23.624854498340362,24.449115061125706,29.76906869411345,4.23835898110306,0.5,0.6,23.620055360832588,-34.27836797492339,3,2,1,1
3375,349,4,negative_cash,-3.7537600250688286,49.63312579346245,59.50581929411451,3.4416461117877994,0.5,0.6,46.2385877569546,-60.65292736939446,6,2,1,1
3377,352,4,negative_cash,-80.77325494236398,0.0,61.74302499495121,3.8358807995158206,0.5,0.6,36.008758446285,-102.68766424075203,7,2,1,1
3379,353,5,negative_cash,-6.2993163996918895,0.0,19.90548531685291,3.6191036819522946,0.5,0.6,38.525069201040736,-63.149658199845945,2,2,1,1
3390,354,1,negative_cash,-1.039882834972012,0.0,21.407617418551183,2.273243870103431,0.5,0.6,0.0,-24.780861288654616,2,2,1,1
3421,355,3,negative_cash,-13.355314610731327,0.0,18.004279163410068,2.522830811225869,0.5,0.6,21.617051291865877,-43.24416126650182,2,2,1,1
3435,356,2,negative_cash,-9.903742306576955,0.0,9.821438585658385,2.8611695562491386,0.5,0.6,0.0,-13.782608141907522,1,2,1,1
3440,341,6,negative_cash,-190.04080524797473,704.0483622108563,737.8879268677081,93.83377887484455,2.75,6.6,290.9557058506155,-427.9790493823118,73,11,11,8
3469,357,2,negative_cash,-39.95199651357463,0.0,50.015847731129725,1.864435276290194,0.5,0.6,0.0,-52.98028300741992,5,2,1,1
3479,358,5,negative_cash,-22.639470173482394,96.51691751640523,58.142283278965095,4.285460494873235,0.5,0.6,56.283770616884865,-23.294596874317968,6,2,1,1
3568,361,6,negative_cash,-27.938914955089203,0.0,19.056731257787106,4.1071312831996085,0.5,0.6,25.049109110709686,-49.3129716516964,2,2,1,1
3575,347,5,negative_cash,-24.276056012725007,327.8510929824404,144.0,30.8708985263993,2.5,5.3999999999999995,218.97215869164683,-73.89196423560574,18,10,9,7
3576,339,4,negative_cash,-358.6133954205233,53.05013840208147,195.87349581578727,41.379423728256896,5.0,12.0,280.61425576822995,-481.81703691019266,21,20,20,8
3616,366,1,negative_cash,-5.897471585158527,0.0,18.775681585959187,2.6718704770638317,0.5,0.6,0.0,-22.54755206302302,2,2,1,1
3625,362,4,negative_cash,-49.17672023322666,0.0,60.016042361752916,15.170025718535943,0.75,1.7999999999999998,44.21265108907833,-121.9487191693672,6,3,3,2
3632,368,1,negative_cash,-14.614640194082114,0.0,18.646457348291793,2.689316017388561,0.5,0.6,0.0,-22.435773365680355,2,2,1,1
3633,295,1,negative_cash,-30.71388155794252,0.0,24.0,6.0,10.75,0.6,0.0,-41.35,3,43,1,6
3633,360,4,negative_cash,-0.8013862385386425,0.0,0.0,0.0,0.5,0.6,0.0,-1.1,0,2,1,0
3639,367,1,negative_cash,-21.177850864779337,0.0,27.61842558867405,2.2605414207335923,0.5,0.6,0.0,-30.978967009407643,3,2,1,1
3643,365,4,negative_cash,-10.870945888207629,128.5325456160855,95.86812464636677,25.326753874805938,0.75,1.7999999999999998,69.73771729548493,-64.95005020057212,11,3,3,2
3651,371,5,negative_cash,-38.811783580064,0.0,21.448769171679942,3.648393082957952,0.5,0.6,27.035424898959846,-53.23258715359774,2,2,1,1
3655,372,2,negative_cash,-11.301853062793406,0.0,21.519332861027294,2.8508647929428177,0.5,0.6,0.0,-25.470197653970114,2,2,1,1
3682,370,2,negative_cash,-3.432369022430464,30.64086582676672,77.18024008607641,2.0147646558076686,0.5,0.6,0.0,-49.65413891511736,8,2,1,1
3683,373,1,negative_cash,-1.8745265394130861,22.922885439507564,27.308140261386573,2.149020509953834,0.5,0.6,0.0,-7.634275331832843,3,2,1,1
3685,345,3,negative_cash,-101.80856956964925,0.0,63.00819950122728,2.0,0.75,1.7999999999999998,77.97370820620486,-145.53190770743214,7,3,3,2
3704,359,6,negative_cash,-527.1515164091775,804.3776802923123,1044.4844194821992,71.64927871099557,3.0,7.199999999999999,516.9875230966971,-838.9435409975796,121,12,12,7
3713,377,1,negative_cash,-1.603077024068547,0.0,20.37698799014127,2.843627414672441,0.5,0.6,0.0,-24.32061540481371,2,2,1,1
3730,375,5,negative_cash,-61.31359211524999,42.92905713137753,46.89026340620617,3.7804881132750046,0.5,0.6,55.14551033870125,-63.98720472680489,5,2,1,1
3730,378,6,negative_cash,-18.109479667525513,48.89258464976879,27.83708600369824,3.013960548237836,0.5,0.6,35.51553916519363,-18.574001067360914,3,2,1,1
3745,379,6,negative_cash,-32.38352359166814,0.0,20.81726805520312,4.643449663528586,0.5,0.6,24.233790145157677,-50.79450786388938,2,2,1,1
3753,380,2,negative_cash,-0.9071783612613515,0.0,19.88657078359718,2.4790540738792406,0.5,0.6,0.0,-23.46562485747642,2,2,1,1
3766,382,6,negative_cash,-31.650482963242574,0.0,20.129841527728402,4.231602626571961,0.5,0.6,25.81618017376487,-51.27762432806524,2,2,1,1
3766,381,3,negative_cash,-44.28320575760468,0.0,18.099106746354064,2.6103896480869118,0.5,0.6,31.714775642064946,-53.52427203650592,2,2,1,1
3768,383,3,negative_cash,-36.897573160770236,0.0,10.931709349274488,3.1015487801654134,0.5,0.6,24.091135161251838,-39.22439329069174,1,2,1,1
3800,384,5,negative_cash,-29.75998079679549,0.0,20.53109435815351,4.583049954367453,0.5,0.6,30.71172019354357,-56.925864506064535,2,2,1,1
3823,363,5,negative_cash,-66.84369953859516,465.77607702089307,418.2079999999995,57.8926664875425,2.5,4.2,451.92371062941385,-468.9483000960628,51,10,7,8
3840,386,3,negative_cash,-6.4375595756792094,0.0,9.747880009414306,3.279048245356985,0.5,0.6,17.48246163914851,-31.609389893919804,1,2,1,1
3861,389,5,negative_cash,-9.254704377337688,0.0,21.851433224403664,4.337147312779063,0.5,0.6,37.8565912640949,-65.14517180127763,2,2,1,1
3875,388,1,negative_cash,-5.742973054353399,23.44903299278645,29.533019827257537,1.8759226394229158,0.5,0.6,0.0,-9.059909473894002,3,2,1,1
3878,387,4,negative_cash,-43.29075906879427,0.0,76.76044265090925,3.0643918273064643,0.5,0.6,40.00973160698333,-120.93456608519904,8,2,1,1
3887,390,2,negative_cash,-16.733913400319807,0.0,18.221358443734466,2.8151089625590022,0.5,0.6,0.0,-22.13646740629347,2,2,1,1
3902,376,6,negative_cash,-83.59463736930093,917.7862310276203,1247.7260698557639,94.7287272403747,2.25,5.3999999999999995,491.7199428063818,-924.0385088749001,113,9,9,7
3910,393,1,negative_cash,-10.073174802934744,0.0,18.037756270469906,2.541106196685883,0.5,0.6,0.0,-21.67886246715579,2,2,1,1
3924,394,2,negative_cash,-18.388383573131023,0.0,19.364354220049293,2.600376375472542,0.5,0.6,0.0,-23.064730595521837,2,2,1,1
3928,391,5,negative_cash,-56.84670814855241,36.63935703000838,51.66180148282474,3.485940012942408,0.5,0.6,55.02344038708714,-74.63182485284591,6,2,1,1
3940,395,5,negative_cash,-39.127098458464836,0.0,10.042036000066581,4.292938582258027,0.5,0.6,24.34680003134465,-39.781774613669256,1,2,1,1
3953,396,2,negative_cash,-13.91325546761351,0.0,21.150994154601037,1.8304646028846303,0.5,0.6,0.0,-24.08145875748567,2,2,1,1
3960,398,5,negative_cash,-20.70071409776091,9.997874142215084,18.499711931578673,3.59923469119743,0.5,0.6,28.800129274508368,-42.00120175506939,2,2,1,1
3960,364,4,negative_cash,-122.2821711397375,317.41857237090875,247.75392860703107,39.53614380102338,4.75,11.4,217.66617492748662,-203.68767496463232,29,19,19,9
3990,403,3,negative_cash,-22.851547245008312,0.0,10.9413679103878,3.5629595105330694,0.5,0.6,20.08463826925685,-35.68896569017772,1,2,1,1
3996,404,1,negative_cash,-20.16691662952577,0.0,19.87955065040161,2.3816021211860154,0.5,0.6,0.0,-23.36115277158763,2,2,1,1
3997,405,3,negative_cash,-29.693238907853925,0.0,18.444543464232105,2.82551779158772,0.5,0.6,27.527685046798148,-49.897746302617975,2,2,1,1
3999,385,5,negative_cash,-638.970310119165,764.8796774129547,1013.1777146482169,71.67737622723537,2.0,4.8,474.3906377399454,-801.166051202443,96,8,8,7
4001,400,4,negative_cash,-87.21991485331534,0.0,70.45156443244089,3.1385302001979514,0.5,0.6,34.00973160698333,-108.69982623962215,7,2,1,1
4001,401,1,negative_cash,-8.059813804937725,0.0,20.353726844143267,1.853477917111696,0.5,0.6,0.0,-23.307204761254965,2,2,1,1
4002,407,4,negative_cash,-9.609933681619935,0.0,29.90384427334005,3.470711131678958,0.5,0.6,19.205838964189997,-53.68039436920901,3,2,1,1
4003,406,4,negative_cash,-26.038126679502255,0.0,10.585677129493899,2.6740309951694905,0.5,0.6,15.203892642793331,-29.56360076745672,1,2,1,1
4003,397,4,negative_cash,-3.7964305506219063,0.0,29.761763686791035,2.859521572073727,0.5,0.6,18.005838964189998,-51.72712422305476,3,2,1,1
4007,374,3,negative_cash,-23.37273330012914,0.0,62.967842008402954,3.0,1.0,2.4,94.56794842526557,-163.93579043366853,7,4,4,3
4010,402,2,negative_cash,-17.32065218749392,0.0,36.296507836644494,2.78985566027044,0.5,0.6,0.0,-40.186363496914936,4,2,1,1
4022,411,3,negative_cash,-8.048531864367916,0.0,32.57916395241487,3.246537605548783,0.5,0.6,26.4983469199195,-63.424048477883154,3,2,1,1
4059,410,5,negative_cash,-36.360668728402246,26.603179018854316,31.679307129378838,4.261936816884705,0.5,0.6,30.198987252057083,-40.63705217946631,3,2,1,1
4072,412,6,negative_cash,-0.9397102441557976,0.0,9.422662408056803,3.7642433895297502,0.5,0.6,15.948021763452397,-30.23492756103895,1,2,1,1
4123,413,5,negative_cash,-20.11161669936407,0.0,10.679817136839203,3.6574245874301337,0.5,0.6,19.590662450571685,-35.02790417484102,1,2,1,1
4127,415,3,negative_cash,-27.347424689261217,0.0,20.332392479558244,2.882241670191902,0.5,0.6,23.473760189939625,-47.78839433968977,2,2,1,1
4132,414,4,negative_cash,-6.941886147549852,0.0,21.2042809903088,3.758697789120675,0.5,0.6,27.284975692772182,-53.34795447220166,2,2,1,1
4133,416,1,negative_cash,-0.14203798718590122,0.0,20.529197902455355,1.8160080791515207,0.5,0.6,0.0,-23.445205981606875,2,2,1,1
4139,417,5,negative_cash,-34.08041988498487,0.0,9.608811859504726,3.678634943703439,0.5,0.6,24.132658168038056,-38.52010497124622,1,2,1,1
4185,420,3,negative_cash,-33.95512809957556,0.0,19.572394033619517,2.5830629653697357,0.5,0.6,25.873760189939624,-49.12921718892888,2,2,1,1
4189,419,4,negative_cash,-26.690269275665244,0.0,27.572662771932606,3.1998086824671863,0.5,0.6,26.123989859830225,-57.99646131423002,3,2,1,1
4195,422,3,negative_cash,-22.00756169362289,0.0,18.351985454958086,3.0325811897324395,0.5,0.6,23.47376018993962,-45.95832683463015,2,2,1,1
4200,418,4,negative_cash,-40.02970289725286,0.0,73.89337872538867,2.8400846257924006,0.5,0.6,44.00973160698334,-121.8431949581644,8,2,1,1
4203,408,5,negative_cash,-55.427226941583896,300.2624650460514,104.4,70.90500005705299,2.25,5.3999999999999995,180.56824258700695,-63.26077759800857,13,9,9,7
4215,392,6,negative_cash,-21.428316491913378,298.99877528676717,121.1848913042,62.08816253487066,3.5,7.199999999999999,136.95053727387082,-31.92481582617431,14,14,12,7
4225,424,2,negative_cash,-17.129320058827652,0.0,31.444189680532947,2.441559284589671,0.5,0.6,0.0,-34.98574896512262,3,2,1,1
4253,426,5,negative_cash,-9.575735221240507,30.940637408758068,41.87523722301785,3.673803362303341,0.5,0.6,41.124932275499184,-56.8333354520623,4,2,1,1
4254,427,4,negative_cash,-50.732176343908094,0.0,50.59357453781471,3.5733681584598216,0.5,0.6,22.767533906461892,-78.03447660273642,5,2,1,1
4267,428,4,negative_cash,-9.858687648980407,0.0,30.788642054481073,3.1629734130910534,0.5,0.6,28.805838964189995,-63.85745443176212,3,2,1,1
4268,429,5,negative_cash,-7.0500843504363,42.02166528003932,42.59605006562469,4.322228428804045,0.5,0.6,35.039642754332796,-41.03625596872221,4,2,1,1
4269,399,4,negative_cash,-95.17345982416091,170.90069820545642,205.39290999291308,17.64418062775241,3.5,8.4,184.64224127816644,-248.6786336933755,22,14,14,7
4272,432,6,negative_cash,-37.59985254067408,0.0,21.843066273901222,3.8568599964358175,0.5,0.6,52.0,-78.79992627033704,2,2,1,1
4282,433,6,negative_cash,-3.9715729338773116,45.29103732416639,20.880540900071416,2.9645042612181634,0.5,0.6,39.0,-18.654007837123192,2,2,1,1
4283,434,1,negative_cash,-3.7671920909659278,0.0,21.540447632480102,2.112990785713084,0.5,0.6,0.0,-24.753438418193188,2,2,1,1
4287,435,2,negative_cash,-1.977615493808635,0.0,20.372281795253123,2.2527010862571686,0.5,0.6,0.0,-23.724982881510293,2,2,1,1
4300,436,1,negative_cash,-2.2675813686496085,0.0,20.59883750369698,2.7546787700329407,0.5,0.6,0.0,-24.453516273729925,2,2,1,1
4301,409,3,negative_cash,-109.27690952183153,0.0,62.171391301873555,6.0,1.75,1.7999999999999998,102.96925081542841,-174.69064211730196,7,7,3,6
4303,438,3,negative_cash,-10.071021323237993,0.0,10.988622817540513,2.8675047205094932,0.5,0.6,11.058077006136795,-26.014204544186804,1,2,1,1
4312,437,4,negative_cash,-64.96360154520376,0.0,42.32988039940659,3.4741396334778125,0.5,0.6,21.00681212488833,-67.91083215777273,4,2,1,1
4319,421,6,negative_cash,-38.64608352520909,106.04374552451314,85.81313216174601,27.34740822134755,1.25,3.0,80.89223993725408,-92.2590347958345,10,5,5,4
4321,430,4,negative_cash,-13.525730249644994,6.069124010688242,54.84664635558929,11.409953140093894,0.5,0.6,37.37417094724877,-98.66164643224371,6,2,1,1
4351,440,1,negative_cash,-0.24427374560382376,21.838358128743398,19.561742683736163,2.2462311218136066,0.5,0.6,0.0,-1.0696156768063725,2,2,1,1
4371,441,5,negative_cash,-14.99773123543956,0.0,19.108083258291433,3.2670980929830087,0.5,0.6,20.068363029544408,-43.54354438081885,2,2,1,1
4382,442,5,negative_cash,-42.52302362869743,11.411098339797084,30.324114664972324,4.279161877423906,0.5,0.6,29.17953662396181,-53.471714826560955,3,2,1,1
4384,443,5,negative_cash,-32.721726607354555,0.0,19.931127084057707,3.515340596845342,0.5,0.6,24.82232759662722,-49.36879527753027,2,2,1,1
4385,444,5,negative_cash,-3.4855413650317537,0.0,9.723621567716188,4.3793780626929415,0.5,0.6,15.668385974403916,-30.871385604813046,1,2,1,1
4417,425,6,negative_cash,-846.5795522185692,976.8055063849235,1579.2931070286359,80.66646349798017,2.25,5.3999999999999995,371.48391158428785,-1062.2879757259802,155,9,9,7
4417,448,1,negative_cash,-23.34109917790231,0.0,19.97356927876202,2.8166139175550278,0.5,0.6,0.0,-23.89018319631705,2,2,1,1
4424,445,4,negative_cash,-39.351733905307384,0.0,64.38922458104005,2.757468904891217,0.5,0.6,35.62780290734136,-103.87449639327262,7,2,1,1
4431,423,5,negative_cash,-261.57209082562713,939.4636819476885,1210.0535081426465,69.86306752708707,2.5,6.0,440.39050951006374,-789.3434032321088,125,10,10,6
4450,455,4,negative_cash,-9.858682698438837,25.415562161423164,21.5394795140897,3.6598409512449357,0.5,0.6,20.004865803491665,-20.888624107403135,2,2,1,1
4451,454,1,negative_cash,-13.700092695193092,0.0,18.892049705189898,2.2912990773422823,0.5,0.6,0.0,-22.28334878253218,2,2,1,1
4452,457,3,negative_cash,-14.26590222203729,0.0,18.019409542023183,3.2544315416084117,0.5,0.6,22.381459650524068,-44.75530073415567,2,2,1,1
4455,446,2,negative_cash,-82.49034338342882,0.0,78.07737723652185,9.811040825260942,0.75,1.7999999999999998,0.0,-90.4384180617828,9,3,3,1
4466,447,5,negative_cash,-2.6949859776677556,71.56691708096533,92.4944325057047,22.296889886020445,0.5,1.2,57.133835702267376,-102.05824101302719,10,2,2,1
4476,459,2,negative_cash,-20.20367493942743,0.0,20.369045574645472,1.8982335819257616,0.5,0.6,0.0,-23.367279156571236,2,2,1,1
4478,449,6,negative_cash,-60.6476034850816,123.5485999045811,123.20767394902306,30.204246894847834,0.75,1.7999999999999998,71.48014387670361,-103.89346481599341,13,3,3,2
4486,462,6,negative_cash,-9.420833244755144,4.815263444591524,21.892732296398457,3.4669896801058973,0.5,0.6,19.890731401475044,-41.535189933387876,2,2,1,1
4486,461,1,negative_cash,-19.253316934561298,0.0,19.753045926955718,2.3558402288045,0.5,0.6,0.0,-23.20888615576022,2,2,1,1
4489,456,4,negative_cash,-11.465848170602477,40.0425010522863,51.32572394115135,2.8481553205367858,0.5,0.6,32.91172919589821,-48.14310740530005,6,2,1,1
4493,464,4,negative_cash,-5.2496445455794145,0.0,19.546491137101295,3.8175507723818423,0.5,0.6,17.285839022509997,-41.74988093199313,2,2,1,1
4500,465,1,negative_cash,-7.113444100256878,0.0,19.239564822938732,2.449306262348974,0.5,0.6,0.0,-22.788871085287706,2,2,1,1
4513,451,6,negative_cash,-112.85482141702883,101.3086139323646,95.84566339141378,37.693401392492206,1.0,2.4,81.24161719278308,-116.87206804432446,10,4,4,3
4513,466,1,negative_cash,-1.285729376967815,0.0,20.947602760708776,2.2095431146847893,0.5,0.6,0.0,-24.257145875393565,2,2,1,1
4513,460,6,negative_cash,-0.7738672617119349,46.27118018434698,47.993343996471374,3.5650255935918227,0.5,0.6,36.657000432224066,-43.04418983794028,5,2,1,1
4515,467,6,negative_cash,-10.389027376638957,0.0,18.34443956802992,4.118198186577402,0.5,0.6,18.160971976663774,-41.7236097312711,2,2,1,1
4516,468,6,negative_cash,-41.790932084134845,5.092345488510486,19.814362844188178,3.66648875172755,0.5,0.6,22.832742112408475,-42.32124821981372,2,2,1,1
4521,463,4,negative_cash,-56.81274942942946,0.0,38.99647169035079,3.076807314376427,0.5,0.6,28.310877262111756,-71.48415626683897,4,2,1,1
4533,458,5,negative_cash,-23.910562904761996,59.443004864999125,34.322192504153904,13.02399570735032,0.5,1.2,37.524866066160136,-27.128049412665234,4,2,2,1
4536,469,3,negative_cash,-12.091621396484953,0.0,21.490447094658926,3.4355213155800652,0.5,0.6,18.004572061605067,-44.03054047184406,2,2,1,1
4538,453,5,negative_cash,-0.44396997782663705,0.0,0.0,0.0,0.5,0.6,0.0,-1.1,0,2,1,0
4539,431,4,negative_cash,-41.65173618609987,285.9741731710078,202.6325920107367,28.682230041808975,3.0,7.199999999999999,142.47435166632496,-98.01500054786283,25,12,12,7
4556,471,5,negative_cash,-61.274265106398445,0.0,19.94139430237238,4.595738250826847,0.5,0.6,65.0,-90.63713255319922,2,2,1,1
4567,472,1,negative_cash,-17.8859800880264,0.0,20.864911164979777,2.7548281134396055,0.5,0.6,0.0,-24.719739278419382,2,2,1,1
4568,369,1,negative_cash,-3.7524652321253456,22.343739909901778,32.0,7.0,11.0,0.6,0.0,-28.256260090098223,4,44,1,7
4616,477,6,negative_cash,-20.841171371683664,0.0,9.46989973480251,3.5846551251469263,0.5,0.6,21.05573798297148,-35.210292842920914,1,2,1,1
4618,476,2,negative_cash,-5.282119625486757,0.0,18.743066319456837,2.599209144745692,0.5,0.6,0.0,-22.44227546420253,2,2,1,1
4623,439,3,negative_cash,-46.038429191598176,0.0,8.0,5.0,1.75,0.6,31.82749536499159,-47.17749536499159,1,7,1,5
4626,480,3,negative_cash,-28.697555021365815,0.0,18.829310765921335,3.7047558648802954,0.5,0.6,28.09787343520042,-51.73194006600205,2,2,1,1
4628,452,5,negative_cash,-2.864144457507166,333.50834007623274,156.31625814852993,58.22860102834124,1.75,4.2,167.9016418467433,-54.888160947381735,17,7,7,5
4632,483,3,negative_cash,-18.61735584423925,0.0,19.14605786048825,3.310605134775197,0.5,0.6,22.64912955546118,-46.205792550724624,2,2,1,1
4638,484,3,negative_cash,-32.15711879143342,0.0,20.790647278707688,3.8801420454271787,0.5,0.6,24.819311242104177,-50.590100566239045,2,2,1,1
4643,475,2,negative_cash,-9.954746718900196,20.192196186393723,75.85934912776048,18.17297656775435,0.75,1.7999999999999998,0.0,-76.39012950912111,8,3,3,2
4655,485,2,negative_cash,-13.299749141272763,0.0,27.441496231664598,2.1814547334210714,0.5,0.6,0.0,-30.72295096508567,3,2,1,1
4659,478,2,negative_cash,-54.90309628103057,0.0,79.40637939758876,2.105267092603487,0.5,0.6,0.0,-82.61164649019224,8,2,1,1
4662,450,6,negative_cash,-479.89399043804656,1501.3797458901581,2445.9258180873067,136.51073270936996,2.75,6.6,523.8310720379709,-1614.2378769444892,218,11,11,8
4667,474,4,negative_cash,-0.8474962666712309,0.0,0.0,0.0,0.5,0.6,0.0,-1.1,0,2,1,0
4671,490,3,negative_cash,-24.745149113256332,0.0,21.027427546892778,3.170748014801712,0.5,0.6,22.950207478248995,-48.24838303994349,2,2,1,1
4701,488,2,negative_cash,-81.5964188929311,0.0,80.22968658619723,2.065877770474597,0.5,0.6,0.0,-83.39556435667183,9,2,1,1
4715,487,4,negative_cash,-79.76428875414084,0.0,91.31465445222325,16.014465196449436,0.75,1.7999999999999998,53.61918254794428,-163.49830219661698,9,3,3,1
4716,492,1,negative_cash,-13.1291061947022,0.0,18.257841435967745,2.8303429298159544,0.5,0.6,0.0,-22.1881843657837,2,2,1,1
4719,486,5,negative_cash,-3.387035476790743,103.48615052791988,70.63289053003386,27.55196314097915,0.75,1.7999999999999998,82.0617399828291,-79.31044312592223,7,3,3,2
4724,494,1,negative_cash,-22.278323681879055,0.0,20.025704902626767,2.587349044353075,0.5,0.6,0.0,-23.713053946979844,2,2,1,1
4728,491,4,negative_cash,-37.80167468600118,0.0,61.05302850362556,3.8935816227649513,0.5,1.2,29.37345261254005,-96.02006273893056,7,2,2,1
4728,496,3,negative_cash,-20.061513896465954,0.0,21.294803961111167,2.698716717644685,0.5,0.6,21.65568001253196,-46.74920069128781,2,2,1,1
4731,497,2,negative_cash,-4.253067515384856,0.0,21.92313963359229,1.827473869484682,0.5,0.6,0.0,-24.85061350307697,2,2,1,1
4733,493,2,negative_cash,-8.305407291547176,0.0,32.76150523268942,1.9228490766830413,0.5,0.6,0.0,-35.78435430937247,3,2,1,1
4745,500,6,negative_cash,-42.06990985786102,0.0,21.36181071405605,4.157353133134288,0.5,0.6,27.40413943876334,-54.02330328595367,2,2,1,1
4751,499,1,negative_cash,-20.322589902138972,0.0,18.9826490084349,2.150260894625984,0.5,0.6,0.0,-22.232909903060886,2,2,1,1
4751,479,5,negative_cash,-3.83281797209645,110.74654918203387,81.1067696811962,40.55460376010723,1.5,3.5999999999999996,146.67575129721774,-162.6905755564873,10,6,6,5
4766,501,5,negative_cash,-31.428999887055028,0.0,20.388661600255208,3.9790669026321543,0.5,0.6,25.00860479562976,-50.476333298517126,2,2,1,1
4768,502,6,negative_cash,-15.867261933642823,0.0,20.31820239803026,3.684772470556105,0.5,0.6,17.648093043593928,-42.75106791218029,2,2,1,1
4768,498,5,negative_cash,-5.888845185603614,44.80830837067628,21.354996167179948,2.9923695147036264,0.5,0.6,34.0928966382858,-14.731953949493096,2,2,1,1
4776,470,4,negative_cash,-58.331187999721664,236.30601445097204,152.0,41.475456425263864,2.75,6.6,134.44087274932997,-100.96031472362179,19,11,11,8
4799,504,5,negative_cash,-1.2032496277031584,0.0,20.253307208623966,4.451894518460055,0.5,0.6,32.020475827537524,-57.82567755462155,2,2,1,1
4819,505,1,negative_cash,-16.522511187521406,0.0,18.230270194232606,2.777270003160821,0.5,0.6,0.0,-22.10754019739343,2,2,1,1
4843,507,1,negative_cash,-17.916571956225624,6.678382363454278,21.922477511578073,2.40421765084354,0.5,0.6,0.0,-18.748312798967333,2,2,1,1
4844,508,1,negative_cash,-10.924672492065007,0.0,31.496483678401162,2.72390436787647,0.5,0.6,0.0,-35.320388046277635,3,2,1,1
4846,482,5,negative_cash,-86.48000075066659,746.1723872722373,756.6979999999995,58.70760477338533,2.5,6.0,494.33273219748475,-572.0659496986323,86,10,10,6
4847,489,6,negative_cash,-90.03486429475902,874.24106799012,1272.2533517026995,74.00479963245513,2.0,4.8,425.0288647518603,-903.845948096895,132,8,8,6
4850,509,5,negative_cash,-9.362028967926605,58.068476390616595,31.838761583276558,2.986378785803139,0.5,0.6,44.0255947844219,-21.882258762885,3,2,1,1
4853,513,3,negative_cash,-20.827038461703935,0.0,18.72952833319003,2.847703555801359,0.5,0.6,24.265114264909922,-46.94234615390131,2,2,1,1
4854,495,4,negative_cash,-208.97407700329683,42.03071374130628,210.34165074699456,78.93017784669475,1.5,3.5999999999999996,100.83503378513998,-353.176148637523,26,6,6,5
4863,506,1,negative_cash,-17.454151656130414,0.0,32.16826700931222,1.8420074486056957,0.5,0.6,0.0,-35.11027445791792,3,2,1,1
4887,514,3,negative_cash,-22.144006095748182,0.0,19.117647954406824,3.1318084926995526,0.5,0.6,21.021278509268612,-44.37073495637499,2,2,1,1
4915,515,3,negative_cash,-30.007602842187133,0.0,18.17248059102706,3.876492874675323,0.5,0.6,25.194733763740864,-48.34370722944325,2,2,1,1
4917,516,3,negative_cash,-23.79477765743188,0.0,19.963824069954008,3.8347302885860524,0.5,0.6,23.03303819393723,-47.93159255247729,2,2,1,1
4919,481,3,negative_cash,-11.842220046161003,0.0,48.0,6.0,1.5,0.6,72.90008774251002,-129.00008774251003,6,6,1,6
4947,512,5,negative_cash,-0.6848688280751554,0.0,0.0,0.0,0.5,0.6,0.0,-1.1,0,2,1,0
4953,520,3,negative_cash,-15.993208994057348,0.0,20.0027841404927,3.050113329628309,0.5,0.6,19.79480111097935,-43.94769858110036,2,2,1,1
4959,521,1,negative_cash,-19.324706130868222,0.0,21.3199027490433,1.9216827477637313,0.5,0.6,0.0,-24.341585496807035,2,2,1,1
4960,518,2,negative_cash,-8.304312004704315,0.0,62.2878873741723,1.9422432186938394,0.5,0.6,0.0,-65.33013059286614,6,2,1,1
4969,519,2,negative_cash,-16.825663004458214,0.0,29.800267097702154,1.921047130819028,0.5,0.6,0.0,-32.82131422852118,3,2,1,1
4978,524,5,negative_cash,-44.13863321107491,0.0,18.06537727779523,4.092235256429056,0.5,0.6,28.76193183799376,-52.01954437221805,2,2,1,1
4979,525,5,negative_cash,-41.77907611119002,0.0,18.34492447060039,4.080328584072451,0.5,0.6,28.674329454366347,-52.19958250903919,2,2,1,1
4981,523,2,negative_cash,-10.05001355124601,0.0,36.81120428864554,2.1434072327426286,0.5,0.6,0.0,-40.054611521388175,4,2,1,1
4999,530,6,negative_cash,-29.707579512158297,0.0,9.831555629623397,3.0054155011831853,0.5,0.6,23.65385311210422,-37.5908242429108,1,2,1,1
4999,522,4,negative_cash,-71.46628177448545,0.0,66.51905709582297,3.2073590042640925,0.5,0.6,37.666270653121444,-108.4926867532085,7,2,1,1
5000,528,1,negative_cash,-15.539320719133332,0.0,18.966686285189944,2.00560042971338,0.5,0.6,0.0,-22.072286714903324,2,2,1,1
5000,526,4,negative_cash,-28.031693549818797,0.0,29.057966438199628,3.782988324319976,0.5,0.6,27.58277431644181,-61.52372907896141,3,2,1,1
