failure_tick,firm_id,firm_type,pre_revenue_mean,pre_revenue_slope,pre_revenue_cv,pre_sales_mean,pre_sales_slope,pre_sales_cv,pre_capacity_mean,pre_sellthrough_mean,pre_stockout_share,pre_input_scale_mean,pre_unsold_mean,pre_profit_proxy_mean,pre_switch_out,pre_switch_in,pre_net_switch,pre_switch_out_stockout,pre_switch_out_inactive,pre_switch_out_over_budget,pre_switch_out_cheaper_share,cause_label
228,13,6,30.475560754508425,1.1194439000294178,0.2873025100820818,11.0,0.36428571428571427,0.2854189737121547,12.866666666666667,0.8666666666666668,0.4666666666666667,1.0,0.9333333333333333,-17.576060871912553,0,0,0,0,0,0,NaN,stockout_service_failure
249,14,3,0.0,0.0,0.0,0.0,0.0,0.0,0.9117647058823529,0.0,0.0,0.058823529411764705,10.647058823529411,-37.39545388322719,0,0,0,0,0,0,NaN,mixed_margin_failure
292,15,5,0.0,0.0,0.0,0.0,0.0,0.0,0.0,0.0,0.0,0.0,8.0,-59.040461373230926,0,0,0,0,0,0,NaN,mixed_margin_failure
309,17,3,203.0345138513868,-0.7308309910934683,0.09791557095542193,28.45,-0.013508442776735451,0.10315503426956028,34.725,0.8419913136509702,0.175,0.9984097885512175,6.125,145.67776198211538,0,0,0,0,0,0,NaN,mixed_margin_failure
314,18,3,166.53105589097686,-1.3711706045947802,0.16418004907184958,24.975,-0.1725140712945591,0.16483700550073577,33.0,0.7811971966205837,0.3,0.9994722878286758,7.825,107.83451260777117,0,0,0,0,0,0,NaN,stockout_service_failure
316,19,3,0.0,0.0,0.0,0.0,0.0,0.0,0.0,0.0,0.0,0.0,11.0,-57.28249967399506,0,0,0,0,0,0,NaN,mixed_margin_failure
330,20,1,85.96323937888383,2.9413309302738826,0.3537327285199084,16.41176470588235,0.4782276546982429,0.3092838997104606,17.08823529411765,0.9603641456582633,0.8823529411764706,0.9663235221806178,0.20588235294117646,62.162047246602896,0,0,0,0,0,0,NaN,stockout_service_failure
349,21,5,56.84314044212387,0.9682314735957162,0.2510734194087053,11.962962962962964,0.20757020757020758,0.25447769081484634,2.4074074074074074,0.9202279202279202,0.8518518518518519,0.18518518518518517,0.5555555555555556,-6.183892211473606,0,0,0,0,0,0,NaN,input_bottleneck_stockout
356,16,2,439.15898837172097,-0.12051941639515594,0.14420358317743057,86.9,0.31388367729831146,0.15848688965370678,104.025,0.8427745381313152,0.175,0.9970793802586,16.575,414.74082101530894,0,0,0,0,0,0,NaN,mixed_margin_failure
362,22,5,123.96252117258551,3.389748874819793,0.31308257528897726,28.61111111111111,0.555984555984556,0.23856078441841008,29.63888888888889,0.9722222222222222,0.9722222222222222,0.9977966516532705,0.0,61.16582161194395,0,0,0,0,0,0,NaN,stockout_service_failure
411,23,1,0.0,0.0,0.0,0.0,0.0,0.0,32.0,0.0,0.0,0.9961879652435559,31.775,-23.10204180575703,0,0,0,0,0,0,NaN,mixed_margin_failure
416,25,5,0.0,0.0,0.0,0.0,0.0,0.0,0.0,0.0,0.0,0.0,17.0,-65.798854357626,0,0,0,0,0,0,NaN,mixed_margin_failure
441,27,5,154.8904243004321,-5.5137399756233325,0.5810061978595777,27.525,-1.0725140712945591,0.592362202873131,34.45,0.6810119047619047,0.525,0.8477741993128995,12.25,76.62429239407356,0,0,0,0,0,0,NaN,input_bottleneck_stockout
455,24,2,12.669514484549232,0.0,2.8398665212354553e-16,2.0,0.0,0.0,0.0,0.16666666666666669,0.0,0.0,10.0,-0.2154200990080053,0,0,0,0,0,0,NaN,mixed_margin_failure
470,28,1,8.603038198554671,0.0,4.182212050508356e-16,2.0,0.0,0.0,0.0,0.1538461538461539,0.0,0.0,11.0,-16.341384997848092,0,0,0,0,0,0,NaN,mixed_margin_failure
481,29,1,0.0,0.0,0.0,0.0,0.0,0.0,0.0,0.0,0.0,0.0,26.0,-25.303276971606834,0,0,0,0,0,0,NaN,mixed_margin_failure
486,30,3,0.0,0.0,0.0,0.0,0.0,0.0,0.0,0.0,0.0,0.0,12.0,-57.61416466526968,0,0,0,0,0,0,NaN,mixed_margin_failure
513,31,3,0.0,0.0,0.0,0.0,0.0,0.0,0.0,0.0,0.0,0.0,0.0,-47.47775987191405,0,0,0,0,0,0,NaN,mixed_margin_failure
516,32,6,0.0,0.0,0.0,0.0,0.0,0.0,0.0,0.0,0.0,0.0,12.0,-62.166713645216966,0,0,0,0,0,0,NaN,mixed_margin_failure
521,33,5,0.0,0.0,0.0,0.0,0.0,0.0,0.0,0.0,0.0,0.0,12.0,-44.53797546747207,0,0,0,0,0,0,NaN,mixed_margin_failure
527,5,5,1149.2526596605337,0.0,4.007304577008908e-16,266.0,0.0,0.0,0.0,1.0,1.0,0.0,0.0,1019.5145623030128,0,0,0,0,0,0,NaN,input_bottleneck_stockout
532,38,5,56.58616255131699,1.3894836961332844,0.3590874161708907,18.35,0.41557223264540344,0.3275688042318689,20.675,0.8795913021405507,0.35,1.0,2.2,-7.503393291464533,0,0,0,0,0,0,NaN,stockout_service_failure
533,36,1,0.0,0.0,0.0,0.0,0.0,0.0,0.0,0.0,0.0,0.0,13.0,-22.81122664100203,0,0,0,0,0,0,NaN,mixed_margin_failure
536,34,2,0.0,0.0,0.0,0.0,0.0,0.0,0.0,0.0,0.0,0.0,12.0,-25.902260692777748,0,0,0,0,0,0,NaN,mixed_margin_failure
538,35,2,0.0,0.0,0.0,0.0,0.0,0.0,0.0,0.0,0.0,0.0,13.0,-26.25560860667115,0,0,0,0,0,0,NaN,mixed_margin_failure
545,39,1,128.06341846471645,-1.5421391126723427,0.3178432441686257,17.4,-0.13527204502814258,0.30544316542142774,46.725,0.39139707765334625,0.0,0.9984827205995795,29.1,101.90296407179748,0,0,0,0,0,0,NaN,demand_collapse
555,6,6,924.2324035102527,0.0,2.4914758591593945e-16,262.0,0.0,0.0,0.0,1.0,1.0,0.0,0.0,401.29216321660203,0,0,0,0,0,0,NaN,input_bottleneck_stockout
569,42,2,167.8928183137958,-1.8389392258797306,0.15529597629727848,26.6,-0.16923076923076924,0.11573162233226847,17.575,0.8643514784946236,0.3,0.5747803946190146,4.2,143.49738579159708,0,0,0,0,0,0,NaN,input_bottleneck_stockout
599,43,2,205.39555062672312,1.1644906016950922,0.09201435288893352,37.25,0.5013133208255159,0.17405925883194526,33.5,0.8345852602681871,0.1,0.7724785477457371,7.35,182.59907747960673,0,0,0,0,0,0,NaN,mixed_margin_failure
611,44,2,0.0,0.0,0.0,0.0,0.0,0.0,0.0,0.0,0.0,0.0,12.0,-15.686758401552794,0,0,0,0,0,0,NaN,mixed_margin_failure
618,45,3,0.0,0.0,0.0,0.0,0.0,0.0,0.0,0.0,0.0,0.0,13.0,-53.3001665781371,0,0,0,0,0,0,NaN,mixed_margin_failure
623,46,1,27.646084452215064,-2.492965855827668,1.5217340056744832,3.975,-0.3584427767354597,1.5217340056744844,7.55,0.10517425320056897,0.0,0.2,33.975,3.801757888751882,0,0,0,0,0,0,NaN,demand_collapse
627,47,5,0.0,0.0,0.0,0.0,0.0,0.0,0.0,0.0,0.0,0.0,12.0,-61.12259953257046,0,0,0,0,0,0,NaN,mixed_margin_failure
635,48,1,48.917686810057305,0.0,1.4710315377211065e-16,8.0,0.0,0.0,0.0,0.3076923076923078,0.0,0.0,18.0,25.395620456567805,0,0,0,0,0,0,NaN,mixed_margin_failure
638,40,2,0.0,0.0,0.0,0.0,0.0,0.0,0.0,0.0,0.0,0.0,13.0,-20.119560383210388,0,0,0,0,0,0,NaN,mixed_margin_failure
660,49,5,268.02690728657103,0.054363755851441854,0.17345342851080703,51.8,0.010506566604127564,0.17345342851080706,62.15,0.8464876560442509,0.4,0.9983710862117012,10.35,204.9820330884492,0,0,0,0,0,0,NaN,stockout_service_failure
733,50,6,0.0,0.0,0.0,0.0,0.0,0.0,0.0,0.0,0.0,0.0,11.0,-50.7087038768811,0,0,0,0,0,0,NaN,mixed_margin_failure
742,51,1,510.6623539641081,5.440864471711405,0.14018152126676817,97.85,0.8630393996247656,0.11134100776381393,108.0,0.9084400482957617,0.125,0.9977852316148497,9.625,486.44926109018934,0,0,0,0,0,0,NaN,mixed_margin_failure
744,26,2,10.365593839557967,0.0,1.7355363610558645e-16,2.0,0.0,0.0,0.0,0.16666666666666669,0.0,0.0,10.0,-9.98440616044203,0,0,0,0,0,0,NaN,mixed_margin_failure
762,52,5,0.0,0.0,0.0,0.0,0.0,0.0,0.0,0.0,0.0,0.0,17.0,-59.555306777226996,0,0,0,0,0,0,NaN,mixed_margin_failure
788,53,2,0.0,0.0,0.0,0.0,0.0,0.0,0.0,0.0,0.0,0.0,11.0,-25.81726308607304,0,0,0,0,0,0,NaN,mixed_margin_failure
805,55,3,0.0,0.0,0.0,0.0,0.0,0.0,0.0,0.0,0.0,0.0,23.0,-51.36840060099297,0,0,0,0,0,0,NaN,mixed_margin_failure
808,57,2,0.0,0.0,0.0,0.0,0.0,0.0,0.0,0.0,0.0,0.0,12.0,-24.25782008456141,0,0,0,0,0,0,NaN,mixed_margin_failure
811,59,5,0.0,0.0,0.0,0.0,0.0,0.0,52.525,0.0,0.0,0.9977617775918869,52.375,-61.78369492865661,0,0,0,0,0,0,NaN,mixed_margin_failure
812,58,5,0.0,0.0,0.0,0.0,0.0,0.0,0.0,0.0,0.0,0.0,11.0,-56.01107992858972,0,0,0,0,0,0,NaN,mixed_margin_failure
812,60,6,0.0,0.0,0.0,0.0,0.0,0.0,0.0,0.0,0.0,0.0,13.0,-47.530888588336936,0,0,0,0,0,0,NaN,mixed_margin_failure
826,61,6,0.0,0.0,0.0,0.0,0.0,0.0,0.0,0.0,0.0,0.0,11.0,-53.52326754750993,0,0,0,0,0,0,NaN,mixed_margin_failure
834,56,6,0.0,0.0,0.0,0.0,0.0,0.0,0.0,0.0,0.0,0.0,11.0,-52.27935891039964,7,7,0,0,0,0,1.0,mixed_margin_failure
871,54,4,57.29191006820783,0.0,2.5120286603916006e-16,13.0,0.0,0.0,0.0,0.7222222222222221,0.0,0.0,5.0,18.502574777366547,0,0,0,0,0,0,NaN,mixed_margin_failure
888,63,2,76.79762944794928,0.0,3.7480042322780117e-16,14.0,0.0,0.0,0.0,0.5384615384615387,0.0,0.0,12.0,51.9479088606681,0,0,0,0,0,0,NaN,mixed_margin_failure
890,64,2,162.38305833289613,3.0027784838484175,0.2222280001572993,43.325,1.0651969981238276,0.2927244374722902,70.85,0.6038649190324789,0.0,0.9986325416690027,27.35,135.86357291536459,0,0,0,0,0,0,NaN,mixed_margin_failure
891,65,6,48.35622018466402,0.0,2.976223525129027e-16,9.0,0.0,0.0,0.0,0.31034482758620685,0.0,0.0,20.0,-4.838179454202248,0,0,0,0,0,0,NaN,mixed_margin_failure
907,66,5,0.0,0.0,0.0,0.0,0.0,0.0,0.0,0.0,0.0,0.0,11.0,-36.56036157686815,0,1,1,0,0,0,NaN,mixed_margin_failure
920,68,1,0.0,0.0,0.0,0.0,0.0,0.0,0.0,0.0,0.0,0.0,34.0,-26.021653615519106,0,0,0,0,0,0,NaN,mixed_margin_failure
924,69,6,0.0,0.0,0.0,0.0,0.0,0.0,0.0,0.0,0.0,0.0,12.0,-51.59219167079078,0,0,0,0,0,0,NaN,mixed_margin_failure
929,70,3,14.550811005860988,0.0,1.2363479262594573e-16,3.0,0.0,0.0,0.0,0.17647058823529416,0.0,0.0,14.0,-36.21648921834236,0,0,0,0,0,0,NaN,mixed_margin_failure
936,71,1,0.0,0.0,0.0,0.0,0.0,0.0,0.0,0.0,0.0,0.0,12.0,-25.596757806936843,0,0,0,0,0,0,NaN,mixed_margin_failure
940,72,5,0.0,0.0,0.0,0.0,0.0,0.0,0.0,0.0,0.0,0.0,12.0,-55.08091475260352,0,0,0,0,0,0,NaN,mixed_margin_failure
945,3,3,0.0,0.0,0.0,0.0,0.0,0.0,0.0,0.0,0.0,0.0,22.0,-47.36558133134355,0,0,0,0,0,0,NaN,mixed_margin_failure
966,74,3,0.0,0.0,0.0,0.0,0.0,0.0,0.0,0.0,0.0,0.0,11.0,-40.046168374523816,0,0,0,0,0,0,NaN,mixed_margin_failure
985,75,2,16.053187266180547,0.0,0.0,4.0,0.0,0.0,0.0,0.33333333333333337,0.0,0.0,8.0,0.7617578854870659,0,0,0,0,0,0,NaN,mixed_margin_failure
1010,77,3,0.0,0.0,0.0,0.0,0.0,0.0,0.0,0.0,0.0,0.0,19.0,-51.03471868257242,0,0,0,0,0,0,NaN,mixed_margin_failure
1030,78,4,0.0,0.0,0.0,0.0,0.0,0.0,0.0,0.0,0.0,0.0,14.0,-33.06491456885668,0,0,0,0,0,0,NaN,mixed_margin_failure
1042,79,5,15.672117560655622,0.0,4.591559485912111e-16,3.0,0.0,0.0,0.0,0.12000000000000002,0.0,0.0,22.0,-37.20279542259648,0,0,0,0,0,0,NaN,mixed_margin_failure
1055,80,3,0.0,0.0,0.0,0.0,0.0,0.0,0.0,0.0,0.0,0.0,12.0,-51.36238655553616,0,0,0,0,0,0,NaN,mixed_margin_failure
1061,81,4,102.18492159314846,-0.026655777120946553,0.011273717148550386,14.025,-0.003658536585365853,0.011273717148550367,2.6,0.274726621417798,0.0,0.05,37.025,56.13766583444757,0,0,0,0,0,0,NaN,mixed_margin_failure
1065,82,2,6.278102425130303,0.3125184627894178,1.017348791321145,2.875,0.16651031894934334,1.0184664968166108,53.775,0.05126380066545674,0.0,1.0,50.775,-19.41532890694263,0,0,0,0,0,0,NaN,high_volatility_margin_thin
1066,83,1,124.59524103455537,-10.122251219216826,1.410513061986493,16.75,-1.3607879924953095,1.410513061986493,78.15,0.2286507015219807,0.05,0.9980336266419553,61.175,99.17509639509686,0,0,0,0,0,0,NaN,demand_collapse
1068,85,6,0.0,0.0,0.0,0.0,0.0,0.0,0.0,0.0,0.0,0.0,14.0,-37.58409429075728,1,1,0,0,0,0,1.0,mixed_margin_failure
1070,84,1,38.91892516272965,0.0,3.6979161037504395e-16,6.0,0.0,0.0,0.0,0.4,0.0,0.0,9.0,14.698457431007506,0,0,0,0,0,0,NaN,mixed_margin_failure
1079,86,2,0.0,0.0,0.0,0.0,0.0,0.0,0.0,0.0,0.0,0.0,13.0,-23.16573911504888,0,0,0,0,0,0,NaN,mixed_margin_failure
1085,76,4,0.0,0.0,0.0,0.0,0.0,0.0,0.0,0.0,0.0,0.0,16.0,-37.81342115272196,0,0,0,0,0,0,NaN,mixed_margin_failure
1091,87,4,139.1093986482843,1.5404031969112562,0.15239090583898346,22.2,0.3632270168855535,0.20482830993110093,24.55,0.9032240082966035,0.275,0.9961006222033539,2.325,89.87677044303604,0,0,0,0,0,0,NaN,stockout_service_failure
1109,88,4,304.61678620929024,-6.267975427409212,0.24803228076901734,54.225,-0.6605065666041275,0.16123053783619226,89.25,0.6214379888649074,0.025,0.9974575150033906,34.775,272.5056484708565,0,0,0,0,0,0,NaN,mixed_margin_failure
1112,89,5,0.0,0.0,0.0,0.0,0.0,0.0,39.625,0.0,0.0,0.9973878922554311,39.5,-67.38502610358061,0,0,0,0,0,0,NaN,mixed_margin_failure
1123,41,6,511.13482420834345,0.0,2.252539459784543e-16,209.0,0.0,0.0,0.0,1.0,1.0,0.0,0.0,42.60286750684746,0,0,0,0,0,0,NaN,input_bottleneck_stockout
1127,91,5,0.0,0.0,0.0,0.0,0.0,0.0,0.0,0.0,0.0,0.0,11.0,-62.36203759767302,0,0,0,0,0,0,NaN,mixed_margin_failure
1132,92,6,146.1624919116547,0.5275124775676637,0.08901828606206506,32.3,0.47823639774859295,0.18604936083311752,41.55,0.775736496986497,0.0,0.9976271186875703,9.1,99.52664765929157,0,0,0,0,0,0,NaN,mixed_margin_failure
1147,67,4,0.0,0.0,0.0,0.0,0.0,0.0,0.0,0.0,0.0,0.0,13.0,-36.22448514182569,0,0,0,0,0,0,NaN,mixed_margin_failure
1165,93,6,0.0,0.0,0.0,0.0,0.0,0.0,0.0,0.0,0.0,0.0,13.0,-46.162059135206334,0,0,0,0,0,0,NaN,mixed_margin_failure
1166,94,4,70.0192511070129,1.1008491064362749,0.5506335411805429,14.125,0.09709193245778612,0.4594258238803848,14.325,0.9,0.9,0.8979695871056425,0.0,17.376916087051505,0,0,0,0,0,0,NaN,stockout_service_failure
1173,96,5,0.0,0.0,0.0,0.0,0.0,0.0,2.037037037037037,0.0,0.0,0.18518518518518517,10.592592592592593,-65.9145523751485,0,0,0,0,0,0,NaN,mixed_margin_failure
1174,95,1,0.0,0.0,0.0,0.0,0.0,0.0,0.8275862068965517,0.0,0.0,0.06896551724137931,11.586206896551724,-23.330636768388885,0,0,0,0,0,0,NaN,mixed_margin_failure
1194,37,5,0.0,0.0,0.0,0.0,0.0,0.0,0.0,0.0,0.0,0.0,11.0,-341.35722696997664,0,0,0,0,0,0,NaN,mixed_margin_failure
1203,98,6,0.0,0.0,0.0,0.0,0.0,0.0,0.0,0.0,0.0,0.0,11.0,-35.87284663534396,0,0,0,0,0,0,NaN,mixed_margin_failure
1204,99,1,46.21791825513704,-0.8160490075570455,0.2574573272953467,8.975,-0.15112570356472796,0.23465235049964495,6.95,0.7222402597402597,0.375,0.575,3.875,21.69830268477123,0,0,0,0,0,0,NaN,input_bottleneck_stockout
1205,100,1,0.0,0.0,0.0,0.0,0.0,0.0,0.275,0.0,0.0,0.025,11.0,-24.609184901993473,0,0,0,0,0,0,NaN,mixed_margin_failure
1214,102,5,0.0,0.0,0.0,0.0,0.0,0.0,1.24,0.0,0.0,0.08,10.52,-61.952102995654684,0,0,0,0,0,0,NaN,mixed_margin_failure
1214,101,3,0.0,0.0,0.0,0.0,0.0,0.0,0.875,0.0,0.0,0.0625,13.5625,-34.09372609795456,0,0,0,0,0,0,NaN,mixed_margin_failure
1219,103,4,55.54577066478387,6.8367451023880434,0.4764325002086712,8.5,0.972027972027972,0.45287519486075145,10.083333333333334,0.861111111111111,0.8333333333333334,0.9733014966003366,0.5,10.751370833469599,0,0,0,0,0,0,NaN,stockout_service_failure
1222,104,5,91.62621986582437,4.550231408340172,0.3071780959728746,21.615384615384617,0.9780219780219782,0.30368545177489054,23.46153846153846,0.9230769230769231,0.9230769230769231,1.0,0.0,39.19158886456614,0,0,0,0,0,0,NaN,stockout_service_failure
1247,62,4,0.0,0.0,0.0,0.0,0.0,0.0,0.0,0.0,0.0,0.0,15.0,-97.13968555462725,0,0,0,0,0,0,NaN,mixed_margin_failure
1267,106,1,0.60756735828289,-0.1518918395707225,2.6457513110645907,0.14285714285714285,-0.03571428571428572,2.645751311064591,4.0,0.014285714285714287,0.0,0.42857142857142855,8.285714285714286,-24.82894060983773,0,0,0,0,0,0,NaN,high_volatility_margin_thin
1271,107,5,46.30634307091195,13.891902921273587,0.5773502691896258,9.0,2.7,0.5773502691896257,11.8,0.8,0.8,0.9554445103282676,0.0,-2.2736094392150266,0,0,0,0,0,0,NaN,stockout_service_failure
1358,115,1,13.015170152759806,0.16568607724260853,0.2198942957182534,2.84,0.03615384615384614,0.21989429571825356,1.04,0.2184615384615385,0.0,0.08,9.64,-11.293390452325742,0,0,0,0,0,0,NaN,mixed_margin_failure
1360,116,6,0.0,0.0,0.0,0.0,0.0,0.0,0.5714285714285714,0.0,0.0,0.047619047619047616,11.428571428571429,-42.854833540364666,0,0,0,0,0,0,NaN,mixed_margin_failure
1396,123,1,22.044409853264007,44.088819706528014,1.414213562373095,5.0,10.0,1.4142135623730951,10.0,0.5,0.5,0.5,0.0,-3.890007847724995,0,0,0,0,0,0,NaN,input_bottleneck_stockout
1427,126,1,53.82494771559702,7.792914242412578,0.4849432012448598,9.3,1.303030303030303,0.4783301504072613,11.6,0.8099999999999999,0.6,0.9960240291486819,0.9,27.251750025245038,0,0,0,0,0,0,NaN,stockout_service_failure
1439,127,4,0.0,0.0,0.0,0.0,0.0,0.0,1.6111111111111112,0.0,0.0,0.1111111111111111,14.166666666666666,-46.64714979558508,0,0,0,0,0,0,NaN,mixed_margin_failure
1448,128,5,0.0,0.0,0.0,0.0,0.0,0.0,1.9130434782608696,0.0,0.0,0.17391304347826086,10.521739130434783,-51.65771249404381,0,0,0,0,0,0,NaN,mixed_margin_failure
1455,129,5,54.899486223426386,1.6640001458137352,0.28963526243755106,11.884615384615385,0.26905982905982906,0.2533532097515294,12.461538461538462,0.9615384615384616,0.9615384615384616,0.9955564900039404,0.0,20.778402702848233,0,0,0,0,0,0,NaN,stockout_service_failure
1477,130,1,61.631383953774915,0.3490309735358003,0.12655264914585823,12.275,0.042870544090056285,0.1223561585140016,13.325,0.925639005602241,0.6,0.9990060072871705,1.075,38.179812424105464,0,0,0,0,0,0,NaN,stockout_service_failure
1481,131,3,60.13369630923084,0.5672469188210696,0.14049902712384124,12.35,0.04709193245778612,0.08107540327985799,12.45,1.0,1.0,0.9990060072871705,0.0,11.371025268849635,0,0,0,0,0,0,NaN,stockout_service_failure
1512,132,2,240.32489251335906,-1.1089007905629358,0.3097688128866285,37.725,-0.2477485928705441,0.2606890868826596,50.15,0.8038576932326931,0.55,0.9973866431374218,11.975,215.61747062033146,0,0,0,0,0,0,NaN,stockout_service_failure
1513,134,5,0.0,0.0,0.0,0.0,0.0,0.0,0.0,0.0,0.0,0.0,12.0,-52.24744860350595,0,0,0,0,0,0,NaN,mixed_margin_failure
1514,133,2,0.0,0.0,0.0,0.0,0.0,0.0,0.0,0.0,0.0,0.0,13.0,-23.436380740148355,0,0,0,0,0,0,NaN,mixed_margin_failure
1532,135,4,0.0,0.0,0.0,0.0,0.0,0.0,0.0,0.0,0.0,0.0,13.0,-46.517284520815025,0,0,0,0,0,0,NaN,mixed_margin_failure
1538,136,1,0.0,0.0,0.0,0.0,0.0,0.0,0.0,0.0,0.0,0.0,11.0,-24.295738931433668,0,0,0,0,0,0,NaN,mixed_margin_failure
1546,137,2,4.81234247750435,0.0,3.7382761298856995e-16,1.0,0.0,0.0,0.0,0.07692307692307696,0.0,0.0,12.0,-19.351479475590732,0,0,0,0,0,0,NaN,mixed_margin_failure
1557,139,1,0.0,0.0,0.0,0.0,0.0,0.0,0.0,0.0,0.0,0.0,12.0,-24.293595809278763,0,0,0,0,0,0,NaN,mixed_margin_failure
1557,138,1,0.0,0.0,0.0,0.0,0.0,0.0,0.0,0.0,0.0,0.0,14.0,-15.597419972706074,0,0,0,0,0,0,NaN,mixed_margin_failure
1563,140,4,200.44248328712033,0.724184251115106,0.07617456856488179,45.4,0.5637898686679175,0.16556869490785953,57.5,0.7940808312167393,0.025,0.9967180815823475,11.85,156.85983273587192,0,0,0,0,0,0,NaN,mixed_margin_failure
1578,141,4,202.46340582636998,6.331666185964143,0.36898055966556104,39.6,1.0600375234521577,0.3158598154240995,40.375,0.9982328858839148,0.9,0.9926189311801705,0.1,155.99760681203622,0,0,0,0,0,0,NaN,stockout_service_failure
1590,142,2,0.0,0.0,0.0,0.0,0.0,0.0,0.0,0.0,0.0,0.0,11.0,-26.21907510573906,0,0,0,0,0,0,NaN,mixed_margin_failure
1601,143,1,5.8577242300274825,0.0,1.5355677654020525e-16,1.0,0.0,0.0,0.0,0.08333333333333334,0.0,0.0,11.0,-20.030632722968175,0,0,0,0,0,0,NaN,mixed_margin_failure
1603,144,4,0.0,0.0,0.0,0.0,0.0,0.0,0.0,0.0,0.0,0.0,12.0,-47.12059440964433,0,0,0,0,0,0,NaN,mixed_margin_failure
1623,145,1,0.0,0.0,0.0,0.0,0.0,0.0,0.0,0.0,0.0,0.0,11.0,-24.038718128487755,0,0,0,0,0,0,NaN,mixed_margin_failure
1624,146,5,0.0,0.0,0.0,0.0,0.0,0.0,0.0,0.0,0.0,0.0,11.0,-52.059598582543764,0,0,0,0,0,0,NaN,mixed_margin_failure
1625,147,6,0.0,0.0,0.0,0.0,0.0,0.0,0.3,0.0,0.0,0.025,12.0,-45.116316508750714,0,0,0,0,0,0,NaN,mixed_margin_failure
1628,148,3,0.0,0.0,0.0,0.0,0.0,0.0,1.65625,0.0,0.0,0.15625,10.625,-51.996420433612165,0,0,0,0,0,0,NaN,mixed_margin_failure
1633,149,4,0.0,0.0,0.0,0.0,0.0,0.0,0.8620689655172413,0.0,0.0,0.06896551724137931,12.551724137931034,-31.156054003437262,0,0,0,0,0,0,NaN,mixed_margin_failure
1644,150,3,0.0,0.0,0.0,0.0,0.0,0.0,0.7741935483870968,0.0,0.0,0.0967741935483871,7.741935483870968,-53.4140462357312,0,0,0,0,0,0,NaN,mixed_margin_failure
1660,151,1,0.0,0.0,0.0,0.0,0.0,0.0,0.325,0.0,0.0,0.025,13.0,-26.665396206262802,0,0,0,0,0,0,NaN,mixed_margin_failure
1661,152,6,54.85838943304254,-2.4677667511936785,0.8247217353153845,9.909090909090908,-0.45736871823828346,0.8203946627176587,13.681818181818182,0.6363636363636364,0.6363636363636364,0.7672245317744959,6.909090909090909,14.494705202805436,0,0,0,0,0,0,NaN,input_bottleneck_stockout
1664,153,5,35.51810265725111,-0.048285782993139695,0.6341653539510005,11.272727272727273,-0.036137775268210034,0.6321410829426197,15.863636363636363,0.7272727272727273,0.7272727272727273,1.0,3.772727272727273,-12.25044290157216,0,0,0,0,0,0,NaN,stockout_service_failure
1667,154,4,0.0,0.0,0.0,0.0,0.0,0.0,2.909090909090909,0.0,0.0,0.2727272727272727,10.454545454545455,-46.05615188060114,0,0,0,0,0,0,NaN,mixed_margin_failure
1680,155,6,76.71926141284865,3.7322891334752444,0.4212218227274174,14.931034482758621,0.7009852216748769,0.40736344157727933,16.03448275862069,0.9204545454545455,0.7931034482758621,0.9960819190924186,0.4827586206896552,-1.9354177733829199,0,0,0,0,0,0,NaN,stockout_service_failure
1691,156,1,47.23734170496973,0.604833643052209,0.2380030013500546,11.0,0.12189517452675347,0.23249527748763857,11.552631578947368,0.9497607655502392,0.9473684210526315,1.0,0.2631578947368421,21.650171532291605,0,0,0,0,0,0,NaN,stockout_service_failure
1695,157,5,0.0,0.0,0.0,0.0,0.0,0.0,1.7777777777777777,0.0,0.0,0.16666666666666666,10.666666666666666,-54.87234377538262,0,0,0,0,0,0,NaN,mixed_margin_failure
1703,158,4,129.8359932070987,-0.10290960362214217,0.26083598092127963,17.95,-0.07542213883677297,0.2256624498562087,21.45,0.8588768115942031,0.4,0.9954899906573583,3.25,81.46683173818431,0,0,0,0,0,0,NaN,stockout_service_failure
1708,159,5,0.0,0.0,0.0,0.0,0.0,0.0,0.85,0.0,0.0,0.05,17.0,-55.04681533276899,0,0,0,0,0,0,NaN,mixed_margin_failure
1719,160,1,102.24569142071775,-3.5123618218208144,0.46562047694390507,15.55,-0.5069418386491557,0.42606562733554953,18.9,0.6296296296296298,0.35,0.7490060072871705,10.0,78.41858948552847,0,0,0,0,0,0,NaN,input_bottleneck_stockout
1737,161,2,108.7541597394307,2.6264842674829225,0.2933932107582236,20.65,0.5099437148217635,0.3018340906455287,22.2,0.9257576835937037,0.575,0.9961006222033539,1.425,85.30069302709641,0,0,0,0,0,0,NaN,stockout_service_failure
1739,162,2,192.3538976541948,4.649310770031255,0.31560867441802554,36.675,0.869136960600375,0.31329216276478006,42.475,0.8628482057897818,0.425,0.9965335616325361,5.375,166.82782679255527,0,0,0,0,0,0,NaN,stockout_service_failure
1745,163,2,0.0,0.0,0.0,0.0,0.0,0.0,0.0,0.0,0.0,0.0,11.0,-24.88245025981991,0,0,0,0,0,0,NaN,mixed_margin_failure
1758,165,6,0.0,0.0,0.0,0.0,0.0,0.0,0.0,0.0,0.0,0.0,12.0,-64.48627955457187,0,0,0,0,0,0,NaN,mixed_margin_failure
1761,164,2,188.48550695397802,0.5236692889241129,0.20873699662806697,37.5,0.3551594746716698,0.2586134406424223,59.5,0.6468280382887653,0.025,0.9957777224504631,21.65,165.14666658880122,0,0,0,0,0,0,NaN,mixed_margin_failure
1764,166,1,10.456818420498408,0.0,3.4407913170270126e-16,2.0,0.0,0.0,0.0,0.1,0.0,0.0,18.0,-12.816544037028663,0,0,0,0,0,0,NaN,mixed_margin_failure
1777,168,6,5.828082649362008,0.0,3.086755300983737e-16,1.0,0.0,0.0,0.0,0.09090909090909091,0.0,0.0,10.0,-30.762915764727534,0,0,0,0,0,0,NaN,mixed_margin_failure
1777,167,1,0.0,0.0,0.0,0.0,0.0,0.0,0.0,0.0,0.0,0.0,8.0,-24.51933085912824,0,0,0,0,0,0,NaN,mixed_margin_failure
1790,169,1,36.2034896605914,0.0,1.98763878080759e-16,7.0,0.0,0.0,0.0,0.4117647058823529,0.0,0.0,10.0,20.878288684503552,0,0,0,0,0,0,NaN,mixed_margin_failure
1796,170,3,128.94713183927928,1.0557800827591728,0.32408244045223955,23.925,0.14774859287054407,0.31766887061156257,31.075,0.7749260163176758,0.325,0.999011290588822,7.075,68.83245137090442,0,0,0,0,0,0,NaN,stockout_service_failure
1803,171,5,153.46406633588887,0.2333256905259135,0.37190487202965233,28.6,0.012945590994371488,0.3732236384797872,64.375,0.45194416011383814,0.05,0.9974947406042082,35.55,84.52319392906772,0,0,0,0,0,0,NaN,mixed_margin_failure
1805,90,6,79.92978690621935,0.0,0.0,11.0,0.0,0.0,0.0,0.3666666666666667,0.0,0.0,19.0,-479.19649581714447,0,0,0,0,0,0,NaN,mixed_margin_failure
1811,173,6,0.0,0.0,0.0,0.0,0.0,0.0,0.0,0.0,0.0,0.0,13.0,-52.18336779592282,0,0,0,0,0,0,NaN,mixed_margin_failure
1818,174,1,0.0,0.0,0.0,0.0,0.0,0.0,0.0,0.0,0.0,0.0,13.0,-23.98892818263821,0,0,0,0,0,0,NaN,mixed_margin_failure
1820,175,2,0.0,0.0,0.0,0.0,0.0,0.0,31.6,0.0,0.0,0.9966109381337844,31.45,-23.09882087545372,0,0,0,0,0,0,NaN,mixed_margin_failure
1860,176,5,27.568403999079315,0.0,0.0,7.0,0.0,0.0,0.0,0.6363636363636364,0.0,0.0,4.0,-26.02936691603934,0,0,0,0,0,0,NaN,mixed_margin_failure
1896,177,2,0.0,0.0,0.0,0.0,0.0,0.0,0.0,0.0,0.0,0.0,16.0,-23.720471436251195,0,0,0,0,0,0,NaN,mixed_margin_failure
1914,178,2,0.0,0.0,0.0,0.0,0.0,0.0,0.0,0.0,0.0,0.0,11.0,-23.020100466950716,0,0,0,0,0,0,NaN,mixed_margin_failure
1921,179,6,0.0,0.0,0.0,0.0,0.0,0.0,0.0,0.0,0.0,0.0,12.0,-46.157512209900986,0,0,0,0,0,0,NaN,mixed_margin_failure
1930,180,6,33.23173581654387,0.10056205234080928,0.04217551293294278,11.625,0.03517823639774859,0.042175512932942805,56.725,0.20576243640474842,0.0,1.0,44.95,-3.955589516632068,0,0,0,0,0,0,NaN,mixed_margin_failure
1931,181,3,20.38776209606663,0.0,3.529541874723027e-16,4.0,0.0,0.0,0.0,0.4444444444444443,0.0,0.0,5.0,-13.303827816792943,0,0,0,0,0,0,NaN,mixed_margin_failure
1938,182,6,0.0,0.0,0.0,0.0,0.0,0.0,0.0,0.0,0.0,0.0,25.0,-46.64464814536022,0,0,0,0,0,0,NaN,mixed_margin_failure
1943,183,5,0.0,0.0,0.0,0.0,0.0,0.0,0.0,0.0,0.0,0.0,11.0,-54.68879555463074,0,0,0,0,0,0,NaN,mixed_margin_failure
1965,184,4,0.0,0.0,0.0,0.0,0.0,0.0,0.0,0.0,0.0,0.0,11.0,-44.255280522758355,0,0,0,0,0,0,NaN,mixed_margin_failure
1991,185,5,0.0,0.0,0.0,0.0,0.0,0.0,0.0,0.0,0.0,0.0,10.0,-49.51522431876978,0,0,0,0,0,0,NaN,mixed_margin_failure
1996,186,3,0.0,0.0,0.0,0.0,0.0,0.0,0.0,0.0,0.0,0.0,13.0,-53.33408537217912,0,0,0,0,0,0,NaN,mixed_margin_failure
2009,187,2,4.176000589477985,0.0,2.153958629438115e-16,1.0,0.0,0.0,0.0,0.09090909090909091,0.0,0.0,10.0,-22.16467056696296,0,0,0,0,0,0,NaN,mixed_margin_failure
2017,188,2,0.0,0.0,0.0,0.0,0.0,0.0,0.0,0.0,0.0,0.0,13.0,-23.73950940757709,0,0,0,0,0,0,NaN,mixed_margin_failure
2024,73,3,0.0,0.0,0.0,0.0,0.0,0.0,0.0,0.0,0.0,0.0,11.0,-49.61240829449723,0,0,0,0,0,0,NaN,mixed_margin_failure
2026,189,6,0.0,0.0,0.0,0.0,0.0,0.0,0.0,0.0,0.0,0.0,12.0,-37.2048697511119,0,0,0,0,0,0,NaN,mixed_margin_failure
2053,191,1,0.0,0.0,0.0,0.0,0.0,0.0,0.0,0.0,0.0,0.0,15.0,-15.397027879845592,0,0,0,0,0,0,NaN,mixed_margin_failure
2054,192,1,0.0,0.0,0.0,0.0,0.0,0.0,0.0,0.0,0.0,0.0,0.0,-24.739389875492968,0,0,0,0,0,0,NaN,mixed_margin_failure
2072,193,6,0.0,0.0,0.0,0.0,0.0,0.0,0.0,0.0,0.0,0.0,12.0,-37.2476761201123,0,0,0,0,0,0,NaN,mixed_margin_failure
2100,195,5,858.7122459798342,1.9687051463946794,0.04547112492217027,198.5,0.06866791744840525,0.03384258429257961,78.15,1.0,1.0,0.39827671873637344,0.0,814.5310040759525,0,0,0,0,0,0,NaN,input_bottleneck_stockout
2102,194,1,0.0,0.0,0.0,0.0,0.0,0.0,0.0,0.0,0.0,0.0,12.0,-25.369104179674345,0,0,0,0,0,0,NaN,mixed_margin_failure
2106,196,3,99.33839637766326,0.0,0.0,17.0,0.0,0.0,0.0,0.7727272727272727,0.0,0.0,5.0,42.82155805684201,0,0,0,0,0,0,NaN,mixed_margin_failure
2129,197,2,0.0,0.0,0.0,0.0,0.0,0.0,0.0,0.0,0.0,0.0,12.0,-23.9205628529014,0,0,0,0,0,0,NaN,mixed_margin_failure
2146,199,1,12.88330692440849,0.0,0.0,2.0,0.0,0.0,0.0,0.25,0.0,0.0,6.0,-12.352615299650871,0,0,0,0,0,0,NaN,mixed_margin_failure
2150,200,3,0.0,0.0,0.0,0.0,0.0,0.0,0.0,0.0,0.0,0.0,0.0,-33.79928715062306,0,0,0,0,0,0,NaN,mixed_margin_failure
2152,201,1,0.0,0.0,0.0,0.0,0.0,0.0,0.0,0.0,0.0,0.0,15.0,-23.134688669205424,0,0,0,0,0,0,NaN,mixed_margin_failure
2163,203,6,34.408803943779944,0.0,0.0,6.0,0.0,0.0,0.0,0.5454545454545456,0.0,0.0,5.0,-3.6587842986735444,0,2,2,0,0,0,NaN,mixed_margin_failure
2165,204,4,0.0,0.0,0.0,0.0,0.0,0.0,43.4,0.0,0.0,0.9998494133195394,43.325,-47.648967511037824,0,0,0,0,0,0,NaN,mixed_margin_failure
2165,202,2,244.5929212141961,0.0,1.1768036408043288e-16,34.0,0.0,0.0,0.0,0.2833333333333333,0.0,0.0,86.0,221.61599964397547,0,0,0,0,0,0,NaN,mixed_margin_failure
2166,97,5,0.0,0.0,0.0,0.0,0.0,0.0,0.0,0.0,0.0,0.0,11.0,-164.7362359580531,0,0,0,0,0,0,NaN,mixed_margin_failure
2168,205,4,91.6998154728183,-0.9543991146475495,0.1828032643040423,14.3,-0.011257035647279546,0.13641075401014088,61.4,0.23674932574356192,0.0,0.9971229031933346,46.875,45.10409183429509,0,0,0,0,0,0,NaN,mixed_margin_failure
2170,207,4,0.0,0.0,0.0,0.0,0.0,0.0,0.0,0.0,0.0,0.0,11.0,-43.452936374367496,0,0,0,0,0,0,NaN,mixed_margin_failure
2171,208,3,152.82797015335262,-1.1216980437481348,0.1431266880758887,26.025,-0.002157598499061919,0.14070755694435574,29.225,0.8684432377966861,0.275,0.975,4.05,100.19460344354175,0,0,0,0,0,0,NaN,stockout_service_failure
2177,209,6,290.6609030486734,3.295638111122025,0.13998062576108675,54.7,1.1196998123827393,0.24426421974619225,60.875,0.8939143518612637,0.2,0.9971447914290354,5.8,243.198378300725,0,1,1,0,0,0,NaN,mixed_margin_failure
2186,210,1,0.0,0.0,0.0,0.0,0.0,0.0,0.0,0.0,0.0,0.0,11.0,-25.922589196758686,0,0,0,0,0,0,NaN,mixed_margin_failure
2217,211,3,71.4146794398333,0.0,4.030513648700686e-16,15.0,0.0,0.0,0.0,1.0,1.0,0.0,0.0,28.336130923633483,0,0,0,0,0,0,NaN,input_bottleneck_stockout
2251,212,2,518.7412212003306,1.7908363175837132,0.04286380619976158,65.025,0.22448405253283307,0.04286380619976159,100.75,0.6486227197352781,0.0,0.9983969286175876,35.475,493.9350330730511,0,0,0,0,0,0,NaN,mixed_margin_failure
2260,213,2,0.0,0.0,0.0,0.0,0.0,0.0,0.0,0.0,0.0,0.0,14.0,-23.570334692117015,0,0,0,0,0,0,NaN,mixed_margin_failure
2262,214,1,0.0,0.0,0.0,0.0,0.0,0.0,0.0,0.0,0.0,0.0,13.0,-24.12822127668585,0,0,0,0,0,0,NaN,mixed_margin_failure
2288,198,4,0.0,0.0,0.0,0.0,0.0,0.0,0.0,0.0,0.0,0.0,12.0,-38.5487458398916,0,0,0,0,0,0,NaN,mixed_margin_failure
2300,217,4,0.0,0.0,0.0,0.0,0.0,0.0,13.0,0.0,0.0,1.0,0.0,-49.31215626829799,0,0,0,0,0,0,NaN,mixed_margin_failure
2314,218,3,43.13462905166914,17.253851620667653,0.6666666666666667,11.25,4.5,0.6666666666666666,15.0,0.75,0.75,1.0,0.0,-6.7630329277982195,0,0,0,0,0,0,NaN,stockout_service_failure
2477,172,6,28.370445778527074,0.0,1.2682116560964036e-16,5.0,0.0,0.0,0.0,0.21739130434782608,0.0,0.0,18.0,-405.93933953883004,0,0,0,0,0,0,NaN,mixed_margin_failure
2538,235,1,33.41447526828817,9.54699293379662,0.5684445898244439,8.4,2.4000000000000004,0.5684445898244439,10.6,0.8,0.8,0.9871933471321285,0.0,8.572747512772224,0,0,0,0,0,0,NaN,stockout_service_failure
2557,237,2,0.0,0.0,0.0,0.0,0.0,0.0,10.0,0.0,0.0,0.8333333333333334,10.0,-22.79865377817927,0,0,0,0,0,0,NaN,mixed_margin_failure
2670,244,4,12.621791627473721,1.2020753930927353,0.4040610178208844,4.375,0.4166666666666667,0.4040610178208843,26.625,0.16305453805453807,0.0,1.0,19.125,-32.20747444709041,0,0,0,0,0,0,NaN,mixed_margin_failure
2684,245,4,53.66455759006427,13.8146385875413,0.5594278450105603,8.8,2.2,0.5590169943749475,10.8,0.8,0.8,1.0,0.0,7.715065496207396,0,0,0,0,0,0,NaN,stockout_service_failure
2729,251,2,0.0,0.0,0.0,0.0,0.0,0.0,1.1,0.0,0.0,0.1,10.45,-25.600618640697054,0,0,0,0,0,0,NaN,mixed_margin_failure
2731,252,1,49.915212073168284,9.01942828194701,0.49097032769148524,12.333333333333334,2.2285714285714286,0.49097032769148513,15.0,0.8222222222222223,0.6666666666666666,1.0,0.16666666666666666,26.06114489537677,0,0,0,0,0,0,NaN,stockout_service_failure
2734,253,2,21.998111293605024,2.7235756839701457,0.42761798705987897,5.0,0.6190476190476191,0.427617987059879,4.0,0.3125,0.0,0.25,9.0,-1.1686300818746584,0,0,0,0,0,0,NaN,mixed_margin_failure
2755,254,5,5.901900774189238,0.0804804651025805,0.22912878474779189,0.9523809523809523,0.012987012987012984,0.22912878474779202,1.0476190476190477,0.08658008658008656,0.0,0.09523809523809523,9.523809523809524,-45.92257348176048,0,0,0,0,0,0,NaN,mixed_margin_failure
2762,255,4,0.0,0.0,0.0,0.0,0.0,0.0,0.9230769230769231,0.0,0.0,0.07692307692307693,10.653846153846153,-45.177831203591985,0,0,0,0,0,0,NaN,mixed_margin_failure
2769,256,4,0.0,0.0,0.0,0.0,0.0,0.0,17.0,0.0,0.0,1.0,0.0,-46.0876598985402,0,0,0,0,0,0,NaN,mixed_margin_failure
2775,257,4,72.74331432480679,18.185828581201697,0.5590169943749475,20.0,5.0,0.5590169943749475,25.0,0.8,0.8,1.0,0.0,29.113059919194132,0,0,0,0,0,0,NaN,stockout_service_failure
2788,258,1,60.96709671100999,2.722016614134885,0.3056012459277449,12.307692307692308,0.5329670329670331,0.3047048606165208,13.461538461538462,0.9230769230769231,0.9230769230769231,0.9937886956886474,0.0,36.60940655238102,0,0,0,0,0,0,NaN,stockout_service_failure
2791,259,5,29.20358947058354,3.2174080123881446,0.6191074228928803,9.375,1.0357142857142858,0.6191853326674301,12.5,0.75,0.75,1.0,1.625,-20.6740349886609,0,0,0,0,0,0,NaN,stockout_service_failure
2793,260,6,4.668134413146277,0.8891684596469099,0.6172133998483676,0.75,0.14285714285714285,0.6172133998483676,3.25,0.057692307692307696,0.0,0.25,10.625,-42.941100521281726,0,0,0,0,0,0,NaN,mixed_margin_failure
2820,262,1,0.0,0.0,0.0,0.0,0.0,0.0,1.9375,0.0,0.0,0.125,10.25,-23.304692705141075,0,0,0,0,0,0,NaN,mixed_margin_failure
2827,263,4,90.87567859485355,37.52286083916534,0.6673600279218451,15.5,6.4,0.6673600279218452,20.25,0.75,0.75,0.9521558508393301,0.0,38.77916985843068,0,0,0,0,0,0,NaN,stockout_service_failure
2898,271,4,0.0,0.0,0.0,0.0,0.0,0.0,13.0,0.0,0.0,1.0,9.75,-47.9683911865251,0,0,0,0,0,0,NaN,mixed_margin_failure
2905,272,3,66.67196078831508,6.424570296714632,0.38619321568576204,11.818181818181818,1.0818181818181818,0.3761687900130493,13.090909090909092,0.9090909090909091,0.9090909090909091,0.986055995015178,0.0,15.325493873612173,0,0,0,0,0,0,NaN,stockout_service_failure
2911,273,5,118.22232750379021,9.703097190786853,0.36023509257735187,18.9,1.3636363636363635,0.3540100364717831,20.8,0.9,0.9,0.9609220971886309,0.0,58.716760138719486,0,0,0,0,0,0,NaN,stockout_service_failure
2927,206,5,19.224639649089273,0.0,3.743084986946271e-16,6.0,0.0,0.0,0.0,0.3529411764705883,0.0,0.0,11.0,-304.60459360929383,0,0,0,0,0,0,NaN,mixed_margin_failure
2952,275,5,0.0,0.0,0.0,0.0,0.0,0.0,1.4864864864864864,0.0,0.0,0.13513513513513514,10.702702702702704,-38.96551041684121,0,0,0,0,0,0,NaN,mixed_margin_failure
2965,276,5,0.0,0.0,0.0,0.0,0.0,0.0,1.3,0.0,0.0,0.1,12.675,-51.11124758675378,0,0,0,0,0,0,NaN,mixed_margin_failure
2993,277,2,44.33628923862868,0.0,1.6230375001086534e-16,9.0,0.0,0.0,0.0,0.6000000000000002,0.0,0.0,6.0,20.935183505986025,0,0,0,0,0,0,NaN,mixed_margin_failure
3013,279,5,0.0,0.0,0.0,0.0,0.0,0.0,0.0,0.0,0.0,0.0,14.0,-50.87794960226438,0,0,0,0,0,0,NaN,mixed_margin_failure
3013,278,1,0.0,0.0,0.0,0.0,0.0,0.0,0.0,0.0,0.0,0.0,12.0,-24.612414496153416,0,0,0,0,0,0,NaN,mixed_margin_failure
3021,280,6,0.0,0.0,0.0,0.0,0.0,0.0,0.0,0.0,0.0,0.0,12.0,-44.30930035910753,0,0,0,0,0,0,NaN,mixed_margin_failure
3024,281,1,0.0,0.0,0.0,0.0,0.0,0.0,0.0,0.0,0.0,0.0,11.0,-25.572553374129683,0,0,0,0,0,0,NaN,mixed_margin_failure
3031,190,3,585.5120931541409,0.0,3.9328013008135313e-16,150.0,0.0,0.0,0.0,1.0,1.0,0.0,0.0,542.0358830120863,0,0,0,0,0,0,NaN,input_bottleneck_stockout
3035,282,6,0.0,0.0,0.0,0.0,0.0,0.0,0.0,0.0,0.0,0.0,11.0,-44.46422104191173,0,0,0,0,0,0,NaN,mixed_margin_failure
3044,284,2,0.0,0.0,0.0,0.0,0.0,0.0,0.0,0.0,0.0,0.0,10.0,-24.565112509332714,0,0,0,0,0,0,NaN,mixed_margin_failure
3054,285,6,0.0,0.0,0.0,0.0,0.0,0.0,0.0,0.0,0.0,0.0,8.0,-35.83585642807439,0,0,0,0,0,0,NaN,mixed_margin_failure
3058,286,4,0.0,0.0,0.0,0.0,0.0,0.0,0.0,0.0,0.0,0.0,9.0,-30.97024082504704,0,0,0,0,0,0,NaN,mixed_margin_failure
3066,287,6,4.221049056163621,0.0,0.0,1.0,0.0,0.0,0.0,0.11111111111111108,0.0,0.0,8.0,-40.23715224996377,0,0,0,0,0,0,NaN,mixed_margin_failure
3074,288,2,0.0,0.0,0.0,0.0,0.0,0.0,0.0,0.0,0.0,0.0,11.0,-23.403204288723238,0,0,0,0,0,0,NaN,mixed_margin_failure
3102,289,5,88.03133193205251,-3.2324359664627003,0.600082580612155,17.225,-0.6762664165103189,0.6225704154860572,15.75,0.5427453769559032,0.4,0.4974217521926187,17.3,34.44037641691223,0,0,0,0,0,0,NaN,input_bottleneck_stockout
3105,290,2,0.0,0.0,0.0,0.0,0.0,0.0,0.0,0.0,0.0,0.0,9.0,-23.20189351443883,0,0,0,0,0,0,NaN,mixed_margin_failure
3124,291,4,0.0,0.0,0.0,0.0,0.0,0.0,0.0,0.0,0.0,0.0,13.0,-49.43035824836598,0,0,0,0,0,0,NaN,mixed_margin_failure
3144,292,2,417.90163911068413,-4.469794654148328,0.24847311794321725,66.525,-0.7115384615384616,0.24847311794321728,86.8,0.781857611821166,0.0,0.9979927380662827,20.075,394.50652752688427,0,0,0,0,0,0,NaN,mixed_margin_failure
3145,293,2,0.0,0.0,0.0,0.0,0.0,0.0,0.0,0.0,0.0,0.0,25.0,-22.90105753557625,0,0,0,0,0,0,NaN,mixed_margin_failure
3169,294,2,0.0,0.0,0.0,0.0,0.0,0.0,0.0,0.0,0.0,0.0,19.0,-23.430892087170037,0,0,0,0,0,0,NaN,mixed_margin_failure
3171,295,5,0.0,0.0,0.0,0.0,0.0,0.0,0.0,0.0,0.0,0.0,30.0,-51.614487601964115,0,0,0,0,0,0,NaN,mixed_margin_failure
3189,296,2,378.9858131448599,1.8731186765324952,0.08392149539010386,89.525,1.0025328330206378,0.15267474565678196,95.5,0.9428826296577629,0.475,0.998132499258535,5.275,355.5411118212236,0,0,0,0,0,0,NaN,stockout_service_failure
3196,297,3,0.0,0.0,0.0,0.0,0.0,0.0,0.0,0.0,0.0,0.0,14.0,-51.065148428292275,0,0,0,0,0,0,NaN,mixed_margin_failure
3204,298,2,0.0,0.0,0.0,0.0,0.0,0.0,0.0,0.0,0.0,0.0,12.0,-26.163535888899343,0,0,0,0,0,0,NaN,mixed_margin_failure
3209,299,6,0.0,0.0,0.0,0.0,0.0,0.0,0.0,0.0,0.0,0.0,11.0,-34.801821444233,0,0,0,0,0,0,NaN,mixed_margin_failure
3238,300,2,0.0,0.0,0.0,0.0,0.0,0.0,0.0,0.0,0.0,0.0,12.0,-26.254060562155274,0,0,0,0,0,0,NaN,mixed_margin_failure
3239,301,4,0.0,0.0,0.0,0.0,0.0,0.0,0.0,0.0,0.0,0.0,11.0,-44.78718225470257,0,0,0,0,0,0,NaN,mixed_margin_failure
3245,302,1,0.0,0.0,0.0,0.0,0.0,0.0,0.0,0.0,0.0,0.0,9.0,-24.948694316196317,0,0,0,0,0,0,NaN,mixed_margin_failure
3248,303,3,0.0,0.0,0.0,0.0,0.0,0.0,0.0,0.0,0.0,0.0,11.0,-52.04284952375993,0,0,0,0,0,0,NaN,mixed_margin_failure
3252,304,3,56.10904003352027,0.0,1.282493159871717e-16,9.0,0.0,0.0,0.0,0.375,0.0,0.0,15.0,3.9139557186841785,0,0,0,0,0,0,NaN,mixed_margin_failure
3257,305,6,231.36868833327645,2.4456652706141195,0.1330223833589863,60.35,0.7135084427767354,0.1495096159982367,65.025,0.9374088779894876,0.45,0.9965634315241975,4.2,196.40282412639067,0,0,0,0,0,0,NaN,stockout_service_failure
3280,306,2,0.0,0.0,0.0,0.0,0.0,0.0,0.0,0.0,0.0,0.0,13.0,-25.80154055929874,0,0,0,0,0,0,NaN,mixed_margin_failure
3301,307,2,16.451923370852786,0.0,2.1869619262099707e-16,3.0,0.0,0.0,0.0,0.25,0.0,0.0,9.0,-6.955561342439486,0,0,0,0,0,0,NaN,mixed_margin_failure
3336,308,1,0.0,0.0,0.0,0.0,0.0,0.0,0.0,0.0,0.0,0.0,39.0,-23.542597102689136,0,0,0,0,0,0,NaN,mixed_margin_failure
3355,309,1,23.956585878127886,0.0,3.0037443739283534e-16,5.0,0.0,0.0,0.0,0.4545454545454544,0.0,0.0,6.0,-1.5351473415683015,0,0,0,0,0,0,NaN,mixed_margin_failure
3361,310,1,32.85200208430804,0.0,4.380826463196285e-16,8.0,0.0,0.0,0.0,0.5333333333333335,0.0,0.0,7.0,8.235181767640977,0,0,0,0,0,0,NaN,mixed_margin_failure
3361,311,5,0.0,0.0,0.0,0.0,0.0,0.0,0.0,0.0,0.0,0.0,15.0,-35.94867924026313,0,0,0,0,0,0,NaN,mixed_margin_failure
3365,312,3,0.0,0.0,0.0,0.0,0.0,0.0,0.0,0.0,0.0,0.0,14.0,-34.22366604145965,0,0,0,0,0,0,NaN,mixed_margin_failure
3371,313,1,5.200782395282808,0.0,3.4590689717775185e-16,1.0,0.0,0.0,0.0,0.09090909090909091,0.0,0.0,10.0,-21.349703893073173,0,0,0,0,0,0,NaN,mixed_margin_failure
3377,314,5,4.367576460064148,0.0,4.1189582316379865e-16,1.0,0.0,0.0,0.0,0.07692307692307696,0.0,0.0,12.0,-47.830018795963475,0,0,0,0,0,0,NaN,mixed_margin_failure
3378,315,4,0.0,0.0,0.0,0.0,0.0,0.0,0.0,0.0,0.0,0.0,0.0,-46.380328641887985,0,0,0,0,0,0,NaN,mixed_margin_failure
3394,316,1,62.716015393321776,0.0,3.4421571395440045e-16,10.0,0.0,0.0,0.0,0.3846153846153847,0.0,0.0,16.0,39.829642467083794,0,0,0,0,0,0,NaN,mixed_margin_failure
3400,317,1,0.0,0.0,0.0,0.0,0.0,0.0,0.0,0.0,0.0,0.0,10.0,-24.192393245105713,0,0,0,0,0,0,NaN,mixed_margin_failure
3429,318,3,0.0,0.0,0.0,0.0,0.0,0.0,0.0,0.0,0.0,0.0,12.0,-49.63773990350713,0,0,0,0,0,0,NaN,mixed_margin_failure
3433,319,3,0.0,0.0,0.0,0.0,0.0,0.0,0.0,0.0,0.0,0.0,12.0,-61.15626868528305,0,0,0,0,0,0,NaN,mixed_margin_failure
3454,321,5,35.30733520068495,0.0,0.0,8.0,0.0,0.0,0.0,0.7272727272727273,0.0,0.0,3.0,-17.09889621810025,0,1,1,0,0,0,NaN,mixed_margin_failure
3455,320,1,0.0,0.0,0.0,0.0,0.0,0.0,0.0,0.0,0.0,0.0,11.0,-24.584691812163094,0,0,0,0,0,0,NaN,mixed_margin_failure
3467,234,6,755.4158087998417,0.0,3.048258581266722e-16,172.0,0.0,0.0,0.0,0.8514851485148516,0.0,0.0,30.0,382.20878431370113,0,0,0,0,0,0,NaN,mixed_margin_failure
3485,323,5,624.0100221442232,2.321700972165986,0.05938763828144253,187.25,0.6765478424015009,0.05709414136816995,116.55,0.9870328407312943,0.8,0.6238494932341296,2.4,572.9858066603216,0,0,0,0,0,0,NaN,input_bottleneck_stockout
3525,324,2,19.88581811844494,0.0,0.0,5.0,0.0,0.0,0.0,0.17241379310344832,0.0,0.0,24.0,-6.7665098156127685,0,0,0,0,0,0,NaN,mixed_margin_failure
3526,325,1,51.80186666429431,0.0,2.778257413629377e-16,10.0,0.0,0.0,0.0,0.5,0.0,0.0,10.0,27.799867587905645,0,0,0,0,0,0,NaN,mixed_margin_failure
3528,326,6,0.0,0.0,0.0,0.0,0.0,0.0,56.6,0.0,0.0,1.0,56.6,-44.832205009720525,0,0,0,0,0,0,NaN,mixed_margin_failure
3533,327,2,40.99942065076158,0.0,1.7551335825673773e-16,8.0,0.0,0.0,0.0,0.5,0.0,0.0,8.0,16.074529614991633,0,0,0,0,0,0,NaN,mixed_margin_failure
3598,328,2,27.000073192063404,0.0,0.0,5.0,0.0,0.0,0.0,0.4166666666666667,0.0,0.0,7.0,1.1022614448370476,0,0,0,0,0,0,NaN,mixed_margin_failure
3599,329,2,0.0,0.0,0.0,0.0,0.0,0.0,0.0,0.0,0.0,0.0,13.0,-25.75042434438195,0,0,0,0,0,0,NaN,mixed_margin_failure
3615,330,4,6.298981571469684,0.0,1.4279979079453083e-16,1.0,0.0,0.0,0.0,0.07142857142857145,0.0,0.0,13.0,-41.561236991435656,0,0,0,0,0,0,NaN,mixed_margin_failure
3617,331,6,208.2905447657772,3.327955915122249,0.252798755735567,35.175,0.5620075046904316,0.2527987557355668,113.325,0.3100921190393664,0.0,0.9990337849180204,77.95,161.36086571236086,0,0,0,0,0,0,NaN,mixed_margin_failure
3635,332,3,0.0,0.0,0.0,0.0,0.0,0.0,0.0,0.0,0.0,0.0,17.0,-52.49869512408795,0,0,0,0,0,0,NaN,mixed_margin_failure
3638,333,6,775.3508544822375,0.0,2.9698848054231574e-16,212.0,0.0,0.0,0.0,1.0,1.0,0.0,0.0,722.9700121767057,0,0,0,0,0,0,NaN,input_bottleneck_stockout
3644,334,4,0.0,0.0,0.0,0.0,0.0,0.0,0.0,0.0,0.0,0.0,12.0,-31.713576026063322,0,0,0,0,0,0,NaN,mixed_margin_failure
3650,335,4,0.0,0.0,0.0,0.0,0.0,0.0,0.0,0.0,0.0,0.0,11.0,-48.092280789631126,0,0,0,0,0,0,NaN,mixed_margin_failure
3675,336,5,6.360745121906849,0.0,2.82826377534468e-16,1.0,0.0,0.0,0.0,0.016129032258064512,0.0,0.0,61.0,-44.03795191958879,0,0,0,0,0,0,NaN,mixed_margin_failure
3706,337,3,0.0,0.0,0.0,0.0,0.0,0.0,0.0,0.0,0.0,0.0,11.0,-53.989074008852356,0,0,0,0,0,0,NaN,mixed_margin_failure
3707,338,6,0.0,0.0,0.0,0.0,0.0,0.0,0.0,0.0,0.0,0.0,11.0,-45.6046058314894,0,0,0,0,0,0,NaN,mixed_margin_failure
3732,340,4,38.90303668379649,0.0,1.8497131890973931e-16,8.0,0.0,0.0,0.0,0.5333333333333335,0.0,0.0,7.0,-11.277254551431957,0,0,0,0,0,0,NaN,mixed_margin_failure
3734,339,6,19.28614842960563,0.17139279346255754,0.7002590454190052,7.975,0.10140712945590995,0.6987222828136834,79.225,0.10046653069396531,0.0,1.0,71.025,-26.18014339270901,0,1,1,0,0,0,NaN,mixed_margin_failure
3743,341,4,528.9800583815962,0.5171281124433682,0.10528894242180789,194.825,-0.6927767354596623,0.1348724499424474,148.05,0.9984634404025883,0.925,0.7454840623415077,0.3,480.2990539399967,0,0,0,0,0,0,NaN,input_bottleneck_stockout
3746,274,5,0.0,0.0,0.0,0.0,0.0,0.0,0.0,0.0,0.0,0.0,15.0,-314.4298632382458,0,0,0,0,0,0,NaN,mixed_margin_failure
3755,343,5,0.0,0.0,0.0,0.0,0.0,0.0,0.0,0.0,0.0,0.0,13.0,-52.349685501081055,0,0,0,0,0,0,NaN,mixed_margin_failure
3756,344,6,0.0,0.0,0.0,0.0,0.0,0.0,0.0,0.0,0.0,0.0,16.0,-46.77525804606485,0,0,0,0,0,0,NaN,mixed_margin_failure
3780,345,1,23.679298883030164,0.0,1.519459262823192e-16,4.0,0.0,0.0,0.0,0.18181818181818182,0.0,0.0,18.0,-2.7719649476578754,0,0,0,0,0,0,NaN,mixed_margin_failure
3782,4,4,284.4584849956776,0.0,2.0237599184584427e-16,69.0,0.0,0.0,0.0,0.42331288343558277,0.0,0.0,94.0,137.9963400058881,0,0,0,0,0,0,NaN,mixed_margin_failure
3801,348,6,671.7576796188421,0.7877343101299077,0.060022607873023374,183.925,-0.14568480300187614,0.05813460292671494,82.075,1.0,1.0,0.44646931912526,0.0,615.7833873163046,0,0,0,0,0,0,NaN,input_bottleneck_stockout
3830,349,1,0.0,0.0,0.0,0.0,0.0,0.0,0.0,0.0,0.0,0.0,13.0,-24.63699425531264,0,0,0,0,0,0,NaN,mixed_margin_failure
3832,350,5,37.523341175380686,0.0,0.0,8.0,0.0,0.0,0.0,0.5333333333333335,0.0,0.0,7.0,-18.701136646975453,0,0,0,0,0,0,NaN,mixed_margin_failure
3851,351,5,0.0,0.0,0.0,0.0,0.0,0.0,58.35,0.0,0.0,1.0,58.35,-60.22522224460507,0,0,0,0,0,0,NaN,mixed_margin_failure
3869,352,1,0.0,0.0,0.0,0.0,0.0,0.0,0.0,0.0,0.0,0.0,12.0,-24.049183133771216,0,0,0,0,0,0,NaN,mixed_margin_failure
3882,353,3,0.0,0.0,0.0,0.0,0.0,0.0,0.0,0.0,0.0,0.0,12.0,-50.0718454597241,0,0,0,0,0,0,NaN,mixed_margin_failure
3885,354,2,0.0,0.0,0.0,0.0,0.0,0.0,0.0,0.0,0.0,0.0,11.0,-26.60353000699992,0,0,0,0,0,0,NaN,mixed_margin_failure
3887,355,1,0.0,0.0,0.0,0.0,0.0,0.0,0.0,0.0,0.0,0.0,11.0,-23.415955918417396,0,0,0,0,0,0,NaN,mixed_margin_failure
3887,283,3,0.0,0.0,0.0,0.0,0.0,0.0,0.0,0.0,0.0,0.0,48.0,-61.09824270093352,0,0,0,0,0,0,NaN,mixed_margin_failure
3891,357,1,0.0,0.0,0.0,0.0,0.0,0.0,0.0,0.0,0.0,0.0,16.0,-22.98902560262071,0,0,0,0,0,0,NaN,mixed_margin_failure
3891,356,2,0.0,0.0,0.0,0.0,0.0,0.0,0.0,0.0,0.0,0.0,11.0,-25.288575600447295,0,0,0,0,0,0,NaN,mixed_margin_failure
3911,359,1,0.0,0.0,0.0,0.0,0.0,0.0,0.0,0.0,0.0,0.0,11.0,-23.381854807804444,0,0,0,0,0,0,NaN,mixed_margin_failure
3918,361,5,0.0,0.0,0.0,0.0,0.0,0.0,0.0,0.0,0.0,0.0,8.0,-54.9671968473708,0,0,0,0,0,0,NaN,mixed_margin_failure
3926,362,1,0.0,0.0,0.0,0.0,0.0,0.0,0.0,0.0,0.0,0.0,13.0,-23.114318417565766,0,0,0,0,0,0,NaN,mixed_margin_failure
3939,363,5,0.0,0.0,0.0,0.0,0.0,0.0,0.0,0.0,0.0,0.0,11.0,-66.61861873256512,0,0,0,0,0,0,NaN,mixed_margin_failure
3966,365,1,0.0,0.0,0.0,0.0,0.0,0.0,0.0,0.0,0.0,0.0,9.0,-23.43547392721799,0,0,0,0,0,0,NaN,mixed_margin_failure
3988,366,2,0.0,0.0,0.0,0.0,0.0,0.0,0.0,0.0,0.0,0.0,12.0,-25.544628411298092,0,0,0,0,0,0,NaN,mixed_margin_failure
4008,367,6,639.4245015155159,-1.6186516751462092,0.06378848927774375,210.45,-0.7272045028142589,0.07602717924254801,59.4,1.0,1.0,0.2748401928685779,0.0,597.3595475433619,0,0,0,0,0,0,NaN,input_bottleneck_stockout
4014,368,5,49.19604796461203,0.0,0.0,9.0,0.0,0.0,0.0,0.3913043478260871,0.0,0.0,14.0,-11.618492793131185,0,0,0,0,0,0,NaN,mixed_margin_failure
4015,369,5,0.0,0.0,0.0,0.0,0.0,0.0,0.0,0.0,0.0,0.0,12.0,-70.48858736747486,0,0,0,0,0,0,NaN,mixed_margin_failure
4038,322,6,0.0,0.0,0.0,0.0,0.0,0.0,0.0,0.0,0.0,0.0,12.0,-632.2932994963105,0,0,0,0,0,0,NaN,mixed_margin_failure
4060,360,4,0.0,0.0,0.0,0.0,0.0,0.0,0.0,0.0,0.0,0.0,43.0,-43.60926832319113,0,0,0,0,0,0,NaN,mixed_margin_failure
4073,371,3,12.73504677031243,0.0,2.8252530731849325e-16,3.0,0.0,0.0,0.0,0.25,0.0,0.0,9.0,-40.000646639053585,0,0,0,0,0,0,NaN,mixed_margin_failure
4084,372,4,94.50129281387618,0.0,1.5229307008886096e-16,20.0,0.0,0.0,0.0,0.606060606060606,0.0,0.0,13.0,46.72218636665836,0,0,0,0,0,0,NaN,mixed_margin_failure
4094,373,4,222.4527581801687,-4.998238316646121,0.4456417821128653,45.55,-1.0234521575984992,0.4456417821128654,138.3,0.3322822155602834,0.0,0.999531476440868,92.475,171.85498808938098,0,0,0,0,0,0,NaN,demand_collapse
4114,364,4,0.0,0.0,0.0,0.0,0.0,0.0,0.0,0.0,0.0,0.0,12.0,-83.22480574071793,0,0,0,0,0,0,NaN,mixed_margin_failure
4117,375,4,56.35749458361097,0.0,2.553678462167984e-16,11.0,0.0,0.0,0.0,1.0,1.0,0.0,0.0,12.302239599138812,0,0,0,0,0,0,NaN,input_bottleneck_stockout
4118,374,1,518.242666455461,0.0,4.443290509729883e-16,149.0,0.0,0.0,0.0,0.846590909090909,0.0,0.0,27.0,491.94614143965975,0,0,0,0,0,0,NaN,mixed_margin_failure
4120,376,4,66.68644289537855,0.0,2.1581436023766373e-16,16.0,0.0,0.0,0.0,1.0,1.0,0.0,0.0,15.91009658355261,0,0,0,0,0,0,NaN,input_bottleneck_stockout
4121,377,3,0.0,0.0,0.0,0.0,0.0,0.0,0.0,0.0,0.0,0.0,11.0,-52.20369136414113,0,0,0,0,0,0,NaN,mixed_margin_failure
4144,378,1,0.0,0.0,0.0,0.0,0.0,0.0,0.0,0.0,0.0,0.0,12.0,-24.2408982749022,0,0,0,0,0,0,NaN,mixed_margin_failure
4146,379,2,0.0,0.0,0.0,0.0,0.0,0.0,0.0,0.0,0.0,0.0,13.0,-25.175373737334823,0,0,0,0,0,0,NaN,mixed_margin_failure
4172,380,6,0.0,0.0,0.0,0.0,0.0,0.0,0.0,0.0,0.0,0.0,8.0,-44.52911806720503,0,0,0,0,0,0,NaN,mixed_margin_failure
4185,382,6,0.0,0.0,0.0,0.0,0.0,0.0,0.0,0.0,0.0,0.0,18.0,-45.94588099277688,0,0,0,0,0,0,NaN,mixed_margin_failure
4186,381,2,0.0,0.0,0.0,0.0,0.0,0.0,46.125,0.0,0.0,1.0,46.125,-23.40520077130485,0,0,0,0,0,0,NaN,mixed_margin_failure
4199,384,4,0.0,0.0,0.0,0.0,0.0,0.0,0.0,0.0,0.0,0.0,18.0,-47.470449823832766,0,0,0,0,0,0,NaN,mixed_margin_failure
4201,383,2,0.0,0.0,0.0,0.0,0.0,0.0,0.0,0.0,0.0,0.0,11.0,-15.573372386991437,0,0,0,0,0,0,NaN,mixed_margin_failure
4209,385,6,0.0,0.0,0.0,0.0,0.0,0.0,0.0,0.0,0.0,0.0,15.0,-43.623553821941925,0,0,0,0,0,0,NaN,mixed_margin_failure
4215,386,3,20.471281712425487,0.0,0.0,6.0,0.0,0.0,0.0,0.4285714285714285,0.0,0.0,8.0,-30.47276962328042,0,0,0,0,0,0,NaN,mixed_margin_failure
4216,347,4,0.0,0.0,0.0,0.0,0.0,0.0,0.0,0.0,0.0,0.0,11.0,-61.007976131041744,0,0,0,0,0,0,NaN,mixed_margin_failure
4217,387,4,0.0,0.0,0.0,0.0,0.0,0.0,0.0,0.0,0.0,0.0,11.0,-34.622916949195414,0,0,0,0,0,0,NaN,mixed_margin_failure
4257,388,4,0.0,0.0,0.0,0.0,0.0,0.0,0.0,0.0,0.0,0.0,9.0,-50.31243753331381,0,0,0,0,0,0,NaN,mixed_margin_failure
4259,389,3,0.0,0.0,0.0,0.0,0.0,0.0,0.0,0.0,0.0,0.0,11.0,-51.86007930181707,0,0,0,0,0,0,NaN,mixed_margin_failure
4287,390,6,61.89606319806758,0.0,2.3251708212746134e-16,11.0,0.0,0.0,0.0,0.4782608695652176,0.0,0.0,12.0,21.410522385743672,0,0,0,0,0,0,NaN,mixed_margin_failure
4322,391,4,0.0,0.0,0.0,0.0,0.0,0.0,0.0,0.0,0.0,0.0,12.0,-49.93964342632381,0,0,0,0,0,0,NaN,mixed_margin_failure
4324,392,2,61.16743672769286,0.0,2.3528682547319906e-16,14.0,0.0,0.0,0.0,0.6363636363636364,0.0,0.0,8.0,37.068173415597315,0,0,0,0,0,0,NaN,mixed_margin_failure
4330,393,6,764.4261956637541,0.0,3.012328377364427e-16,214.0,0.0,0.0,0.0,0.9861751152073733,0.0,0.0,3.0,719.9800321930966,0,1,1,0,0,0,NaN,mixed_margin_failure
4336,394,2,49.67773347081237,0.0,2.8970508524603726e-16,10.0,0.0,0.0,0.0,0.5555555555555558,0.0,0.0,8.0,26.511407063449877,0,0,0,0,0,0,NaN,mixed_margin_failure
4361,395,3,30.444694238444015,0.0,4.727225012435259e-16,7.0,0.0,0.0,0.0,0.5833333333333333,0.0,0.0,5.0,-24.627766034673538,0,0,0,0,0,0,NaN,mixed_margin_failure
4376,396,6,0.0,0.0,0.0,0.0,0.0,0.0,0.0,0.0,0.0,0.0,32.0,-46.15145184328797,0,0,0,0,0,0,NaN,mixed_margin_failure
4383,397,4,0.0,0.0,0.0,0.0,0.0,0.0,0.0,0.0,0.0,0.0,11.0,-43.25587318799417,0,0,0,0,0,0,NaN,mixed_margin_failure
4391,398,4,42.9179308272431,0.0,1.6766758942693538e-16,9.0,0.0,0.0,0.0,0.3913043478260871,0.0,0.0,14.0,-5.630957504689571,0,0,0,0,0,0,NaN,mixed_margin_failure
4402,399,3,0.0,0.0,0.0,0.0,0.0,0.0,0.0,0.0,0.0,0.0,14.0,-50.82254152006598,0,0,0,0,0,0,NaN,mixed_margin_failure
4409,400,3,0.0,0.0,0.0,0.0,0.0,0.0,0.0,0.0,0.0,0.0,8.0,-33.65777222455356,0,0,0,0,0,0,NaN,mixed_margin_failure
4426,401,1,0.0,0.0,0.0,0.0,0.0,0.0,0.0,0.0,0.0,0.0,12.0,-23.141815548059185,0,0,0,0,0,0,NaN,mixed_margin_failure
4456,402,1,0.0,0.0,0.0,0.0,0.0,0.0,0.0,0.0,0.0,0.0,12.0,-23.218361429929317,0,0,0,0,0,0,NaN,mixed_margin_failure
4488,403,6,731.8231173811749,0.0,3.146529081834512e-16,189.0,0.0,0.0,0.0,1.0,1.0,0.0,0.0,686.146735041391,0,0,0,0,0,0,NaN,input_bottleneck_stockout
4494,404,5,0.0,0.0,0.0,0.0,0.0,0.0,0.0,0.0,0.0,0.0,11.0,-35.37620599039973,0,0,0,0,0,0,NaN,mixed_margin_failure
4500,405,4,0.0,0.0,0.0,0.0,0.0,0.0,0.0,0.0,0.0,0.0,11.0,-50.893411336878856,0,0,0,0,0,0,NaN,mixed_margin_failure
4503,406,1,0.0,0.0,0.0,0.0,0.0,0.0,0.0,0.0,0.0,0.0,13.0,-23.337106626958864,0,0,0,0,0,0,NaN,mixed_margin_failure
4504,407,3,29.68527853425898,0.0,1.2120394957202711e-16,5.0,0.0,0.0,0.0,0.3125,0.0,0.0,11.0,-32.57545053285678,0,0,0,0,0,0,NaN,mixed_margin_failure
4513,342,5,0.0,0.0,0.0,0.0,0.0,0.0,0.0,0.0,0.0,0.0,14.0,-217.1753062651424,0,0,0,0,0,0,NaN,mixed_margin_failure
4515,408,2,0.0,0.0,0.0,0.0,0.0,0.0,0.0,0.0,0.0,0.0,11.0,-23.77297698267344,0,0,0,0,0,0,NaN,mixed_margin_failure
4521,410,5,0.0,0.0,0.0,0.0,0.0,0.0,0.0,0.0,0.0,0.0,8.0,-55.94561556312584,0,0,0,0,0,0,NaN,mixed_margin_failure
4528,411,5,0.0,0.0,0.0,0.0,0.0,0.0,0.0,0.0,0.0,0.0,9.0,-50.64754040662574,0,0,0,0,0,0,NaN,mixed_margin_failure
4532,412,4,0.0,0.0,0.0,0.0,0.0,0.0,0.0,0.0,0.0,0.0,17.0,-49.6528383597221,0,0,0,0,0,0,NaN,mixed_margin_failure
4547,413,4,11.72090961675202,0.0,1.5348522939531625e-16,2.0,0.0,0.0,0.0,0.18181818181818182,0.0,0.0,9.0,-37.0782906695142,0,0,0,0,0,0,NaN,mixed_margin_failure
4582,414,4,0.0,0.0,0.0,0.0,0.0,0.0,0.0,0.0,0.0,0.0,47.0,-46.7993306374961,0,0,0,0,0,0,NaN,mixed_margin_failure
4586,415,5,0.0,0.0,0.0,0.0,0.0,0.0,0.0,0.0,0.0,0.0,11.0,-54.26432872902107,0,0,0,0,0,0,NaN,mixed_margin_failure
4599,416,1,0.0,0.0,0.0,0.0,0.0,0.0,0.0,0.0,0.0,0.0,13.0,-24.91108843565278,0,0,0,0,0,0,NaN,mixed_margin_failure
4608,418,4,0.0,0.0,0.0,0.0,0.0,0.0,0.0,0.0,0.0,0.0,46.0,-47.93831032824263,0,0,0,0,0,0,NaN,mixed_margin_failure
4609,417,3,265.38717648721683,-8.079304223944618,0.5265090017212926,37.55,-1.1431519699812382,0.5265090017212928,112.3,0.3361414305977949,0.0,0.9984454284339561,74.4,213.60276525320577,0,0,0,0,0,0,NaN,demand_collapse
4620,370,6,0.0,0.0,0.0,0.0,0.0,0.0,0.0,0.0,0.0,0.0,19.0,-661.9893605665444,0,0,0,0,0,0,NaN,mixed_margin_failure
4620,419,5,0.0,0.0,0.0,0.0,0.0,0.0,0.0,0.0,0.0,0.0,14.0,-70.13583047930612,0,0,0,0,0,0,NaN,mixed_margin_failure
4643,422,5,4.2506979917942544,0.0,0.0,1.0,0.0,0.0,0.0,0.11111111111111108,0.0,0.0,8.0,-49.37400918608833,0,0,0,0,0,0,NaN,mixed_margin_failure
4654,421,5,0.0,0.0,0.0,0.0,0.0,0.0,0.0,0.0,0.0,0.0,11.0,-58.802638948327186,4,14,10,0,1,0,0.5,mixed_margin_failure
4675,423,2,0.0,0.0,0.0,0.0,0.0,0.0,0.0,0.0,0.0,0.0,14.0,-15.555403877716822,0,0,0,0,0,0,NaN,mixed_margin_failure
4687,425,3,0.0,0.0,0.0,0.0,0.0,0.0,0.0,0.0,0.0,0.0,22.0,-51.98943168912282,0,0,0,0,0,0,NaN,mixed_margin_failure
4688,424,1,57.18251856404278,0.0,0.0,14.0,0.0,0.0,0.0,1.0,1.0,0.0,0.0,33.59615170485794,0,0,0,0,0,0,NaN,input_bottleneck_stockout
4693,426,3,0.0,0.0,0.0,0.0,0.0,0.0,0.0,0.0,0.0,0.0,9.0,-51.824391358146144,0,0,0,0,0,0,NaN,mixed_margin_failure
4698,428,2,0.0,0.0,0.0,0.0,0.0,0.0,0.0,0.0,0.0,0.0,13.0,-25.921102000535306,0,0,0,0,0,0,NaN,mixed_margin_failure
4699,427,2,1180.9226138338804,0.0,1.9499183897604474e-16,231.0,0.0,0.0,0.0,1.0,1.0,0.0,0.0,1165.2415424656283,0,0,0,0,0,0,NaN,input_bottleneck_stockout
4708,429,3,23.824794877651595,0.0,1.5101800544242736e-16,5.0,0.0,0.0,0.0,0.3571428571428572,0.0,0.0,9.0,-33.05558058731755,0,0,0,0,0,0,NaN,mixed_margin_failure
4752,430,3,0.0,0.0,0.0,0.0,0.0,0.0,0.0,0.0,0.0,0.0,0.0,-53.82100523893249,0,0,0,0,0,0,NaN,mixed_margin_failure
4782,431,1,0.0,0.0,0.0,0.0,0.0,0.0,0.0,0.0,0.0,0.0,0.0,-24.471549493573065,0,0,0,0,0,0,NaN,mixed_margin_failure
4794,432,6,0.0,0.0,0.0,0.0,0.0,0.0,0.0,0.0,0.0,0.0,13.0,-46.217251179107635,0,1,1,0,0,0,NaN,mixed_margin_failure
4795,433,3,0.0,0.0,0.0,0.0,0.0,0.0,0.0,0.0,0.0,0.0,11.0,-52.92735005989158,0,0,0,0,0,0,NaN,mixed_margin_failure
4809,434,3,146.57049272609757,0.0,1.9638184660928104e-16,24.0,0.0,0.0,0.0,0.7741935483870968,0.0,0.0,7.0,97.41941875246904,0,0,0,0,0,0,NaN,mixed_margin_failure
4819,358,3,0.0,0.0,0.0,0.0,0.0,0.0,0.0,0.0,0.0,0.0,12.0,-50.73344535000299,0,0,0,0,0,0,NaN,mixed_margin_failure
4820,435,4,0.0,0.0,0.0,0.0,0.0,0.0,0.0,0.0,0.0,0.0,13.0,-48.15044933084916,0,0,0,0,0,0,NaN,mixed_margin_failure
4830,438,4,0.0,0.0,0.0,0.0,0.0,0.0,0.0,0.0,0.0,0.0,101.0,-31.83663465590227,0,0,0,0,0,0,NaN,mixed_margin_failure
4831,437,1,0.0,0.0,0.0,0.0,0.0,0.0,0.0,0.0,0.0,0.0,13.0,-23.724794948278237,0,0,0,0,0,0,NaN,mixed_margin_failure
4835,439,5,580.6190249708741,0.0,0.0,178.0,0.0,0.0,0.0,1.0,1.0,0.0,0.0,525.7439657278096,0,0,0,0,0,0,NaN,input_bottleneck_stockout
4838,440,5,103.2851327432559,0.0,1.3934137109323074e-16,18.0,0.0,0.0,0.0,0.857142857142857,0.0,0.0,3.0,66.21903792432565,0,0,0,0,0,0,NaN,mixed_margin_failure
4840,441,1,52.722976351374164,0.0,0.0,11.0,0.0,0.0,0.0,1.0,1.0,0.0,0.0,29.53409990032681,0,0,0,0,0,0,NaN,input_bottleneck_stockout
4854,442,5,6.2209564264437365,0.0,0.0,1.0,0.0,0.0,0.0,0.08333333333333334,0.0,0.0,11.0,-47.32140100269369,0,0,0,0,0,0,NaN,mixed_margin_failure
4862,443,4,48.01426221179126,0.0,2.997420213708351e-16,11.0,0.0,0.0,0.0,1.0,1.0,0.0,0.0,14.935398584144298,0,0,0,0,0,0,NaN,input_bottleneck_stockout
4887,444,3,0.0,0.0,0.0,0.0,0.0,0.0,0.0,0.0,0.0,0.0,27.0,-52.43387161461787,0,0,0,0,0,0,NaN,mixed_margin_failure
4893,445,6,0.0,0.0,0.0,0.0,0.0,0.0,0.0,0.0,0.0,0.0,23.0,-45.985550072103955,0,0,0,0,0,0,NaN,mixed_margin_failure
4902,446,5,0.0,0.0,0.0,0.0,0.0,0.0,0.0,0.0,0.0,0.0,24.0,-36.226920988779746,0,0,0,0,0,0,NaN,mixed_margin_failure
4914,447,5,0.0,0.0,0.0,0.0,0.0,0.0,0.0,0.0,0.0,0.0,13.0,-43.431075529043085,0,0,0,0,0,0,NaN,mixed_margin_failure
4915,448,3,0.0,0.0,0.0,0.0,0.0,0.0,0.0,0.0,0.0,0.0,11.0,-40.62753857016382,0,0,0,0,0,0,NaN,mixed_margin_failure
4939,449,5,0.0,0.0,0.0,0.0,0.0,0.0,0.0,0.0,0.0,0.0,18.0,-54.296247365139095,0,0,0,0,0,0,NaN,mixed_margin_failure
4942,450,2,0.0,0.0,0.0,0.0,0.0,0.0,0.0,0.0,0.0,0.0,18.0,-24.406978257548843,0,0,0,0,0,0,NaN,mixed_margin_failure
4960,452,4,11.193296354345204,0.0,3.21439984129535e-16,2.0,0.0,0.0,0.0,0.18181818181818182,0.0,0.0,9.0,-37.570403886247675,0,0,0,0,0,0,NaN,mixed_margin_failure
4999,453,2,14.243541170044177,0.0,1.263019132512096e-16,3.0,0.0,0.0,0.0,0.25,0.0,0.0,9.0,-8.915133206514295,0,0,0,0,0,0,NaN,mixed_margin_failure
