firm_id,tick,n_rows,input_gap_share,demand_gap_share,realized_share,mean_input_scale,soldout_rate,mean_capacity,mean_committed,mean_sales
7,119,3,0.3225806451612903,0.6774193548387096,0.0,0.6666666666666666,0.0,10.333333333333334,7.0,0.0
8,126,3,0.3333333333333333,0.6666666666666666,0.0,1.0,0.0,11.0,7.333333333333333,0.0
9,128,4,0.23809523809523808,0.7619047619047619,0.0,0.75,0.0,10.5,8.0,0.0
10,153,3,0.3225806451612903,0.6774193548387096,0.0,0.6666666666666666,0.0,10.333333333333334,7.0,0.0
11,161,3,0.3225806451612903,0.6774193548387096,0.0,0.6666666666666666,0.0,10.333333333333334,7.0,0.0
12,192,3,0.3225806451612903,0.6774193548387096,0.0,0.6666666666666666,0.0,10.333333333333334,7.0,0.0
14,218,3,0.3225806451612903,0.6774193548387096,0.0,0.6666666666666666,0.0,10.333333333333334,7.0,0.0
15,233,3,0.3333333333333333,0.6666666666666666,0.0,1.0,0.0,8.0,5.333333333333333,0.0
6,239,40,0.004513961788788578,0.011442368255301281,0.9932815452445938,0.9981500181631947,0.775,238.15,239.275,236.55
5,250,40,0.005599472990777339,0.002086078173034695,1.003403601229688,0.9986104272500175,0.975,227.7,228.95,228.475
13,263,40,0.0,0.31343283582089554,0.6882255389718076,1.0,0.1,15.075,15.1,10.375
19,269,2,0.5,0.5,0.0,1.0,0.0,11.0,5.5,0.0
4,325,40,0.0007232749891508751,0.7150296542745552,0.28699551569506726,0.9995822724113118,0.0,172.825,173.175,49.6
21,327,5,0.2,0.23076923076923078,0.5692307692307692,1.0,0.2,13.0,10.4,7.4
3,329,40,0.0,1.016282225237449,0.0,1.0,0.0,55.275,56.175,0.0
18,330,40,0.0027624309392265192,0.3383977900552486,0.669889502762431,0.999691893209661,0.05,36.2,36.5,24.25
20,334,38,0.0237741456166419,0.01188707280832095,0.9643387815750372,0.969868414582658,0.868421052631579,17.710526315789473,17.289473684210527,17.07894736842105
24,336,1,1.0,0.0,0.0,1.0,0.0,12.0,0.0,0.0
25,362,25,0.043227665706051875,0.2507204610951009,0.7060518731988472,0.9982072205085671,0.56,13.88,13.28,9.8
26,367,23,0.043478260869565216,0.2608695652173913,0.6956521739130435,1.0,0.4782608695652174,12.0,11.478260869565217,8.347826086956522
28,372,2,0.5,0.4230769230769231,0.07692307692307693,1.0,0.0,13.0,6.5,1.0
30,383,2,0.5,0.5,0.0,1.0,0.0,13.0,6.5,0.0
29,399,26,0.04263565891472868,0.1996124031007752,0.7577519379844961,0.9928187464524622,0.8076923076923077,19.846153846153847,19.0,15.038461538461538
32,408,2,0.5,0.5,0.0,1.0,0.0,12.0,6.0,0.0
33,421,5,0.2,0.8,0.0,1.0,0.0,12.0,9.6,0.0
34,429,2,0.5,0.5,0.0,1.0,0.0,12.0,6.0,0.0
27,435,40,0.0071151358344113845,0.18111254851228978,0.8208279430789134,0.9977741993128996,0.675,38.65,38.725,31.725
35,437,2,0.5,0.5,0.0,1.0,0.0,13.0,6.5,0.0
36,437,1,1.0,0.0,0.0,1.0,0.0,13.0,0.0,0.0
37,443,2,0.5,0.5,0.0,1.0,0.0,11.0,5.5,0.0
16,468,40,0.006169909824394874,0.0029663028001898433,0.9952539155196962,0.9975131937807781,0.9,210.7,210.325,209.7
40,479,2,0.5416666666666666,0.5416666666666666,0.0,1.0,0.0,12.0,6.5,0.0
17,485,40,0.0060312204351939454,0.0,1.0086329233680227,0.9982275154079826,1.0,211.4,213.225,213.225
44,499,2,0.5,0.5,0.0,1.0,0.0,12.0,6.0,0.0
45,532,4,0.24489795918367346,0.7551020408163265,0.0,1.0,0.0,12.25,9.25,0.0
38,540,40,0.008456659619450317,0.27167019027484146,0.7230443974630021,1.0,0.375,23.65,23.525,17.1
47,542,5,0.2,0.8,0.0,1.0,0.0,12.0,9.6,0.0
50,552,3,0.3225806451612903,0.6774193548387096,0.0,0.6666666666666666,0.0,10.333333333333334,7.0,0.0
42,552,40,0.004317789291882556,0.05699481865284974,0.9412780656303973,0.9997803946190146,0.725,28.95,28.9,27.25
22,556,40,0.003988035892323031,0.6595214356929212,0.3601694915254237,0.9970986835868209,0.0,100.3,102.275,36.125
48,567,30,0.03358778625954199,0.18931297709923664,0.7770992366412214,0.998674676382894,0.4,21.833333333333332,21.1,16.966666666666665
53,584,5,0.2,0.8,0.0,1.0,0.0,11.0,8.8,0.0
43,590,40,0.0036652412950519244,0.17287721441661577,0.8234575442883323,0.9974785477457371,0.175,40.925,40.775,33.7
46,591,40,0.004962779156327543,0.31265508684863524,0.6823821339950372,0.9969634518825691,0.25,30.225,30.075,20.625
52,605,40,0.024305555555555556,0.2916666666666667,0.6840277777777778,1.0,0.275,14.4,14.05,9.85
56,613,5,0.2,0.8,0.0,1.0,0.0,11.0,8.8,0.0
55,625,31,0.03232323232323232,0.13535353535353536,0.8323232323232324,0.9651220478782485,0.8709677419354839,15.96774193548387,15.451612903225806,13.290322580645162
54,634,40,0.004878048780487805,0.11382113821138211,0.8813008130081301,0.9971593913420035,0.45,15.375,15.3,13.55
57,665,5,0.2,0.8,0.0,1.0,0.0,12.0,9.6,0.0
49,670,40,0.004234026173979984,0.26674364896073904,0.7336412625096228,0.9985307579563084,0.4,64.95,64.975,47.65
58,675,2,0.5,0.5,0.0,1.0,0.0,11.0,5.5,0.0
23,679,40,0.0008250825082508251,0.9991749174917491,0.0,0.9996952186387226,0.0,60.6,60.55,0.0
60,704,4,0.25,0.75,0.0,0.75,0.0,13.0,9.75,0.0
61,710,6,0.15625,0.84375,0.0,1.0,0.0,10.666666666666666,9.0,0.0
62,715,5,0.2,0.8,0.0,1.0,0.0,14.0,11.2,0.0
41,749,40,0.004979253112033195,0.01839557399723375,0.9775933609958506,0.9984422946170379,0.6,180.75,180.025,176.7
67,788,2,0.5,0.5,0.0,1.0,0.0,13.0,6.5,0.0
66,789,5,0.2,0.8,0.0,1.0,0.0,11.0,8.8,0.0
69,798,4,0.25,0.75,0.0,1.0,0.0,12.0,9.0,0.0
70,809,14,0.0794392523364486,0.2383177570093458,0.6822429906542056,0.9934598787327756,0.5,15.285714285714286,14.071428571428571,10.428571428571429
63,820,40,0.0028653295128939827,0.15950334288443171,0.8404966571155683,0.9982299936076661,0.275,26.175,26.175,22.0
71,823,2,0.5,0.5,0.0,1.0,0.0,12.0,6.0,0.0
65,830,40,0.005928853754940711,0.09980237154150198,0.8942687747035574,0.9978006805592301,0.75,25.3,25.15,22.625
72,845,2,0.5,0.5,0.0,1.0,0.0,12.0,6.0,0.0
73,848,5,0.18867924528301888,0.8113207547169812,0.0,1.0,0.0,10.6,8.6,0.0
74,848,5,0.2,0.8,0.0,1.0,0.0,11.0,8.8,0.0
68,854,40,0.00927643784786642,0.09461966604823747,0.8961038961038961,0.9963348721110048,0.925,26.95,26.7,24.15
75,870,2,0.5,0.4166666666666667,0.08333333333333333,1.0,0.0,12.0,6.0,1.0
76,896,16,0.07142857142857142,0.16326530612244897,0.7653061224489796,0.994953315247026,0.8125,12.25,11.375,9.375
78,900,5,0.2,0.8,0.0,1.0,0.0,14.0,11.2,0.0
77,912,19,0.057432432432432436,0.24662162162162163,0.6959459459459459,1.0,0.7368421052631579,15.578947368421053,14.68421052631579,10.842105263157896
1,920,40,0.0020050125313283208,0.8731829573934837,0.13032581453634084,1.0,0.0,99.75,100.1,13.0
51,920,40,0.001447178002894356,0.7197298601061264,0.27882296189097927,0.9994345871201356,0.0,155.475,155.25,43.35
80,922,2,0.4782608695652174,0.5217391304347826,0.0,1.0,0.0,11.5,6.0,0.0
79,941,28,0.038181818181818185,0.1690909090909091,0.7927272727272727,0.9941877489257293,0.6785714285714286,19.642857142857142,18.892857142857142,15.571428571428571
85,948,4,0.2631578947368421,0.7368421052631579,0.0,1.0,0.0,14.25,10.5,0.0
86,958,4,0.25,0.75,0.0,1.0,0.0,13.0,9.75,0.0
84,982,40,0.007874015748031496,0.23847019122609675,0.7671541057367829,0.9970999795093934,0.625,22.225,22.35,17.05
39,990,40,0.008596868283696654,0.028860914952410194,0.9739023641387781,0.9950049067191046,0.575,81.425,81.65,79.3
59,1014,40,0.0,1.0,0.0,1.0,0.0,64.925,64.925,0.0
81,1023,40,0.014227642276422764,0.15921409214092141,0.8265582655826558,0.9950625260547991,0.75,36.9,36.375,30.5
64,1032,40,0.007496823379923761,0.009021601016518424,0.9952986022871665,0.9952054969626019,0.85,196.75,197.6,195.825
91,1050,23,0.07234042553191489,0.4978723404255319,0.4297872340425532,1.0,0.0,10.217391304347826,9.478260869565217,4.391304347826087
93,1071,3,0.3333333333333333,0.6666666666666666,0.0,0.8858512354338854,0.0,13.0,8.666666666666666,0.0
90,1076,40,0.007226738934056007,0.11472448057813911,0.8834688346883469,0.9982872660538323,0.825,27.675,27.625,24.45
87,1109,40,0.005952380952380952,0.08234126984126984,0.9166666666666666,0.994119482788831,0.3,25.2,25.175,23.1
95,1147,2,0.5,0.5,0.0,1.0,0.0,12.0,6.0,0.0
96,1151,5,0.2,0.8,0.0,1.0,0.0,11.0,8.8,0.0
97,1155,2,0.5,0.5,0.0,1.0,0.0,11.0,5.5,0.0
98,1161,5,0.2,0.8,0.0,1.0,0.0,11.0,8.8,0.0
100,1166,2,0.5,0.5,0.0,1.0,0.0,11.0,5.5,0.0
101,1184,2,0.5,0.5,0.0,1.0,0.0,14.0,7.0,0.0
99,1187,26,0.04180064308681672,0.15755627009646303,0.8006430868167203,1.0,0.5769230769230769,11.961538461538462,11.461538461538462,9.576923076923077
102,1192,3,0.3225806451612903,0.6774193548387096,0.0,0.6666666666666666,0.0,10.333333333333334,7.0,0.0
88,1208,40,0.0048562300319488815,0.02722044728434505,0.9736741214057508,0.9987585152095392,0.45,195.625,195.8,190.475
103,1227,20,0.06557377049180328,0.19262295081967212,0.7459016393442623,0.9822108915678681,0.55,12.2,11.45,9.1
105,1239,3,0.3333333333333333,0.6666666666666666,0.0,1.0,0.0,11.0,7.333333333333333,0.0
106,1263,3,0.32142857142857145,0.6428571428571429,0.03571428571428571,1.0,0.0,9.333333333333334,6.333333333333333,0.3333333333333333
108,1295,2,0.5,0.5,0.0,1.0,0.0,14.0,7.0,0.0
92,1302,40,0.005355776587605203,0.16392501912777352,0.8588370313695486,0.9955797742021295,0.425,130.7,133.675,112.25
107,1314,40,0.0113314447592068,0.11992445703493862,0.8687440982058546,0.9965077327453713,0.8,26.475,26.175,23.0
113,1317,3,0.3333333333333333,0.6666666666666666,0.0,0.9257029752097434,0.0,11.0,7.333333333333333,0.0
109,1325,31,0.03416856492027335,0.42369020501138954,0.5444191343963554,1.0,0.3870967741935484,14.161290322580646,13.709677419354838,7.709677419354839
110,1328,28,0.037209302325581395,0.18372093023255814,0.7790697674418605,1.0,0.6071428571428571,15.357142857142858,14.785714285714286,11.964285714285714
115,1335,2,0.5,0.4230769230769231,0.07692307692307693,1.0,0.0,13.0,6.5,1.0
114,1336,5,0.2,0.8,0.0,1.0,0.0,12.0,9.6,0.0
112,1336,28,0.038306451612903226,0.19153225806451613,0.7701612903225806,1.0,0.7857142857142857,17.714285714285715,17.035714285714285,13.642857142857142
116,1340,1,1.0,0.0,0.0,1.0,0.0,12.0,0.0,0.0
117,1379,5,0.18867924528301888,0.8113207547169812,0.0,1.0,0.0,10.6,8.6,0.0
118,1380,3,0.3225806451612903,0.6774193548387096,0.0,0.6666666666666666,0.0,10.333333333333334,7.0,0.0
119,1387,2,0.47619047619047616,0.5238095238095238,0.0,1.0,0.0,10.5,5.5,0.0
89,1392,40,0.0,1.00732421875,0.0,1.0,0.0,51.2,51.575,0.0
120,1394,2,0.5,0.5,0.0,1.0,0.0,12.0,6.0,0.0
122,1398,4,0.25,0.75,0.0,1.0,0.0,12.0,9.0,0.0
124,1411,9,0.10309278350515463,0.31958762886597936,0.5773195876288659,0.8888888888888888,0.0,10.777777777777779,9.666666666666666,6.222222222222222
125,1412,4,0.25,0.75,0.0,1.0,0.0,12.0,9.0,0.0
127,1423,2,0.4827586206896552,0.5172413793103449,0.0,1.0,0.0,14.5,7.5,0.0
128,1429,4,0.25,0.75,0.0,1.0,0.0,11.0,8.25,0.0
104,1430,40,0.007349081364829396,0.003543307086614173,1.0,0.9967781973543502,0.925,190.5,191.175,190.5
133,1439,5,0.2,0.8,0.0,1.0,0.0,13.0,10.4,0.0
134,1448,4,0.25,0.75,0.0,1.0,0.0,12.0,9.0,0.0
135,1450,1,1.0,0.0,0.0,1.0,0.0,13.0,0.0,0.0
136,1452,2,0.5,0.5,0.0,1.0,0.0,10.0,5.0,0.0
137,1454,2,0.5,0.5,0.0,1.0,0.0,13.0,6.5,0.0
138,1457,5,0.2,0.8,0.0,1.0,0.0,14.0,11.2,0.0
126,1464,40,0.010227272727272727,0.1375,0.8522727272727273,0.998012014574341,0.575,22.0,21.775,18.75
129,1476,40,0.013719512195121951,0.19054878048780488,0.8094512195121951,0.9953321851941004,0.8,16.4,16.4,13.275
111,1479,40,0.006295519071719541,0.015306752252808295,0.9893840266633749,0.9967114699124355,0.7,202.525,203.475,200.375
139,1480,4,0.25,0.75,0.0,1.0,0.0,11.0,8.25,0.0
142,1497,2,0.5,0.5,0.0,1.0,0.0,11.0,5.5,0.0
143,1512,2,0.5,0.4583333333333333,0.041666666666666664,1.0,0.0,12.0,6.0,0.5
144,1533,5,0.20634920634920634,0.7936507936507936,0.0,1.0,0.0,12.6,10.0,0.0
131,1537,40,0.004153686396677051,0.14849428868120457,0.8546209761163032,0.998012014574341,0.225,24.075,24.15,20.575
145,1561,3,0.3225806451612903,0.6774193548387096,0.0,0.6666666666666666,0.0,10.333333333333334,7.0,0.0
130,1569,40,0.005016722408026756,0.33988294314381273,0.6551003344481605,0.9986076819729875,0.125,59.8,59.5,39.175
146,1570,6,0.15625,0.84375,0.0,1.0,0.0,10.666666666666666,9.0,0.0
147,1586,2,0.5,0.5,0.0,1.0,0.0,12.0,6.0,0.0
148,1601,5,0.18867924528301888,0.8113207547169812,0.0,1.0,0.0,10.6,8.6,0.0
149,1606,2,0.48,0.52,0.0,1.0,0.0,12.5,6.5,0.0
150,1616,3,0.3333333333333333,0.6666666666666666,0.0,1.0,0.0,8.0,5.333333333333333,0.0
151,1621,2,0.5,0.5,0.0,1.0,0.0,13.0,6.5,0.0
154,1651,6,0.15625,0.84375,0.0,1.0,0.0,10.666666666666666,9.0,0.0
152,1657,18,0.06312292358803986,0.21262458471760798,0.7242524916943521,0.9377188721688283,0.7777777777777778,16.72222222222222,15.666666666666666,12.11111111111111
157,1665,6,0.15625,0.84375,0.0,1.0,0.0,10.666666666666666,9.0,0.0
153,1666,24,0.046753246753246755,0.3090909090909091,0.6441558441558441,1.0,0.6666666666666666,16.041666666666668,15.291666666666666,10.333333333333334
159,1670,5,0.2,0.8,0.0,1.0,0.0,17.0,13.6,0.0
132,1672,40,0.007615421227986673,0.0034507377439314613,0.997144217039505,0.9973776777766112,0.875,210.1,210.225,209.5
140,1674,40,0.009064327485380117,0.004970760233918129,0.9970760233918129,0.9953759158981278,0.85,171.0,171.35,170.5
163,1678,4,0.25,0.75,0.0,1.0,0.0,11.0,8.25,0.0
141,1682,40,0.0024681201151789387,0.46359522830111066,0.5438091320444262,0.9995078782993012,0.2,60.775,61.225,33.05
165,1682,5,0.2,0.8,0.0,1.0,0.0,12.0,9.6,0.0
167,1697,4,0.25,0.75,0.0,1.0,0.0,8.0,6.0,0.0
160,1709,39,0.024581005586592177,0.2346368715083799,0.740782122905028,0.9989805202945339,0.5641025641025641,22.94871794871795,22.384615384615383,17.0
168,1709,3,0.3225806451612903,0.6774193548387096,0.0,0.6666666666666666,0.0,10.333333333333334,7.0,0.0
155,1711,40,0.0066857688634192934,0.1384909264565425,0.8586437440305635,1.0,0.575,26.175,26.1,22.475
83,1712,40,0.0005867683731846853,0.7143904943523544,0.2850227372744609,0.999729547462344,0.0,170.425,170.325,48.575
158,1712,40,0.005070993914807302,0.35598377281947263,0.6389452332657201,0.997259997049692,0.175,24.65,24.525,15.75
166,1718,36,0.042826552462526764,0.28051391862955033,0.6766595289079229,0.9939625539424802,0.2777777777777778,12.972222222222221,12.416666666666666,8.777777777777779
173,1734,2,0.5,0.5,0.0,1.0,0.0,13.0,6.5,0.0
169,1738,31,0.04065040650406504,0.2032520325203252,0.7560975609756098,0.9885231558502375,0.5161290322580645,11.903225806451612,11.419354838709678,9.0
172,1741,26,0.03990610328638498,0.19248826291079812,0.7676056338028169,0.9968762878548347,0.5,16.384615384615383,15.73076923076923,12.576923076923077
121,1743,40,0.0004149377593360996,1.008713692946058,0.0,1.0,0.0,60.25,60.775,0.0
174,1745,2,0.5,0.5,0.0,1.0,0.0,13.0,6.5,0.0
156,1750,40,0.01750291715285881,0.1633605600933489,0.8564760793465578,0.9879730323888936,0.275,21.425,21.85,18.35
161,1756,40,0.007685738684884714,0.08283518360375747,0.910333048676345,0.99508420946114,0.675,29.275,29.075,26.65
177,1770,15,0.06796116504854369,0.22815533980582525,0.7038834951456311,0.932664321104276,0.7333333333333333,13.733333333333333,12.8,9.666666666666666
178,1778,3,0.3333333333333333,0.6666666666666666,0.0,0.9257029752097434,0.0,11.0,7.333333333333333,0.0
82,1779,40,0.000236630383341221,0.9505442498816848,0.057501183151916706,1.0,0.0,105.65,106.5,6.075
179,1782,2,0.5,0.5,0.0,1.0,0.0,12.0,6.0,0.0
176,1799,40,0.006607929515418502,0.08590308370044053,0.9185022026431718,0.9947304519304089,0.6,11.35,11.4,10.425
183,1804,3,0.3225806451612903,0.6774193548387096,0.0,0.6666666666666666,0.0,10.333333333333334,7.0,0.0
181,1806,23,0.04784688995215311,0.4019138755980861,0.5502392344497608,1.0,0.0,9.08695652173913,8.652173913043478,5.0
170,1817,40,0.011873350923482849,0.2862796833773087,0.7018469656992085,0.9966953344356142,0.525,37.9,37.45,26.6
185,1819,2,0.5,0.5,0.0,1.0,0.0,10.0,5.0,0.0
186,1841,2,0.5,0.5,0.0,1.0,0.0,13.0,6.5,0.0
182,1842,40,0.005813953488372093,0.07325581395348837,0.922093023255814,0.99735085909529,0.925,21.5,21.4,19.825
187,1852,4,0.23809523809523808,0.6904761904761905,0.07142857142857142,0.75,0.0,10.5,8.0,0.75
188,1855,4,0.25,0.75,0.0,1.0,0.0,13.0,9.75,0.0
184,1858,40,0.012558869701726845,0.152276295133438,0.8540031397174255,0.9953321851941004,0.75,15.925,16.025,13.6
189,1858,2,0.5,0.5,0.0,1.0,0.0,11.0,5.5,0.0
162,1867,40,0.004694310942215268,0.023918631943668268,0.9786520621437353,0.9984409980791537,0.55,223.675,224.25,218.9
191,1874,2,0.5,0.5,0.0,1.0,0.0,15.0,7.5,0.0
193,1878,2,0.5,0.5,0.0,1.0,0.0,12.0,6.0,0.0
194,1884,2,0.5,0.5,0.0,1.0,0.0,12.0,6.0,0.0
164,1886,40,0.0039856516540454365,0.020326823435631726,0.9783446260130197,0.9987185807479569,0.725,188.175,187.925,184.1
197,1924,5,0.2,0.8,0.0,1.0,0.0,12.0,9.6,0.0
198,1950,2,0.5,0.5,0.0,1.0,0.0,12.0,6.0,0.0
192,1952,40,0.0,0.4797507788161994,0.5451713395638629,0.3,0.0,8.025,8.225,4.375
199,1959,3,0.3333333333333333,0.625,0.041666666666666664,1.0,0.0,8.0,5.333333333333333,0.3333333333333333
201,1968,5,0.2,0.8,0.0,1.0,0.0,15.0,12.0,0.0
196,1981,40,0.0011248593925759281,0.11698537682789652,0.8863892013498312,0.9991149968038331,0.35,22.225,22.3,19.7
171,1982,40,0.0012592475995592634,0.6985676058555014,0.3104045332913584,0.9995447036159131,0.0,158.825,160.25,49.3
203,2046,6,0.15625,0.03125,0.8125,0.8333333333333334,0.5,10.666666666666666,9.0,8.666666666666666
175,2050,40,0.0,1.0,0.0,1.0,0.0,58.775,58.775,0.0
190,2054,40,0.004487898701715018,0.05786183683282577,0.9496714217021959,0.9964107453620971,0.5,155.975,157.15,148.125
207,2067,2,0.5217391304347826,0.5217391304347826,0.0,1.0,0.0,11.5,6.0,0.0
206,2075,18,0.05555555555555555,0.3819444444444444,0.5659722222222222,1.0,0.3888888888888889,16.0,15.166666666666666,9.055555555555555
195,2076,40,0.005848787446504993,0.022396576319543508,0.980456490727532,0.9969787492119014,0.775,175.25,175.75,171.825
210,2086,5,0.2,0.8,0.0,1.0,0.0,11.0,8.8,0.0
211,2100,10,0.09722222222222222,0.0,0.9027777777777778,1.0,0.9,14.4,13.0,13.0
202,2116,40,0.0015701668302257115,0.7811579980372915,0.22119725220804712,0.9984920222343394,0.0,127.375,127.675,28.175
213,2154,15,0.065,0.54,0.395,1.0,0.4,13.333333333333334,12.466666666666667,5.266666666666667
208,2170,40,0.0,0.12656119900083265,0.8776019983347211,1.0,0.275,30.025,30.15,26.35
214,2196,3,0.3333333333333333,0.6666666666666666,0.0,0.6666666666666666,0.0,13.0,8.666666666666666,0.0
205,2294,40,0.005788926822027609,0.006679530948493394,0.9896096185245659,0.9987289405399877,0.725,168.425,167.8,166.675
209,2295,40,0.007774322523322968,0.018880497556641493,0.9966681474900044,0.9943638766004724,0.775,112.55,114.3,112.175
219,2326,3,0.3225806451612903,0.6774193548387096,0.0,0.6666666666666666,0.0,10.333333333333334,7.0,0.0
204,2362,40,0.0,1.0,0.0,1.0,0.0,52.575,52.575,0.0
212,2396,40,0.0015991471215351812,0.9285714285714286,0.08599857853589196,0.9994700069511915,0.0,140.7,142.75,12.1
220,2404,40,0.004545454545454545,0.07424242424242425,0.9212121212121213,0.9963749938535251,0.425,16.5,16.425,15.2
224,2415,4,0.25,0.75,0.0,1.0,0.0,8.0,6.0,0.0
222,2439,40,0.0,0.059282371294851796,0.9453978159126365,1.0,0.5,16.025,16.1,15.15
225,2441,3,0.3225806451612903,0.6774193548387096,0.0,0.6666666666666666,0.0,10.333333333333334,7.0,0.0
218,2447,40,0.001839587932303164,0.4392935982339956,0.565121412803532,0.9995123295115548,0.175,67.95,68.25,38.4
228,2449,2,0.5,0.5,0.0,0.5,0.0,13.0,6.5,0.0
230,2475,3,0.3225806451612903,0.6774193548387096,0.0,0.6666666666666666,0.0,10.333333333333334,7.0,0.0
229,2475,6,0.15625,0.84375,0.0,1.0,0.0,10.666666666666666,9.0,0.0
231,2493,2,0.5,0.5,0.0,1.0,0.0,11.0,5.5,0.0
226,2510,40,0.00471253534401508,0.08011310084825636,0.9189443920829407,0.9985381456397289,0.925,26.525,26.5,24.375
216,2515,40,0.005085361423901199,0.08626952415546676,0.9173628768616056,0.9968765679857107,0.55,137.65,138.15,126.275
233,2517,2,0.4782608695652174,0.5217391304347826,0.0,1.0,0.0,11.5,6.0,0.0
215,2534,40,0.004411967461739969,0.013098028402040536,0.9835929960016545,0.9985132620360808,0.75,181.325,180.725,178.35
227,2538,40,0.006648199445983379,0.22880886426592797,0.7767313019390581,0.9965452174232071,0.45,45.125,45.375,35.05
232,2539,27,0.03747072599531616,0.1358313817330211,0.8266978922716628,0.9933378158157699,0.8148148148148148,15.814814814814815,15.222222222222221,13.074074074074074
237,2556,5,0.2,0.8,0.0,1.0,0.0,12.0,9.6,0.0
239,2627,8,0.125,0.625,0.25,1.0,0.25,12.0,10.5,3.0
221,2651,40,0.0,1.0,0.0,1.0,0.0,64.475,64.475,0.0
180,2661,40,0.00020802995631370917,0.905554399833576,0.09423757021011026,1.0,0.0,120.175,120.15,11.325
243,2676,14,0.07526881720430108,0.3333333333333333,0.5913978494623656,1.0,0.6428571428571429,13.285714285714286,12.285714285714286,7.857142857142857
234,2694,40,0.004921700223713647,0.020283370618941088,0.9798657718120806,0.9978980132785,0.575,167.625,167.65,164.25
248,2708,7,0.14893617021276595,0.5957446808510638,0.2553191489361702,1.0,0.2857142857142857,13.428571428571429,11.428571428571429,3.4285714285714284
251,2711,2,0.5,0.5,0.0,1.0,0.0,11.0,5.5,0.0
249,2717,15,0.06666666666666667,0.40555555555555556,0.5277777777777778,1.0,0.0,12.0,11.2,6.333333333333333
245,2717,38,0.027777777777777776,0.20987654320987653,0.7623456790123457,0.9947602688684453,0.42105263157894735,17.05263157894737,16.57894736842105,13.0
253,2728,2,0.5,0.375,0.125,1.0,0.0,16.0,8.0,2.0
252,2731,6,0.16666666666666666,0.011111111111111112,0.8222222222222222,1.0,0.6666666666666666,15.0,12.5,12.333333333333334
247,2736,39,0.023494860499265784,0.16005873715124816,0.8164464023494861,0.9989805202945339,0.46153846153846156,17.46153846153846,17.05128205128205,14.256410256410257
254,2736,2,0.5,0.45454545454545453,0.045454545454545456,1.0,0.0,11.0,5.5,0.5
241,2737,40,0.01031434184675835,0.18222003929273084,0.8074656188605108,0.9942278299792374,0.725,50.9,50.375,41.1
255,2738,2,0.5416666666666666,0.5416666666666666,0.0,1.0,0.0,12.0,6.5,0.0
223,2769,40,0.0013221683561040105,0.6137064786249449,0.3849713530189511,0.9989449146931506,0.0,113.45,113.3,43.675
256,2770,2,0.5,0.5,0.0,1.0,0.0,17.0,8.5,0.0
250,2783,40,0.010126582278481013,0.19746835443037974,0.7932489451476793,0.9973023399753671,0.75,29.625,29.35,23.5
260,2787,2,0.5,0.5,0.0,1.0,0.0,13.0,6.5,0.0
261,2806,3,0.3333333333333333,0.6666666666666666,0.0,1.0,0.0,9.0,6.0,0.0
262,2807,3,0.3225806451612903,0.6774193548387096,0.0,0.6666666666666666,0.0,10.333333333333334,7.0,0.0
236,2822,40,0.0,0.11487088156723063,0.9067972692193529,1.0,0.225,84.225,86.05,76.375
258,2824,40,0.007255139056831923,0.14268440145102781,0.8500604594921403,0.999130392403751,0.475,20.675,20.525,17.575
259,2831,40,0.006983240223463687,0.2611731843575419,0.7458100558659218,1.0,0.1,17.9,18.025,13.35
264,2837,3,0.3333333333333333,0.5151515151515151,0.15151515151515152,1.0,0.0,11.0,7.333333333333333,1.6666666666666667
265,2853,3,0.3333333333333333,0.6666666666666666,0.0,1.0,0.0,8.0,5.333333333333333,0.0
266,2863,3,0.3333333333333333,0.5555555555555556,0.1111111111111111,1.0,0.0,9.0,6.0,1.0
268,2868,3,0.3333333333333333,0.6296296296296297,0.037037037037037035,1.0,0.0,9.0,6.0,0.3333333333333333
267,2868,4,0.23809523809523808,0.7380952380952381,0.023809523809523808,0.75,0.0,10.5,8.0,0.25
269,2873,6,0.15625,0.84375,0.0,1.0,0.0,10.666666666666666,9.0,0.0
270,2879,6,0.15625,0.84375,0.0,1.0,0.0,10.666666666666666,9.0,0.0
271,2899,5,0.2,0.8,0.0,1.0,0.0,13.0,10.4,0.0
246,2900,40,0.006538278649548265,0.0016642891107941037,0.9990489776509748,0.9969906706029068,0.9,210.3,210.45,210.1
274,2917,12,0.08139534883720931,0.5,0.4186046511627907,1.0,0.0,14.333333333333334,13.166666666666666,6.0
275,2920,5,0.2,0.8,0.0,1.0,0.0,11.0,8.8,0.0
277,2929,3,0.3333333333333333,0.4,0.26666666666666666,1.0,0.0,15.0,10.0,4.0
276,2929,4,0.25,0.75,0.0,1.0,0.0,13.0,9.75,0.0
272,2939,40,0.010273972602739725,0.14269406392694065,0.8481735159817352,0.9951714059163443,0.525,21.9,21.7,18.575
278,2942,5,0.2,0.8,0.0,1.0,0.0,12.0,9.6,0.0
279,2956,17,0.05853658536585366,0.28292682926829266,0.6585365853658537,1.0,0.47058823529411764,12.058823529411764,11.352941176470589,7.9411764705882355
281,2959,3,0.3225806451612903,0.6774193548387096,0.0,0.6666666666666666,0.0,10.333333333333334,7.0,0.0
280,2959,5,0.2,0.8,0.0,1.0,0.0,12.0,9.6,0.0
242,2963,40,0.00043687199650502403,1.001310615989515,0.0,1.0,0.0,57.225,57.3,0.0
282,2964,5,0.18867924528301888,0.8113207547169812,0.0,1.0,0.0,10.6,8.6,0.0
284,2971,3,0.3333333333333333,0.6666666666666666,0.0,1.0,0.0,10.0,6.666666666666667,0.0
285,2973,3,0.3333333333333333,0.6666666666666666,0.0,1.0,0.0,8.0,5.333333333333333,0.0
286,2975,3,0.35714285714285715,0.6428571428571429,0.0,1.0,0.0,9.333333333333334,6.0,0.0
287,3002,3,0.3448275862068966,0.5517241379310345,0.10344827586206896,1.0,0.0,9.666666666666666,6.333333333333333,1.0
288,3008,3,0.3225806451612903,0.6774193548387096,0.0,0.6666666666666666,0.0,10.333333333333334,7.0,0.0
257,3015,40,0.0006702412868632708,0.5559651474530831,0.45140750670241286,0.9995914827044595,0.0,149.2,150.3,67.35
290,3018,2,0.5,0.5,0.0,1.0,0.0,9.0,4.5,0.0
291,3018,2,0.5,0.5,0.0,1.0,0.0,13.0,6.5,0.0
263,3046,40,0.005932203389830509,0.03571428571428571,0.9708232445520582,0.996164380210719,0.6,206.5,207.85,200.475
297,3062,11,0.09701492537313433,0.41044776119402987,0.4925373134328358,1.0,0.5454545454545454,12.181818181818182,11.0,6.0
294,3067,40,0.004418262150220913,0.4270986745213549,0.5684830633284241,1.0,0.0,16.975,16.9,9.65
298,3068,4,0.2391304347826087,0.7608695652173914,0.0,1.0,0.0,11.5,8.75,0.0
295,3071,40,0.014054054054054054,0.17945945945945946,0.8064864864864865,0.995088297898092,0.775,23.125,22.8,18.65
293,3073,40,0.014516129032258065,0.3532258064516129,0.632258064516129,1.0,0.125,15.5,15.275,9.8
289,3082,40,0.010805500982318271,0.13850687622789784,0.8506876227897839,0.9961288043787601,0.7,25.45,25.175,21.65
299,3083,5,0.2,0.8,0.0,1.0,0.0,11.0,8.8,0.0
300,3093,4,0.25,0.75,0.0,1.0,0.0,12.0,9.0,0.0
301,3104,2,0.5,0.5,0.0,1.0,0.0,11.0,5.5,0.0
302,3108,2,0.5,0.5,0.0,1.0,0.0,9.0,4.5,0.0
303,3111,3,0.3225806451612903,0.6774193548387096,0.0,0.6666666666666666,0.0,10.333333333333334,7.0,0.0
273,3137,40,0.003001200480192077,0.08778511404561824,0.9122148859543817,0.9987362482558362,0.3,166.6,166.6,151.975
306,3144,5,0.19047619047619047,0.8095238095238095,0.0,1.0,0.0,12.6,10.2,0.0
307,3159,14,0.06626506024096386,0.10843373493975904,0.8253012048192772,1.0,0.7857142857142857,11.857142857142858,11.071428571428571,9.785714285714286
309,3161,4,0.23809523809523808,0.5,0.2619047619047619,0.75,0.0,10.5,8.0,2.75
304,3163,26,0.036885245901639344,0.1598360655737705,0.8032786885245902,0.9969415608836013,0.6923076923076923,18.76923076923077,18.076923076923077,15.076923076923077
312,3166,2,0.5,0.5,0.0,1.0,0.0,14.0,7.0,0.0
313,3170,3,0.3225806451612903,0.6774193548387096,0.0,0.6666666666666666,0.0,10.333333333333334,7.0,0.0
311,3183,22,0.04693140794223827,0.15162454873646208,0.8014440433212996,0.9963296838160189,0.8181818181818182,12.590909090909092,12.0,10.090909090909092
314,3193,2,0.5,0.5,0.0,1.0,0.0,13.0,6.5,0.0
310,3195,37,0.02636916835699797,0.23935091277890466,0.7342799188640974,1.0,0.16216216216216217,13.324324324324325,12.972972972972974,9.783783783783784
308,3233,40,0.009615384615384616,0.09230769230769231,0.8990384615384616,0.9955124536933573,0.825,26.0,25.775,23.375
317,3238,3,0.32142857142857145,0.6785714285714286,0.0,1.0,0.0,9.333333333333334,6.333333333333333,0.0
318,3241,5,0.19672131147540983,0.819672131147541,0.0,1.0,0.0,12.2,10.0,0.0
320,3243,3,0.3225806451612903,0.6774193548387096,0.0,0.6666666666666666,0.0,10.333333333333334,7.0,0.0
319,3245,5,0.19298245614035087,0.8070175438596491,0.0,1.0,0.0,11.4,9.2,0.0
321,3250,9,0.10309278350515463,0.09278350515463918,0.8041237113402062,0.8888888888888888,0.5555555555555556,10.777777777777779,9.666666666666666,8.666666666666666
322,3260,2,0.5,0.5,0.0,1.0,0.0,12.0,6.0,0.0
315,3272,40,0.011673151750972763,0.245136186770428,0.77431906614786,0.2497491204141035,0.15,6.425,6.55,4.975
296,3277,40,0.005889681730660324,0.012798731453165704,0.9898063200815495,0.9970145812478105,0.675,220.725,221.3,218.475
283,3284,40,0.0,1.0,0.0,1.0,0.0,47.3,47.3,0.0
316,3287,40,0.013259668508287293,0.2541436464088398,0.7403314917127072,0.9973890793347884,0.75,22.625,22.5,16.75
325,3308,24,0.04591836734693878,0.2193877551020408,0.7346938775510204,0.9983433454786175,0.5,16.333333333333332,15.583333333333334,12.0
327,3314,13,0.08247422680412371,0.2268041237113402,0.6907216494845361,0.9973242843192337,0.23076923076923078,14.923076923076923,13.692307692307692,10.307692307692308
328,3315,3,0.3333333333333333,0.5277777777777778,0.1388888888888889,1.0,0.0,12.0,8.0,1.6666666666666667
329,3316,2,0.5,0.5,0.0,1.0,0.0,13.0,6.5,0.0
324,3333,40,0.006141248720573183,0.13510747185261002,0.8587512794268168,1.0,0.875,24.425,24.275,20.975
292,3336,40,0.002077922077922078,0.5393939393939394,0.4585281385281385,0.9991906631676974,0.0,144.375,144.075,66.2
305,3343,40,0.005191256830601093,0.025136612021857924,0.975136612021858,0.997749869893728,0.475,183.0,183.05,178.45
330,3347,20,0.05128205128205128,0.15384615384615385,0.7948717948717948,0.949498240828207,0.8,11.7,11.1,9.3
334,3357,2,0.5,0.5,0.0,1.0,0.0,12.0,6.0,0.0
332,3360,20,0.04590163934426229,0.32786885245901637,0.6262295081967213,1.0,0.35,15.25,14.55,9.55
335,3366,2,0.5,0.5,0.0,1.0,0.0,11.0,5.5,0.0
337,3423,2,0.5,0.5,0.0,1.0,0.0,11.0,5.5,0.0
338,3443,3,0.3225806451612903,0.6774193548387096,0.0,0.6666666666666666,0.0,10.333333333333334,7.0,0.0
244,3450,40,0.0002249212775528565,0.9064327485380117,0.10143949617633828,1.0,0.0,111.15,112.025,11.275
336,3467,40,0.004096495220755576,0.23577605826126535,0.760127446517979,0.9969817569160003,0.125,54.925,54.7,41.75
323,3470,40,0.003935939196525516,0.06853963083604778,0.9324104234527687,0.9981252309402571,0.425,184.2,184.375,171.75
342,3479,2,0.5,0.5,0.0,1.0,0.0,14.0,7.0,0.0
343,3481,2,0.5,0.5,0.0,1.0,0.0,13.0,6.5,0.0
340,3487,17,0.0603448275862069,0.23275862068965517,0.7068965517241379,0.9952501790560245,0.5294117647058824,13.647058823529411,12.823529411764707,9.647058823529411
344,3534,25,0.0440251572327044,0.39308176100628933,0.5628930817610063,1.0,0.52,12.72,12.16,7.16
346,3539,5,0.2,0.8,0.0,1.0,0.0,11.0,8.8,0.0
347,3539,3,0.3225806451612903,0.6774193548387096,0.0,0.6666666666666666,0.0,10.333333333333334,7.0,0.0
333,3553,40,0.005319874505524485,0.03287409630336925,0.9688991951984722,0.9977189455228259,0.6,183.275,183.6,177.575
349,3563,4,0.25,0.75,0.0,1.0,0.0,13.0,9.75,0.0
326,3584,40,0.0,1.0052654673102237,0.0,1.0,0.0,56.975,57.275,0.0
345,3589,40,0.0022222222222222222,0.2288888888888889,0.7688888888888888,0.9987070521861412,0.125,22.5,22.45,17.3
352,3591,2,0.5,0.5,0.0,1.0,0.0,12.0,6.0,0.0
353,3594,5,0.2,0.8,0.0,1.0,0.0,12.0,9.6,0.0
350,3606,35,0.029914529914529916,0.12179487179487179,0.8482905982905983,1.0,0.6,13.371428571428572,12.971428571428572,11.342857142857143
354,3610,5,0.2,0.8,0.0,1.0,0.0,11.0,8.8,0.0
356,3645,5,0.18867924528301888,0.8113207547169812,0.0,1.0,0.0,10.6,8.6,0.0
355,3646,6,0.15625,0.84375,0.0,1.0,0.0,10.666666666666666,9.0,0.0
357,3652,10,0.1044776119402985,0.44776119402985076,0.44776119402985076,1.0,0.5,13.4,12.0,6.0
358,3660,3,0.3333333333333333,0.6666666666666666,0.0,1.0,0.0,12.0,8.0,0.0
359,3662,2,0.5,0.5,0.0,1.0,0.0,11.0,5.5,0.0
361,3671,3,0.3333333333333333,0.6666666666666666,0.0,1.0,0.0,8.0,5.333333333333333,0.0
362,3690,2,0.48,0.52,0.0,1.0,0.0,12.5,6.5,0.0
363,3701,2,0.5,0.5,0.0,1.0,0.0,11.0,5.5,0.0
365,3716,3,0.3333333333333333,0.6666666666666666,0.0,1.0,0.0,9.0,6.0,0.0
364,3723,20,0.050359712230215826,0.3776978417266187,0.5719424460431655,1.0,0.0,13.9,13.2,7.95
341,3733,40,0.007887472065203103,0.008939135007230183,1.0064414355199158,0.9950430425863545,0.75,190.175,193.1,191.4
360,3734,40,0.011396011396011397,0.07977207977207977,0.9097815764482431,0.9946420305194525,0.95,26.325,26.05,23.95
366,3739,5,0.2,0.8,0.0,1.0,0.0,12.0,9.6,0.0
369,3744,2,0.5,0.5,0.0,1.0,0.0,12.0,6.0,0.0
371,3756,2,0.5,0.4166666666666667,0.08333333333333333,1.0,0.0,12.0,6.0,1.0
368,3760,23,0.0472636815920398,0.1865671641791045,0.7661691542288557,0.998271317021166,0.6521739130434783,17.47826086956522,16.652173913043477,13.391304347826088
331,3777,40,0.0010901162790697674,0.5254360465116279,0.4734738372093023,0.9994312270751887,0.0,137.6,137.45,65.15
348,3779,40,0.008321377331420373,0.018938307030129126,0.9849354375896701,0.9950422959150039,0.8,174.25,174.925,171.625
370,3782,29,0.0412621359223301,0.08737864077669903,0.8713592233009708,0.9893351839736906,0.896551724137931,14.206896551724139,13.620689655172415,12.379310344827585
376,3796,2,0.5,0.0,0.5,1.0,0.5,15.0,7.5,7.5
375,3798,7,0.14285714285714285,0.0,0.8571428571428571,1.0,0.8571428571428571,11.0,9.428571428571429,9.428571428571429
372,3822,40,0.012008733624454149,0.14519650655021835,0.8427947598253275,0.994753280553458,0.625,22.9,22.625,19.3
377,3829,10,0.09259259259259259,0.5092592592592593,0.39814814814814814,1.0,0.4,10.8,9.8,4.3
378,3834,5,0.1864406779661017,0.8135593220338984,0.0,1.0,0.0,11.8,9.6,0.0
379,3860,3,0.3333333333333333,0.6666666666666666,0.0,0.6666666666666666,0.0,13.0,8.666666666666666,0.0
380,3870,3,0.3333333333333333,0.6666666666666666,0.0,1.0,0.0,8.0,5.333333333333333,0.0
351,3875,40,0.0,1.0034828036569439,0.0,1.0,0.0,57.425,57.625,0.0
383,3899,3,0.3225806451612903,0.6774193548387096,0.0,0.6666666666666666,0.0,10.333333333333334,7.0,0.0
385,3917,1,1.0,0.0,0.0,1.0,0.0,15.0,0.0,0.0
382,3918,33,0.03428571428571429,0.11619047619047619,0.8495238095238096,0.9989459301863648,0.6666666666666666,15.909090909090908,15.363636363636363,13.515151515151516
387,3929,9,0.1111111111111111,0.5555555555555556,0.3333333333333333,1.0,0.3333333333333333,11.0,9.777777777777779,3.6666666666666665
388,3932,3,0.3333333333333333,0.6666666666666666,0.0,1.0,0.0,9.0,6.0,0.0
386,3939,19,0.04819277108433735,0.44176706827309237,0.5100401606425703,1.0,0.2631578947368421,13.105263157894736,12.473684210526315,6.684210526315789
384,3945,40,0.00816326530612245,0.1326530612244898,0.8591836734693877,0.9979813260988104,0.9,12.25,12.15,10.525
389,3953,6,0.15625,0.84375,0.0,1.0,0.0,10.666666666666666,9.0,0.0
391,3979,5,0.1896551724137931,0.8103448275862069,0.0,1.0,0.0,11.6,9.4,0.0
367,3979,40,0.005940358797671379,0.0007128430557205655,1.0054651300938577,0.9977006540618435,0.925,210.425,211.725,211.575
394,3998,17,0.06296296296296296,0.18888888888888888,0.7481481481481481,0.9979176395384307,0.5294117647058824,15.882352941176471,14.882352941176471,11.882352941176471
390,4006,32,0.03273322422258593,0.2225859247135843,0.7463175122749591,0.9975150182179261,0.5,19.09375,18.5,14.25
397,4007,3,0.3225806451612903,0.6774193548387096,0.0,0.6666666666666666,0.0,10.333333333333334,7.0,0.0
395,4016,17,0.058823529411764705,0.06862745098039216,0.8725490196078431,1.0,0.6470588235294118,12.0,11.294117647058824,10.470588235294118
392,4031,40,0.008486562942008486,0.07779349363507779,0.9165487977369166,0.998012014574341,0.6,17.675,17.575,16.2
399,4040,3,0.3333333333333333,0.6666666666666666,0.0,1.0,0.0,14.0,9.333333333333334,0.0
400,4041,3,0.3333333333333333,0.6666666666666666,0.0,1.0,0.0,8.0,5.333333333333333,0.0
401,4045,2,0.5,0.5,0.0,1.0,0.0,12.0,6.0,0.0
402,4049,5,0.2,0.8,0.0,1.0,0.0,12.0,9.6,0.0
374,4063,40,0.0031620553359683794,0.18287220026350462,0.8230566534914361,0.9982084241777629,0.1,189.75,190.875,156.175
396,4064,40,0.012222222222222223,0.17888888888888888,0.8088888888888889,1.0,0.85,22.5,22.225,18.2
404,4068,2,0.5,0.5,0.0,1.0,0.0,11.0,5.5,0.0
405,4073,2,0.5,0.5,0.0,1.0,0.0,11.0,5.5,0.0
406,4077,5,0.2,0.7538461538461538,0.046153846153846156,1.0,0.0,13.0,10.4,0.6
409,4087,3,0.3225806451612903,0.6774193548387096,0.0,0.6666666666666666,0.0,10.333333333333334,7.0,0.0
407,4089,15,0.06635071090047394,0.24644549763033174,0.6872037914691943,0.9257583769120094,0.2,14.066666666666666,13.133333333333333,9.666666666666666
408,4089,13,0.07692307692307693,0.22377622377622378,0.6993006993006993,1.0,0.23076923076923078,11.0,10.153846153846153,7.6923076923076925
410,4090,3,0.3333333333333333,0.6666666666666666,0.0,1.0,0.0,8.0,5.333333333333333,0.0
411,4090,3,0.3333333333333333,0.6666666666666666,0.0,1.0,0.0,9.0,6.0,0.0
398,4108,40,0.00865265760197775,0.1508034610630408,0.8430160692212608,0.998012014574341,0.5,20.225,20.1,17.05
413,4137,4,0.23809523809523808,0.5238095238095238,0.23809523809523808,0.75,0.0,10.5,8.0,2.5
415,4161,2,0.5,0.5,0.0,1.0,0.0,11.0,5.5,0.0
373,4163,40,0.0006813149378300119,0.6394140691534662,0.3599046159087038,0.9996047245992343,0.0,146.775,146.675,52.825
416,4164,2,0.5,0.5,0.0,1.0,0.0,13.0,6.5,0.0
412,4166,37,0.02495201535508637,0.29174664107485604,0.6833013435700576,1.0,0.7027027027027027,14.08108108108108,13.72972972972973,9.621621621621621
419,4176,4,0.25,0.75,0.0,1.0,0.0,14.0,10.5,0.0
420,4182,2,0.5,0.45454545454545453,0.045454545454545456,1.0,0.0,11.0,5.5,0.5
422,4197,3,0.3333333333333333,0.6296296296296297,0.037037037037037035,1.0,0.0,9.0,6.0,0.3333333333333333
421,4199,5,0.18867924528301888,0.8113207547169812,0.0,1.0,0.0,10.6,8.6,0.0
423,4206,2,0.5,0.5,0.0,1.0,0.0,14.0,7.0,0.0
381,4209,40,0.0,1.0038440417353103,0.0,1.0,0.0,45.525,45.7,0.0
393,4217,40,0.004291845493562232,0.030519790176442536,0.9672150691463997,0.9986375050523038,0.625,209.7,209.225,202.825
414,4218,40,0.008376288659793814,0.29445876288659795,0.6971649484536082,0.9950169355898281,0.25,38.8,38.475,27.05
424,4220,15,0.06435643564356436,0.11386138613861387,0.8217821782178217,0.992425043578676,0.4666666666666667,13.466666666666667,12.6,11.066666666666666
418,4221,40,0.0166358595194085,0.08595194085027727,0.8974121996303143,0.9949888489063385,0.95,27.05,26.6,24.275
426,4226,8,0.11940298507462686,0.8805970149253731,0.0,1.0,0.0,8.375,7.375,0.0
428,4228,5,0.203125,0.8125,0.0,1.0,0.0,12.8,10.4,0.0
429,4241,13,0.075,0.1875,0.7375,0.9143365887446262,0.6153846153846154,12.307692307692308,11.384615384615385,9.076923076923077
432,4252,4,0.25,0.75,0.0,1.0,0.0,13.0,9.75,0.0
433,4253,5,0.2,0.8,0.0,1.0,0.0,11.0,8.8,0.0
435,4269,5,0.2,0.8,0.0,1.0,0.0,13.0,10.4,0.0
403,4272,40,0.006015037593984963,0.03144224196855776,0.9678742310321258,0.9969111005233022,0.475,182.875,182.75,177.0
437,4272,2,0.5,0.5,0.0,1.0,0.0,13.0,6.5,0.0
441,4297,8,0.11627906976744186,0.0,0.8837209302325582,1.0,0.875,10.75,9.5,9.5
442,4307,2,0.5,0.4583333333333333,0.041666666666666664,1.0,0.0,12.0,6.0,0.5
443,4313,7,0.13157894736842105,0.0,0.868421052631579,1.0,0.8571428571428571,10.857142857142858,9.428571428571429,9.428571428571429
436,4315,40,0.008183306055646482,0.12929623567921442,0.8625204582651391,0.9976078095035936,0.675,15.275,15.15,13.175
440,4323,40,0.003592814371257485,0.17005988023952096,0.8275449101796407,0.998012014574341,0.325,20.875,20.825,17.275
447,4339,2,0.5,0.5,0.0,1.0,0.0,13.0,6.5,0.0
448,4349,6,0.15625,0.84375,0.0,1.0,0.0,10.666666666666666,9.0,0.0
434,4355,40,0.00338409475465313,0.11421319796954314,0.8917089678510999,0.9998930968355169,0.35,29.55,29.725,26.35
445,4355,40,0.007177033492822967,0.27751196172248804,0.715311004784689,1.0,0.6,20.9,20.75,14.95
444,4358,40,0.010404624277456647,0.12485549132947976,0.8647398843930636,1.0,0.9,21.625,21.4,18.7
446,4358,36,0.028400597907324365,0.18385650224215247,0.7877428998505231,1.0,0.8055555555555556,18.583333333333332,18.055555555555557,14.63888888888889
452,4365,5,0.18867924528301888,0.4716981132075472,0.33962264150943394,0.8,0.0,10.6,8.6,3.6
453,4368,2,0.5,0.4166666666666667,0.08333333333333333,1.0,0.0,12.0,6.0,1.0
339,4370,40,0.002008536279186543,0.9317097665076576,0.07255837308561386,1.0,0.0,99.575,100.0,7.225
449,4379,30,0.03411513859275053,0.279317697228145,0.6865671641791045,1.0,0.5333333333333333,15.633333333333333,15.1,10.733333333333333
450,4382,30,0.03571428571428571,0.2976190476190476,0.6666666666666666,1.0,0.7,16.8,16.2,11.2
454,4384,15,0.062146892655367235,0.423728813559322,0.5141242937853108,1.0,0.0,11.8,11.066666666666666,6.066666666666666
458,4392,5,0.2,0.8,0.0,1.0,0.0,11.0,8.8,0.0
427,4395,40,0.005987277036297867,0.005737807159785456,0.995759012099289,0.997999951677385,0.75,200.425,200.725,199.575
451,4406,40,0.008998875140607425,0.2542182227221597,0.7367829021372329,1.0,0.7,22.225,22.025,16.375
462,4409,5,0.2,0.8,0.0,1.0,0.0,13.0,10.4,0.0
460,4411,16,0.0582010582010582,0.3862433862433862,0.5555555555555556,1.0,0.0,11.8125,11.125,6.5625
438,4417,40,0.004489041457618167,0.6010034327964088,0.3945075257459731,0.9971750416611618,0.025,94.675,94.25,37.35
465,4427,14,0.07142857142857142,0.0,0.9285714285714286,1.0,0.9285714285714286,12.0,11.142857142857142,11.142857142857142
467,4433,2,0.5,0.5,0.0,1.0,0.0,11.0,5.5,0.0
457,4435,40,0.004530011325028313,0.2695356738391846,0.7270668176670442,0.9990060072871705,0.45,22.075,22.0,16.05
468,4436,3,0.3333333333333333,0.6666666666666666,0.0,1.0,0.0,8.0,5.333333333333333,0.0
456,4444,40,0.008130081300813009,0.11653116531165311,0.8816621499548328,0.9963803905393458,0.5,27.675,27.625,24.4
466,4447,25,0.041666666666666664,0.3273809523809524,0.6309523809523809,0.9954550261472056,0.12,13.44,12.88,8.48
459,4448,40,0.013184584178498986,0.10243407707910751,0.8843813387423936,0.9969943182399736,0.925,24.65,24.325,21.8
463,4452,40,0.008389261744966443,0.08892617449664429,0.9026845637583892,0.9930784909769749,0.575,14.9,14.775,13.45
470,4469,2,0.5,0.5,0.0,1.0,0.0,11.0,5.5,0.0
471,4474,2,0.5,0.5,0.0,1.0,0.0,11.0,5.5,0.0
472,4507,24,0.04785894206549118,0.22670025188916876,0.72544080604534,0.9947589016529347,0.7916666666666666,16.541666666666668,15.75,12.0
473,4521,1,1.0,0.0,0.0,1.0,0.0,14.0,0.0,0.0
475,4527,5,0.2,0.8,0.0,1.0,0.0,12.0,9.6,0.0
476,4533,4,0.24,0.76,0.0,1.0,0.0,12.5,9.5,0.0
469,4538,40,0.006472491909385114,0.0825242718446602,0.9118122977346278,0.9991568736500813,0.925,30.9,30.725,28.175
479,4540,5,0.2,0.525,0.275,1.0,0.0,8.0,6.4,2.2
478,4545,12,0.08333333333333333,0.5833333333333334,0.3333333333333333,1.0,0.3333333333333333,11.0,10.083333333333334,3.6666666666666665
480,4545,3,0.3333333333333333,0.0,0.6666666666666666,1.0,0.6666666666666666,13.0,8.666666666666666,8.666666666666666
439,4549,40,0.010345697703759779,0.016023214736310874,0.9972243250063083,0.9914682033688287,0.675,198.15,200.775,197.6
484,4567,2,0.5,0.5,0.0,1.0,0.0,11.0,5.5,0.0
481,4567,20,0.05263157894736842,0.4291497975708502,0.5182186234817814,1.0,0.0,12.35,11.7,6.4
486,4568,2,0.5,0.45454545454545453,0.045454545454545456,1.0,0.0,11.0,5.5,0.5
485,4568,2,0.5,0.45454545454545453,0.045454545454545456,1.0,0.0,11.0,5.5,0.5
477,4571,39,0.025185185185185185,0.1674074074074074,0.8074074074074075,1.0,0.6923076923076923,17.307692307692307,16.871794871794872,13.974358974358974
483,4572,11,0.0873015873015873,0.5793650793650794,0.3333333333333333,1.0,0.0,11.454545454545455,10.454545454545455,3.8181818181818183
474,4576,40,0.0064516129032258064,0.2313364055299539,0.7870967741935484,0.9977094727179407,0.775,27.125,27.625,21.35
488,4587,4,0.25,0.515625,0.234375,1.0,0.0,16.0,12.0,3.75
489,4592,7,0.14285714285714285,0.44642857142857145,0.4107142857142857,1.0,0.0,8.0,6.857142857142857,3.2857142857142856
491,4592,3,0.3225806451612903,0.6774193548387096,0.0,0.6666666666666666,0.0,10.333333333333334,7.0,0.0
461,4598,40,0.003501891021151422,0.07578092169771676,0.9275808936825886,0.9988823416719285,0.35,178.475,179.075,165.55
425,4605,40,0.0,1.010228166797797,0.0,1.0,0.0,31.775,32.1,0.0
495,4617,5,0.2,0.8,0.0,1.0,0.0,13.0,10.4,0.0
417,4617,40,0.002172338884866039,0.7356987690079653,0.27299058653149894,0.9992458105455426,0.0,103.575,104.475,28.275
493,4617,11,0.09022556390977443,0.2631578947368421,0.6466165413533834,0.908178619687649,0.36363636363636365,12.090909090909092,11.0,7.818181818181818
487,4623,40,0.008620689655172414,0.13793103448275862,0.874384236453202,0.999130392403751,0.675,20.3,20.55,17.75
498,4633,6,0.15625,0.84375,0.0,1.0,0.0,10.666666666666666,9.0,0.0
499,4639,5,0.2,0.0,0.8,1.0,0.8,12.0,9.6,9.6
500,4649,3,0.3225806451612903,0.6774193548387096,0.0,0.6666666666666666,0.0,10.333333333333334,7.0,0.0
502,4652,4,0.25,0.5625,0.1875,1.0,0.0,8.0,6.0,1.5
501,4659,11,0.08403361344537816,0.5798319327731093,0.33613445378151263,1.0,0.0,10.818181818181818,9.909090909090908,3.6363636363636362
490,4660,40,0.006156552330694811,0.06244503078276165,0.9349164467897977,0.9997803946190146,0.7,28.425,28.35,26.575
496,4675,40,0.006650041562759767,0.0889443059019119,0.9052369077306733,0.9981960582125431,0.9,30.075,29.9,27.225
504,4682,3,0.3333333333333333,0.6666666666666666,0.0,1.0,0.0,8.0,5.333333333333333,0.0
503,4691,37,0.028523489932885907,0.1644295302013423,0.8070469798657718,0.995893830043621,0.8108108108108109,16.10810810810811,15.64864864864865,13.0
505,4700,5,0.2,0.8,0.0,1.0,0.0,11.0,8.8,0.0
506,4708,3,0.3225806451612903,0.6774193548387096,0.0,0.6666666666666666,0.0,10.333333333333334,7.0,0.0
508,4724,3,0.3333333333333333,0.6666666666666666,0.0,0.6666666666666666,0.0,13.0,8.666666666666666,0.0
510,4733,3,0.3225806451612903,0.6774193548387096,0.0,0.6666666666666666,0.0,10.333333333333334,7.0,0.0
513,4750,3,0.3225806451612903,0.6774193548387096,0.0,0.6666666666666666,0.0,10.333333333333334,7.0,0.0
516,4760,3,0.3333333333333333,0.6666666666666666,0.0,1.0,0.0,9.0,6.0,0.0
515,4761,7,0.13333333333333333,0.8,0.06666666666666667,1.0,0.0,10.714285714285714,9.285714285714286,0.7142857142857143
517,4765,3,0.3225806451612903,0.6774193548387096,0.0,0.6666666666666666,0.0,10.333333333333334,7.0,0.0
518,4766,2,0.5,0.5,0.0,0.5,0.0,10.0,5.0,0.0
509,4775,40,0.0057553956834532375,0.1539568345323741,0.8402877697841726,1.0,0.75,17.375,17.275,14.6
512,4776,32,0.038391224862888484,0.2340036563071298,0.7276051188299817,1.0,0.71875,17.09375,16.4375,12.4375
482,4782,40,0.006576475009394964,0.00864336715520481,1.0122134535888763,0.9974630393065466,0.8,133.05,135.825,134.675
520,4784,2,0.5,0.5,0.0,1.0,0.0,10.0,5.0,0.0
521,4790,7,0.13333333333333333,0.0,0.8666666666666667,1.0,0.8571428571428571,10.714285714285714,9.285714285714286,9.285714285714286
524,4795,4,0.23809523809523808,0.7619047619047619,0.0,1.0,0.0,10.5,8.0,0.0
523,4807,21,0.04580152671755725,0.14122137404580154,0.8129770992366412,0.9945893168419114,0.6190476190476191,12.476190476190476,11.904761904761905,10.142857142857142
528,4809,2,0.5,0.5,0.0,1.0,0.0,8.0,4.0,0.0
527,4809,3,0.3333333333333333,0.5833333333333334,0.08333333333333333,1.0,0.0,8.0,5.333333333333333,0.6666666666666666
514,4811,40,0.013286093888396812,0.17891939769707707,0.8077945084145262,0.996599896498625,0.65,28.225,27.85,22.8
529,4811,4,0.25,0.75,0.0,1.0,0.0,12.0,9.0,0.0
531,4816,4,0.25,0.75,0.0,1.0,0.0,12.0,9.0,0.0
532,4819,5,0.2,0.8,0.0,1.0,0.0,12.0,9.6,0.0
492,4824,40,0.006918515264660663,0.001317812431363936,0.9998901822973864,0.9970655038293245,0.95,227.65,227.925,227.625
526,4833,33,0.027496382054992764,0.26772793053545585,0.7047756874095513,0.9966172101632466,0.7272727272727273,20.939393939393938,20.363636363636363,14.757575757575758
539,4844,2,0.5,0.5,0.0,1.0,0.0,11.0,5.5,0.0
538,4848,10,0.1,0.2545454545454545,0.6454545454545455,1.0,0.5,11.0,9.9,7.1
534,4851,25,0.04081632653061224,0.2594752186588921,0.6997084548104956,1.0,0.68,13.72,13.16,9.6
535,4865,39,0.02450229709035222,0.20520673813169985,0.7702909647779479,1.0,0.6410256410256411,16.743589743589745,16.333333333333332,12.897435897435898
543,4870,4,0.25,0.75,0.0,1.0,0.0,12.0,9.0,0.0
537,4873,37,0.02527646129541864,0.18799368088467613,0.7867298578199052,0.9960810744362434,0.35135135135135137,17.10810810810811,16.675675675675677,13.45945945945946
525,4875,40,0.005930318754633061,0.16382505559673832,0.8361749444032617,0.996617767198312,0.3,33.725,33.725,28.2
541,4878,18,0.05907172995780591,0.270042194092827,0.6708860759493671,0.9955140579973565,0.1111111111111111,13.166666666666666,12.38888888888889,8.833333333333334
545,4880,8,0.125,0.0,0.875,1.0,0.875,11.0,9.625,9.625
546,4881,4,0.25,0.75,0.0,1.0,0.0,11.0,8.25,0.0
548,4887,3,0.3225806451612903,0.6774193548387096,0.0,0.951606606064051,0.0,10.333333333333334,7.0,0.0
549,4889,2,0.5,0.5,0.0,1.0,0.0,11.0,5.5,0.0
547,4891,11,0.09090909090909091,0.15454545454545454,0.7545454545454545,1.0,0.7272727272727273,10.0,9.090909090909092,7.545454545454546
494,4893,40,0.0,1.0,0.0,1.0,0.0,67.5,67.5,0.0
550,4894,2,0.5,0.5,0.0,1.0,0.0,11.0,5.5,0.0
544,4895,24,0.03821656050955414,0.3057324840764331,0.6560509554140127,1.0,0.20833333333333334,13.083333333333334,12.583333333333334,8.583333333333334
552,4900,5,0.2,0.8,0.0,1.0,0.0,11.0,8.8,0.0
553,4903,6,0.15625,0.84375,0.0,1.0,0.0,10.666666666666666,9.0,0.0
555,4910,5,0.2,0.8,0.0,1.0,0.0,11.0,8.8,0.0
558,4915,4,0.25,0.65625,0.09375,1.0,0.0,8.0,6.0,0.75
559,4915,2,0.5,0.5,0.0,1.0,0.0,11.0,5.5,0.0
560,4919,4,0.25,0.75,0.0,1.0,0.0,8.0,6.0,0.0
561,4919,3,0.3225806451612903,0.6774193548387096,0.0,0.6666666666666666,0.0,10.333333333333334,7.0,0.0
562,4924,2,0.5,0.5,0.0,1.0,0.0,14.0,7.0,0.0
556,4939,32,0.0300187617260788,0.1275797373358349,0.8424015009380863,0.966820215750306,0.875,16.65625,16.15625,14.03125
565,4946,4,0.25,0.6875,0.0625,1.0,0.0,8.0,6.0,0.5
554,4948,40,0.00963855421686747,0.14578313253012049,0.844578313253012,0.998012014574341,0.325,20.75,20.55,17.525
530,4950,40,0.0029154518950437317,0.12786339025406082,0.8788004997917535,0.9998951186681768,0.325,60.025,60.425,52.75
566,4953,2,0.5,0.5,0.0,1.0,0.0,12.0,6.0,0.0
567,4960,6,0.15625,0.84375,0.0,1.0,0.0,10.666666666666666,9.0,0.0
557,4965,40,0.009127789046653144,0.29817444219066935,0.6926977687626775,1.0,0.65,24.65,24.425,17.075
564,4970,35,0.03356890459363958,0.22614840989399293,0.7402826855123675,1.0,0.7714285714285715,16.17142857142857,15.628571428571428,11.971428571428572
540,4979,40,0.004484304932735426,0.2879920279023418,0.7075236671649228,0.996920207451738,0.075,50.175,49.95,35.5
569,4986,5,0.2,0.8,0.0,1.0,0.0,11.0,8.8,0.0
571,4998,5,0.18867924528301888,0.8113207547169812,0.0,1.0,0.0,10.6,8.6,0.0
568,4999,40,0.024676850763807285,0.1797884841363102,0.7955346650998825,1.0,0.8,21.275,20.75,16.925
