"tick","population","employed","unemployed","housed","unhoused","residential_units","vacant_residential_units","commercial_units","vacant_commercial_units","active_firms","firm_job_vacancies","firms_with_job_vacancies","committed_output","realized_sales","unsold_output","sold_out_firms","mean_wage","mean_residential_rent","mean_commercial_rent","mean_goods_price","housing_excess_supply","housing_excess_demand","labor_excess_supply","labor_excess_demand","commercial_space_excess_supply","goods_excess_supply","housing_vacancy_rate","commercial_vacancy_rate","goods_unsold_rate","employment_rate","housing_rate"
1,2015,1807,208,1201,814,1615,414,1602,1482,120,353,80,2068,686,1382,0,9.93891898609565,2.40922599271766,5.10161278631095,4.96412092743186,414,814,208,353,1482,1382,0.256346749226006,0.925093632958802,0.668278529980658,0.896774193548387,0.596029776674938
2,2025,1751,274,1219,806,1625,406,1605,1483,120,409,81,2125,1045,1080,8,9.94432043995742,2.43032269487935,4.375622772701,4.92469284217239,406,806,274,409,1483,1080,0.249846153846154,0.92398753894081,0.508235294117647,0.864691358024691,0.601975308641975
3,2038,1671,367,1221,817,1640,419,1607,1484,120,489,80,2151,1205,946,12,9.96828112677597,2.45278657954261,3.75933030335668,4.89494550546159,419,817,367,489,1484,946,0.255487804878049,0.923459863098942,0.439795443979544,0.819921491658489,0.599116781157998
4,2048,1564,484,1215,833,1649,434,1609,1483,120,596,78,2136,1265,871,16,9.97888007387134,2.47471114887184,3.23553258675114,4.86079805585722,434,833,484,596,1483,871,0.263189812007277,0.921690490988191,0.407771535580524,0.763671875,0.59326171875
5,2062,1537,525,1206,856,1667,461,1609,1483,120,623,79,2041,1247,794,24,9.99074592805752,2.49607388126829,2.79060600608484,4.8313212444282,461,856,525,623,1483,794,0.276544691061788,0.921690490988191,0.389024987751102,0.745392822502425,0.584869059165858
6,2070,1507,563,1198,872,1682,484,1610,1482,120,653,81,2032,1244,788,21,10.0434108693931,2.51539949981516,2.4125593643613,4.80966394764874,484,872,563,653,1482,788,0.287752675386445,0.920496894409938,0.387795275590551,0.728019323671498,0.578743961352657
7,2088,1500,588,1175,913,1703,528,1604,1476,120,660,81,2010,1261,749,21,10.0805229322817,2.53037599900431,2.09112264117659,4.79508992586371,528,913,588,660,1476,749,0.310041103934234,0.920199501246883,0.372636815920398,0.718390804597701,0.562739463601533
8,2099,1505,594,1180,919,1719,539,1600,1471,120,655,81,2019,1244,775,17,10.1082631954825,2.54286162882586,1.81915200257888,4.76182920163223,539,919,594,655,1471,775,0.313554392088424,0.919375,0.383853392768697,0.717008099094807,0.562172463077656
9,2114,1494,620,1175,939,1730,555,1596,1467,120,666,88,2046,1264,782,14,10.1509105615548,2.55398483321761,1.58822441699529,4.72477939535214,555,939,620,666,1467,782,0.320809248554913,0.919172932330827,0.382209188660802,0.706717123935667,0.555818353831599
10,2131,1534,597,1185,946,1746,561,1589,1460,120,626,85,2035,1299,736,19,10.2058399080266,2.56549447487579,1.39563396704709,4.69480934484518,561,946,597,626,1460,736,0.321305841924399,0.91881686595343,0.361670761670762,0.71984983575786,0.556076959174097
11,2138,1546,592,1177,961,1764,587,1586,1457,120,614,84,2079,1306,773,15,10.2815047539223,2.57391348723759,1.26542586237662,4.65978295322624,587,961,592,614,1457,773,0.332766439909297,0.918663303909206,0.371813371813372,0.72310570626754,0.550514499532273
12,2153,1558,595,1185,968,1782,597,1582,1453,120,602,84,2084,1353,731,16,10.3397282037114,2.58066845235117,1.20417397696984,4.62708750176426,597,968,595,602,1453,731,0.335016835016835,0.918457648546144,0.350767754318618,0.723641430562006,0.55039479795634
13,2165,1524,641,1187,978,1798,611,1577,1447,120,636,88,2096,1374,722,17,10.3735727760502,2.58558197712092,1.19694176380949,4.60522142650514,611,978,641,636,1447,722,0.339822024471635,0.917564996829423,0.344465648854962,0.70392609699769,0.548267898383372
14,2174,1505,669,1186,988,1817,631,1573,1441,120,655,89,2075,1333,742,16,10.4433566735868,2.58858746140718,1.19573252488811,4.57796924133286,631,988,669,655,1441,742,0.347275729223996,0.916083916083916,0.357590361445783,0.692272309107636,0.545538178472861
15,2186,1500,686,1198,988,1827,629,1570,1437,120,660,87,2057,1318,739,19,10.5025442773393,2.59005950124678,1.19465672195334,4.54790924987507,629,988,686,660,1437,739,0.344280240831965,0.915286624203822,0.359261059795819,0.686184812442818,0.548032936870997
16,2193,1449,744,1206,987,1844,638,1568,1435,120,711,92,2063,1321,742,25,10.5565914932931,2.59067083616164,1.19363141278962,4.51949611122767,638,987,744,711,1435,742,0.345986984815618,0.915178571428571,0.35967038293747,0.660738714090287,0.549931600547196
17,2210,1417,793,1189,1021,1861,672,1561,1428,120,743,94,2030,1292,738,26,10.6082892938779,2.58829755178317,1.19259241375859,4.48698877290766,672,1021,793,743,1428,738,0.361096184846857,0.914798206278027,0.363546798029557,0.641176470588235,0.538009049773756
18,2226,1430,796,1203,1023,1878,675,1555,1421,120,730,89,2006,1258,748,26,10.6673505609991,2.58602319548763,1.19178563836652,4.46672894913416,675,1023,796,730,1421,748,0.359424920127796,0.913826366559486,0.372881355932203,0.64240790655885,0.540431266846361
19,2239,1455,784,1212,1027,1891,679,1550,1416,120,705,89,2032,1286,746,19,10.726232821756,2.58344165129596,1.1907731990325,4.46829401045777,679,1027,784,705,1416,746,0.3590692755156,0.913548387096774,0.367125984251969,0.649843680214381,0.541313086199196
20,2254,1473,781,1217,1037,1904,687,1550,1415,120,687,91,2037,1326,711,26,10.7827634636175,2.58018852250948,1.18996644291981,4.43969734648486,687,1037,781,687,1415,711,0.360819327731092,0.912903225806452,0.349042709867452,0.653504880212955,0.539929015084295
21,2264,1441,823,1209,1055,1925,716,1541,1406,120,719,86,2064,1382,682,25,10.834903011635,2.57496277637473,1.18908527984179,4.4164791546474,716,1055,823,719,1406,682,0.371948051948052,0.91239454899416,0.330426356589147,0.636484098939929,0.534010600706714
22,2290,1454,836,1230,1060,1936,706,1535,1399,120,706,87,2018,1347,671,28,10.9439036424695,2.56978823031097,1.18825289618097,4.397867747176,706,1060,836,706,1399,671,0.364669421487603,0.911400651465798,0.332507433102081,0.634934497816594,0.537117903930131
23,2303,1470,833,1245,1058,1950,705,1532,1394,120,690,82,2024,1377,647,25,11.0231699022413,2.5649881551266,1.18775824809229,4.38312668824894,705,1058,833,690,1394,647,0.361538461538462,0.909921671018277,0.319664031620553,0.638297872340426,0.540599218410769
24,2314,1506,808,1250,1064,1962,712,1527,1387,120,654,87,2042,1396,646,30,11.1038484373443,2.56008039884295,1.18665694027455,4.36823572275957,712,1064,808,654,1387,646,0.36289500509684,0.908316961362148,0.316356513222331,0.650821089023336,0.54019014693172
25,2320,1540,780,1268,1052,1978,710,1520,1380,120,620,85,2094,1478,616,26,11.1807007085217,2.55539457308534,1.18529747533117,4.35546713326954,710,1052,780,620,1380,616,0.358948432760364,0.907894736842105,0.294173829990449,0.663793103448276,0.546551724137931
26,2332,1577,755,1290,1042,1998,708,1515,1375,120,583,82,2135,1516,619,32,11.248213009801,2.55236806759335,1.18417348164228,4.3468864642161,708,1042,755,583,1375,619,0.354354354354354,0.907590759075908,0.289929742388759,0.676243567753002,0.553173241852487
27,2344,1605,739,1326,1018,2017,691,1513,1373,120,555,83,2167,1573,594,29,11.3019620094948,2.55010683775757,1.18328028549374,4.32843545477668,691,1018,739,555,1373,594,0.342588001983143,0.907468605419696,0.274111675126904,0.684726962457338,0.565699658703072
28,2353,1593,760,1352,1001,2026,674,1513,1373,120,567,82,2205,1609,596,35,11.3374532219373,2.54933881224345,1.1826232330619,4.2992663611188,674,1001,760,567,1373,596,0.332675222112537,0.907468605419696,0.270294784580499,0.67700807479813,0.574585635359116
29,2366,1581,785,1369,997,2040,671,1508,1366,121,597,86,2196,1577,619,30,11.4115407209829,2.54848039876333,1.18231319399208,4.28489854656869,671,997,785,597,1366,619,0.328921568627451,0.905835543766578,0.281876138433515,0.66821639898563,0.578613693998309
30,2377,1579,798,1383,994,2052,669,1503,1360,122,617,91,2192,1589,603,34,11.428737737046,2.54889050614529,1.18207231442857,4.26541421435266,669,994,798,617,1360,603,0.326023391812865,0.904856952761144,0.275091240875912,0.664282709297434,0.58182583087926
31,2388,1604,784,1391,997,2068,677,1498,1355,122,592,84,2197,1619,578,38,11.5418903963247,2.54827247917916,1.18175594863993,4.24701438439981,677,997,784,592,1355,578,0.327369439071567,0.904539385847797,0.263086026399636,0.671691792294807,0.58249581239531
32,2397,1590,807,1387,1010,2079,692,1495,1352,122,606,86,2211,1640,571,41,11.609284770508,2.54604977799396,1.18112386724281,4.23238128490108,692,1010,807,606,1352,571,0.332852332852333,0.904347826086957,0.258254183627318,0.663329161451815,0.578639966624948
33,2404,1642,762,1410,994,2096,686,1488,1346,121,536,83,2206,1661,545,42,11.7052518243409,2.54602973341165,1.18054291040487,4.20820665552609,686,994,762,536,1346,545,0.327290076335878,0.904569892473118,0.247053490480508,0.683028286189684,0.586522462562396
34,2416,1623,793,1446,970,2111,665,1488,1345,121,555,78,2253,1738,515,42,11.7236570041117,2.54794455731531,1.17977043855874,4.19696642653679,665,970,793,555,1345,515,0.315016579819991,0.903897849462366,0.228584110075455,0.671771523178808,0.598509933774834
35,2424,1619,805,1459,965,2120,661,1487,1343,121,559,73,2244,1716,528,42,11.8065750404621,2.55067285327317,1.17816302728391,4.18953816721886,661,965,805,559,1343,528,0.311792452830189,0.903160726294553,0.235294117647059,0.667904290429043,0.601897689768977
36,2438,1660,778,1480,958,2134,654,1485,1341,121,518,76,2241,1731,510,48,11.8803973699836,2.55447877017073,1.17648924599114,4.18025911909603,654,958,778,518,1341,510,0.306466729147142,0.903030303030303,0.227576974564926,0.680885972108285,0.607054963084495
37,2452,1700,752,1498,954,2143,645,1487,1340,124,532,77,2277,1796,481,47,11.942643806814,2.55962950001043,1.17568545276509,4.19838312571721,645,954,752,532,1340,481,0.300979934671022,0.901143241425689,0.211242863416776,0.693311582381729,0.610929853181077
38,2464,1677,787,1511,953,2155,644,1483,1335,124,555,81,2324,1871,453,46,11.9916298336547,2.56314758450456,1.17452346162561,4.17023893372322,644,953,787,555,1335,453,0.298839907192575,0.900202292650034,0.194922547332186,0.680600649350649,0.613230519480519
39,2477,1695,782,1522,955,2161,639,1484,1333,127,591,79,2300,1855,445,49,12.0440529581449,2.56763579838599,1.17344023959966,4.1850054883851,639,955,782,591,1333,445,0.295696436834799,0.898247978436658,0.193478260869565,0.684295518772709,0.614452967299152
40,2486,1732,754,1546,940,2170,624,1483,1332,127,554,80,2334,1873,461,44,12.107312779166,2.5744950733057,1.17209743067048,4.19040416165384,624,940,754,554,1332,461,0.287557603686636,0.898179366149697,0.19751499571551,0.696701528559936,0.621882542236525
41,2497,1708,789,1572,925,2192,620,1476,1326,126,560,79,2373,1943,430,45,12.1322664113842,2.58484829413665,1.17012600326057,4.17076360982698,620,925,789,560,1326,430,0.282846715328467,0.898373983739837,0.181205225453013,0.684020824989988,0.629555466559872
42,2512,1736,776,1586,926,2204,618,1472,1319,129,586,86,2359,1897,462,48,12.2012550696997,2.59436764401279,1.1691925969988,4.1729010499885,618,926,776,586,1319,462,0.280399274047187,0.896059782608696,0.195845697329377,0.691082802547771,0.631369426751592
43,2523,1751,772,1594,929,2217,623,1470,1313,131,607,89,2395,1934,461,50,12.2373368866379,2.60224180591953,1.16884352808714,4.18096124613807,623,929,772,607,1313,461,0.281010374379793,0.893197278911565,0.192484342379958,0.6940150614348,0.631787554498613
44,2536,1767,769,1593,943,2236,643,1462,1302,132,609,84,2410,1948,462,46,12.2920730908881,2.60827152758841,1.16849511188871,4.18298515501956,643,943,769,609,1302,462,0.287567084078712,0.890560875512996,0.191701244813278,0.696766561514196,0.628154574132492
45,2547,1749,798,1607,940,2245,638,1461,1298,135,681,90,2429,2010,419,49,12.3018393727416,2.6139085469715,1.16826979782369,4.18303174535152,638,940,798,681,1298,419,0.284187082405345,0.888432580424367,0.172498970769864,0.686690223792697,0.630938358853553
46,2559,1753,806,1624,935,2256,632,1458,1294,136,695,87,2446,1980,466,42,12.2999504265049,2.6196399990476,1.16756270351028,4.18095968518853,632,935,806,695,1294,466,0.280141843971631,0.887517146776406,0.190515126737531,0.685033216100039,0.634622899570145
47,2570,1778,792,1636,934,2270,634,1457,1287,142,778,97,2461,1990,471,49,12.3580945776779,2.62683311393191,1.16801661124758,4.19966046978635,634,934,792,778,1287,471,0.279295154185022,0.883321894303363,0.191385615603413,0.691828793774319,0.636575875486381
48,2585,1825,760,1654,931,2281,627,1459,1288,142,731,96,2506,2039,467,50,12.4355291885608,2.63421793446843,1.1675878680944,4.19753544369779,627,931,760,731,1288,467,0.274879438842613,0.88279643591501,0.18635275339186,0.705996131528046,0.639845261121857
49,2597,1868,729,1674,923,2294,620,1457,1283,144,724,96,2553,2123,430,53,12.503032383659,2.64275541863599,1.16684037928222,4.19576055859357,620,923,729,724,1283,430,0.27027027027027,0.880576527110501,0.168429298864081,0.719291490180978,0.644589911436273
50,2607,1892,715,1693,914,2307,614,1454,1280,143,682,86,2598,2223,375,57,12.5584806487946,2.65252403711847,1.1656433113543,4.17555057159372,614,914,715,682,1280,375,0.266146510619853,0.880330123796424,0.144341801385681,0.725738396624473,0.649405446873801
51,2622,1907,715,1709,913,2326,617,1445,1269,144,685,92,2636,2243,393,61,12.6356681137675,2.66071221335576,1.16445319370815,4.1899117990977,617,913,715,685,1269,393,0.265262252794497,0.878200692041523,0.149089529590288,0.727307398932113,0.651792524790236
52,2631,1906,725,1730,901,2344,614,1443,1260,150,794,101,2648,2270,378,58,12.6821102089427,2.66701624317642,1.16520931620106,4.21526378175397,614,901,725,794,1260,378,0.261945392491468,0.873180873180873,0.142749244712991,0.724439376662866,0.657544659825162
53,2645,1928,717,1750,895,2359,609,1443,1260,149,754,99,2667,2277,390,54,12.7357638712001,2.6742101323603,1.16424277399451,4.21573079888494,609,895,717,754,1260,390,0.258160237388724,0.873180873180873,0.146231721034871,0.728922495274102,0.661625708884688
54,2650,1946,704,1764,886,2379,615,1441,1260,147,700,95,2706,2318,388,61,12.7962243463456,2.68271791279233,1.16283134781833,4.20979849403969,615,886,704,700,1260,388,0.258511979823455,0.874392782789729,0.143385070214338,0.734339622641509,0.665660377358491
55,2656,1975,681,1783,873,2396,613,1439,1253,151,743,93,2713,2343,370,65,12.8320619836555,2.69126079784085,1.1621677453171,4.22767580772886,613,873,681,743,1253,370,0.25584307178631,0.870743571924948,0.13638039071139,0.743599397590361,0.671310240963855
56,2670,1982,688,1799,871,2410,611,1434,1245,152,754,98,2748,2363,385,70,12.8856669891308,2.6994489490928,1.16166690671585,4.21284968834895,611,871,688,754,1245,385,0.253526970954357,0.868200836820084,0.140101892285298,0.742322097378277,0.67378277153558
57,2684,1968,716,1823,861,2415,592,1437,1244,154,804,97,2765,2413,352,68,12.9095170456214,2.70881391581329,1.16153580732059,4.21670843938954,592,861,716,804,1244,352,0.245134575569358,0.865692414752958,0.127305605786618,0.733233979135618,0.679210134128167
58,2696,2024,672,1853,843,2433,580,1434,1238,157,802,93,2772,2400,372,71,12.9434766285046,2.72075934847421,1.16168973210205,4.21271361980577,580,843,672,802,1238,372,0.238388820386354,0.863319386331939,0.134199134199134,0.750741839762611,0.687314540059347
59,2708,2036,672,1869,839,2449,580,1428,1227,161,862,102,2836,2477,359,74,12.9792029876262,2.73165855644125,1.16227747137116,4.2320772549073,580,839,672,862,1227,359,0.236831359738669,0.859243697478992,0.126586741889986,0.751846381093058,0.690177252584934
60,2723,2073,650,1897,826,2469,572,1426,1216,170,987,108,2890,2516,374,77,13.0271557526721,2.74372855072924,1.16370700142207,4.30308642002748,572,826,650,987,1216,374,0.23167274200081,0.85273492286115,0.129411764705882,0.761292691883952,0.696658097686375
61,2738,2109,629,1899,839,2488,589,1425,1214,168,915,104,2924,2518,406,76,13.053730447929,2.75512291807427,1.16355215460623,4.2790920720266,589,839,629,915,1214,406,0.236736334405145,0.851929824561404,0.138850889192886,0.77027027027027,0.693571950328707
62,2748,2133,615,1919,829,2506,587,1422,1205,173,981,108,2991,2606,385,78,13.0666606784564,2.76615981866259,1.16429837752432,4.30288772055702,587,829,615,981,1205,385,0.234237829209896,0.847398030942335,0.12871949180876,0.776200873362445,0.698326055312955
63,2760,2160,600,1932,828,2526,594,1417,1189,182,1116,114,3047,2651,396,86,13.0876441536446,2.77697726773036,1.16747152901079,4.29991475206777,594,828,600,1116,1189,396,0.235154394299287,0.83909668313338,0.129963898916967,0.782608695652174,0.7
64,2771,2188,583,1947,824,2535,588,1418,1192,179,1034,112,3079,2690,389,90,13.1106458266128,2.78707357276356,1.16818013909241,4.31155945215159,588,824,583,1034,1192,389,0.231952662721893,0.840620592383639,0.126339720688535,0.789606640202093,0.70263442800433
65,2781,2228,553,1968,813,2551,583,1416,1177,191,1210,125,3139,2731,408,89,13.1866148344197,2.7992268626148,1.17179027070083,4.32717550926018,583,813,553,1210,1177,408,0.228537828302626,0.831214689265537,0.129977699904428,0.801150665228335,0.707659115426106
66,2793,2247,546,1986,807,2573,587,1416,1183,184,1065,110,3193,2794,399,76,13.195921768389,2.8109543803566,1.17098389508214,4.31780930977933,587,807,546,1065,1183,399,0.228138359891178,0.83545197740113,0.124960851863451,0.804511278195489,0.711063372717508
67,2801,2275,526,2018,783,2590,572,1409,1173,185,1055,112,3233,2839,394,89,13.2376189472719,2.82400754945843,1.16949729515859,4.32059220602698,572,783,526,1055,1173,394,0.220849420849421,0.83250532292406,0.12186823383854,0.812209925026776,0.720456979650125
68,2809,2286,523,2048,761,2603,555,1412,1171,189,1116,115,3276,2869,407,90,13.2667576541473,2.83699031548402,1.16975424667413,4.33062890179191,555,761,523,1116,1171,407,0.213215520553208,0.829320113314448,0.124236874236874,0.813812744749021,0.729085083659665
69,2823,2289,534,2072,751,2617,545,1410,1165,191,1149,122,3299,2874,425,84,13.3238218720366,2.85369023605302,1.17040903639328,4.34154674634991,545,751,534,1149,1165,425,0.208253725640046,0.826241134751773,0.128826917247651,0.810839532412327,0.733970952887
70,2837,2335,502,2102,735,2642,540,1402,1145,200,1265,127,3321,2894,427,90,13.3538950454486,2.87219773963609,1.17477756083937,4.35295503529747,540,735,502,1265,1145,427,0.20439061317184,0.816690442225392,0.128575730201746,0.823052520267889,0.740923510750793
71,2856,2344,512,2119,737,2653,534,1403,1155,191,1094,120,3401,2982,419,99,13.3846585697423,2.88808789684342,1.17221517582222,4.33045132228314,534,737,512,1094,1155,419,0.201281568036185,0.823235923022095,0.123199059100265,0.820728291316527,0.741946778711485
72,2867,2361,506,2129,738,2670,541,1402,1145,200,1239,133,3409,2967,442,96,13.4107718916317,2.90267654342428,1.17350255887824,4.34680375007861,541,738,506,1239,1145,442,0.202621722846442,0.816690442225392,0.129656790847756,0.823508894314615,0.742588071154517
73,2879,2398,481,2145,734,2689,544,1400,1139,203,1256,130,3437,2986,451,96,13.4367691238365,2.91865258810521,1.17468017469941,4.37427035385627,544,734,481,1256,1139,451,0.202305689847527,0.813571428571429,0.131219086412569,0.832928100034734,0.745050364709969
74,2894,2384,510,2145,749,2708,563,1400,1140,202,1252,124,3476,3033,443,98,13.4783945535109,2.93128854869319,1.17438018229303,4.35885295899971,563,749,510,1252,1140,443,0.207902511078287,0.814285714285714,0.127445339470656,0.823773324118867,0.741188666205943
75,2907,2390,517,2162,745,2724,562,1398,1130,206,1318,129,3466,3067,399,109,13.5144998225573,2.94465987895517,1.17559365931241,4.3701039889252,562,745,517,1318,1130,399,0.206314243759178,0.80829756795422,0.115118291979227,0.822153422772618,0.743722050223598
76,2920,2427,493,2168,752,2731,563,1397,1125,206,1281,127,3492,3098,394,114,13.5405729467707,2.95573068092712,1.17534865545989,4.36746682901273,563,752,493,1281,1125,394,0.206151592823142,0.805297065139585,0.11282932416953,0.831164383561644,0.742465753424657
77,2930,2436,494,2179,751,2746,567,1396,1115,214,1416,139,3558,3179,379,103,13.5827476304903,2.96960091881638,1.17720383932551,4.39249264290099,567,751,494,1416,1115,379,0.206482155863074,0.798710601719198,0.106520517144463,0.831399317406143,0.743686006825939
78,2941,2449,492,2198,743,2766,568,1392,1110,213,1385,143,3590,3177,413,111,13.627054738672,2.98492801803272,1.17677202491364,4.39356453290217,568,743,492,1385,1110,413,0.205350686912509,0.797413793103448,0.115041782729805,0.832709962597756,0.747364841890513
79,2952,2485,467,2210,742,2779,569,1394,1105,218,1439,149,3632,3173,459,107,13.6703091918074,2.99738068296167,1.17782755401173,4.41508015346477,569,742,467,1439,1105,459,0.204749910039583,0.792682926829268,0.126376651982379,0.84180216802168,0.748644986449865
80,2961,2477,484,2232,729,2798,566,1391,1085,232,1699,159,3695,3239,456,113,13.7116282114149,3.01218302375543,1.18516800680147,4.46314784676223,566,729,484,1699,1085,456,0.20228734810579,0.780014378145219,0.1234100135318,0.836541708882134,0.753799392097264
81,2972,2509,463,2236,736,2814,578,1393,1088,227,1577,152,3715,3255,460,116,13.729979890466,3.02519630830411,1.18605583928459,4.4455383958694,578,736,463,1577,1088,460,0.205401563610519,0.781048097631012,0.123822341857335,0.84421265141319,0.75235531628533
82,2991,2525,466,2255,736,2833,578,1390,1079,227,1561,148,3767,3311,456,122,13.7724339574169,3.04002076044176,1.18688346448647,4.44226071595233,578,736,466,1561,1079,456,0.204024002823862,0.776258992805755,0.121051234404035,0.844199264460047,0.753928452022735
83,3005,2546,459,2274,731,2850,576,1391,1073,232,1630,153,3805,3334,471,109,13.8216499316958,3.05416767061195,1.18826959108516,4.46799784157358,576,731,459,1630,1073,471,0.202105263157895,0.771387491013659,0.123784494086728,0.847254575707155,0.756738768718802
84,3017,2581,436,2303,714,2872,569,1389,1068,232,1595,154,3836,3389,447,118,13.8724628892542,3.07107612780084,1.18886092785484,4.45692215445557,569,714,436,1595,1068,447,0.198119777158774,0.76889848812095,0.116527632950991,0.855485581703679,0.763341067285383
85,3029,2599,430,2316,713,2883,567,1388,1066,231,1559,149,3890,3427,463,119,13.9458679931096,3.08727601862206,1.18830258544472,4.45386101275519,567,713,430,1559,1066,463,0.196670135275754,0.768011527377522,0.119023136246787,0.858038956751403,0.764608781776164
86,3040,2598,442,2320,720,2899,579,1388,1058,236,1650,150,3895,3452,443,130,13.9759765405128,3.1017192169005,1.18895329022363,4.4730570417911,579,720,442,1650,1058,443,0.19972404277337,0.762247838616715,0.113735558408216,0.854605263157895,0.763157894736842
87,3047,2569,478,2314,733,2917,603,1386,1048,239,1733,163,3932,3448,484,121,14.0017062253281,3.11340776022684,1.1905864264221,4.47058946439349,603,733,478,1733,1048,484,0.206719232087761,0.756132756132756,0.123092573753815,0.84312438464063,0.759435510338037
88,3061,2603,458,2331,730,2930,599,1385,1039,241,1735,169,3948,3454,494,121,14.0643962353899,3.12724630747773,1.19201396667835,4.46689067560215,599,730,458,1735,1039,494,0.204436860068259,0.750180505415162,0.125126646403242,0.850375694217576,0.761515844495263
89,3073,2617,456,2344,729,2946,602,1381,1029,241,1721,171,3996,3503,493,116,14.0920411854753,3.14105763211478,1.1929135746053,4.48919307628496,602,729,456,1721,1029,493,0.204344874405974,0.745112237509051,0.123373373373373,0.851610803774813,0.762772534982102
90,3090,2626,464,2352,738,2965,613,1375,1012,246,1802,174,4047,3566,481,124,14.1163689294133,3.15549823829826,1.19453896506704,4.47919001223242,613,738,464,1802,1012,481,0.206745362563238,0.736,0.118853471707438,0.849838187702265,0.761165048543689
91,3100,2648,452,2358,742,2984,626,1374,1006,249,1834,177,4082,3584,498,124,14.1623435177624,3.16641367602977,1.19674881221958,4.51184685684725,626,742,452,1834,1006,498,0.209785522788204,0.73216885007278,0.121999020088192,0.854193548387097,0.760645161290323
92,3106,2679,427,2389,717,2998,609,1373,994,255,1911,187,4131,3610,521,115,14.2112787425977,3.17885894642856,1.20148830336006,4.51293425518791,609,717,427,1911,994,521,0.203135423615744,0.723962126729789,0.126119583635924,0.862524146812621,0.769156471345782
93,3122,2677,445,2408,714,3010,602,1373,985,261,2021,200,4185,3681,504,115,14.2531886987811,3.19270121266938,1.20665607979324,4.52192016068355,602,714,445,2021,985,504,0.2,0.717407137654771,0.120430107526882,0.857463164638052,0.771300448430493
94,3136,2707,429,2425,711,3027,602,1374,986,258,1937,201,4220,3731,489,134,14.2982639278085,3.20585758657446,1.20726706874283,4.49447104684848,602,711,429,1937,986,489,0.198876775685497,0.717612809315866,0.115876777251185,0.863201530612245,0.77327806122449
95,3150,2731,419,2440,710,3045,605,1374,978,261,1967,189,4298,3778,520,128,14.3752266730184,3.22059413448234,1.20794342813782,4.52388455978114,605,710,419,1967,978,520,0.198686371100164,0.7117903930131,0.120986505351326,0.866984126984127,0.774603174603175
96,3160,2749,411,2466,694,3059,593,1373,983,257,1877,183,4282,3818,464,136,14.4203737290363,3.23840018226157,1.20723717470029,4.50035278469521,593,694,411,1877,983,464,0.193854200719189,0.715950473415878,0.108360579168613,0.86993670886076,0.780379746835443
97,3175,2776,399,2491,684,3072,581,1372,974,259,1886,181,4328,3872,456,133,14.4601371488543,3.25638837840386,1.20852988217226,4.48305095178929,581,684,399,1886,974,456,0.189127604166667,0.709912536443149,0.105360443622921,0.874330708661417,0.784566929133858
98,3185,2761,424,2511,674,3084,573,1374,965,266,2027,189,4384,3931,453,148,14.5271153867012,3.27335729270995,1.21201679861137,4.50774759452479,573,674,424,2027,965,453,0.18579766536965,0.702328966521106,0.103330291970803,0.866875981161695,0.788383045525903
99,3200,2761,439,2512,688,3109,597,1369,948,274,2171,196,4367,3898,469,142,14.543477123512,3.28782312524814,1.21947651203804,4.55357857419166,597,688,439,2171,948,469,0.192023158571888,0.692476260043828,0.107396381955576,0.8628125,0.785
100,3212,2792,420,2526,686,3116,590,1372,953,268,2032,189,4408,3911,497,147,14.6059701928266,3.30394561332166,1.22070865869703,4.54067004368085,590,686,420,2032,953,497,0.189345314505777,0.694606413994169,0.112749546279492,0.869240348692404,0.786425902864259
101,3223,2764,459,2536,687,3127,591,1372,953,265,2006,185,4431,3945,486,148,14.6555332124879,3.319092301938,1.21862610423372,4.53912697701593,591,687,459,2006,953,486,0.188999040614007,0.694606413994169,0.109681787406906,0.857586099906919,0.786844554762643
102,3232,2755,477,2540,692,3143,603,1369,943,265,2015,191,4398,3865,533,145,14.6764621572683,3.33318700605731,1.22014105550877,4.54938775333406,603,692,477,2015,943,533,0.191854915685651,0.688823959094229,0.121191450659391,0.852413366336634,0.785891089108911
103,3240,2791,449,2560,680,3155,595,1372,942,262,1925,192,4437,3899,538,140,14.7442797157138,3.34845336151352,1.21903588143217,4.5458837394512,595,680,449,1925,942,538,0.188589540412044,0.686588921282799,0.121253098940726,0.86141975308642,0.790123456790123
104,3251,2827,424,2576,675,3180,604,1371,936,261,1871,191,4511,3972,539,142,14.7753320274207,3.36323411531175,1.21792119447984,4.55643099308475,604,675,424,1871,936,539,0.189937106918239,0.682713347921225,0.119485701618266,0.869578591202707,0.792371577976007
105,3268,2842,426,2584,684,3188,604,1376,937,260,1838,189,4582,4053,529,144,14.8303414456163,3.37670026463751,1.21683481039762,4.55442604905865,604,684,426,1838,937,529,0.189460476787955,0.680959302325581,0.115451767786993,0.869645042839657,0.790697674418605
106,3274,2835,439,2605,669,3200,595,1377,927,269,2007,199,4617,4096,521,137,14.8919545641536,3.3918590630349,1.22105504417102,4.58463668920068,595,669,439,2007,927,521,0.1859375,0.673202614379085,0.112843837990037,0.865913255956017,0.795662797800855
107,3288,2849,439,2607,681,3227,620,1378,928,266,1939,199,4632,4108,524,143,14.9816292253556,3.40514284726234,1.2219409581201,4.58174449056056,620,681,439,1939,928,524,0.192128912302448,0.67343976777939,0.113126079447323,0.866484184914842,0.792883211678832
108,3300,2855,445,2611,689,3246,635,1378,917,278,2149,209,4638,4110,528,148,15.0220807769285,3.41695432107126,1.2279862409318,4.60505057144956,635,689,445,2149,917,528,0.195625385089341,0.665457184325109,0.113842173350582,0.865151515151515,0.791212121212121
109,3312,2838,474,2627,685,3255,628,1376,917,276,2130,208,4668,4148,520,148,15.0672760248391,3.43037466258808,1.2304886259976,4.60227473712006,628,685,474,2130,917,520,0.192933947772657,0.666424418604651,0.111396743787489,0.856884057971015,0.793176328502415
110,3319,2868,451,2628,691,3264,636,1379,919,272,2028,203,4673,4138,535,135,15.1473862386083,3.44126372762297,1.23114618485839,4.59209402077973,636,691,451,2028,919,535,0.194852941176471,0.666424945612763,0.114487481275412,0.864115697499247,0.791804760470021
111,3330,2897,433,2644,686,3275,631,1378,916,271,1981,205,4728,4221,507,135,15.1994136567666,3.45466074092476,1.2289003738296,4.59756065413013,631,686,433,1981,916,507,0.192671755725191,0.664731494920174,0.107233502538071,0.86996996996997,0.793993993993994
112,3337,2914,423,2658,679,3290,632,1378,901,278,2090,214,4802,4318,484,151,15.2613213918461,3.46989254575524,1.23170854125527,4.60870306719567,632,679,423,2090,901,484,0.19209726443769,0.653846153846154,0.10079133694294,0.873239436619718,0.796523823793827
113,3347,2902,445,2657,690,3308,651,1373,885,281,2156,209,4868,4318,550,146,15.3096012654907,3.48218108303474,1.23596510208089,4.60306759001093,651,690,445,2156,885,550,0.196795646916566,0.644573925710124,0.112982744453574,0.867045115028384,0.793845234538393
114,3355,2918,437,2686,669,3326,640,1375,876,286,2230,216,4865,4339,526,148,15.347019598248,3.49564836839894,1.24351300648156,4.61717210439384,640,669,437,2230,876,526,0.192423331328924,0.637090909090909,0.108119218910586,0.869746646795827,0.800596125186289
115,3363,2944,419,2704,659,3339,635,1376,879,280,2096,207,4921,4374,547,144,15.4455424835639,3.50893113794893,1.24323361126866,4.61745319348277,635,659,419,2096,879,547,0.190176699610662,0.638808139534884,0.111156269051006,0.87540886113589,0.8040440083259
116,3382,2980,402,2719,663,3352,633,1378,875,286,2168,215,4949,4450,499,160,15.5214014807548,3.52457592211442,1.24573155243199,4.62377385883391,633,663,402,2168,875,499,0.188842482100239,0.634978229317852,0.100828450191958,0.88113542282673,0.803962152572442
117,3387,2991,396,2745,642,3367,622,1380,874,289,2211,220,5007,4519,488,162,15.5891364840942,3.54153647107955,1.24879537581181,4.63057930496253,622,642,396,2211,874,488,0.184734184734185,0.633333333333333,0.09746355102856,0.883082373782108,0.810451727192205
118,3400,3021,379,2765,635,3387,622,1381,869,289,2181,216,5050,4564,486,160,15.6546476389305,3.55672486260148,1.25071153524479,4.62965180985386,622,635,379,2181,869,486,0.183643342190729,0.629254163649529,0.0962376237623762,0.888529411764706,0.813235294117647
119,3409,3035,374,2774,635,3399,625,1386,870,289,2167,212,5108,4590,518,166,15.7072806728922,3.5703292776102,1.25044492206947,4.63540289788962,625,635,374,2167,870,518,0.183877611062077,0.627705627705628,0.101409553641347,0.890290407744207,0.813728366089762
120,3428,3037,391,2800,628,3406,606,1385,862,290,2183,215,5119,4602,517,165,15.7683875233085,3.58891343148573,1.25104871147661,4.64716652580397,606,628,391,2183,862,517,0.177921315325895,0.622382671480144,0.100996288337566,0.885939323220537,0.816802800466744
121,3442,3012,430,2813,629,3419,606,1386,855,294,2280,224,5173,4620,553,161,15.8052257634103,3.60623425068811,1.25182019740588,4.63934111248038,606,629,430,2280,855,553,0.177244808423516,0.616883116883117,0.106901217861976,0.875072632190587,0.81725740848344
122,3453,3067,386,2815,638,3427,612,1391,854,294,2225,217,5192,4593,599,147,15.8710654506905,3.62010056548724,1.2527966460429,4.67042145652309,612,638,386,2225,854,599,0.17858185001459,0.613946800862689,0.115369799691834,0.888213147987257,0.815233130611063
123,3465,3086,379,2824,641,3440,616,1394,847,298,2278,222,5286,4691,595,155,15.963241183679,3.63391421035726,1.25534630293333,4.67077180723753,616,641,379,2278,847,595,0.17906976744186,0.607604017216643,0.112561483163072,0.890620490620491,0.815007215007215
124,3475,3116,359,2832,643,3452,620,1400,848,300,2284,225,5298,4776,522,165,16.0348671557247,3.64978943884147,1.25827411929314,4.67920447832624,620,643,359,2284,848,522,0.179606025492468,0.605714285714286,0.0985277463193658,0.896690647482014,0.814964028776978
125,3485,3123,362,2856,629,3465,609,1401,835,306,2385,232,5340,4833,507,173,16.1027018271328,3.66521251802681,1.26591063745469,4.68393436490378,609,629,362,2385,835,507,0.175757575757576,0.596002855103497,0.0949438202247191,0.896126255380201,0.819512195121951
126,3496,3124,372,2875,621,3479,604,1403,844,292,2132,221,5392,4840,552,163,16.1738192048674,3.68378464703451,1.26239986790919,4.66663426463009,604,621,372,2132,844,552,0.173613107214717,0.601568068424804,0.102373887240356,0.893592677345538,0.822368421052632
127,3512,3146,366,2883,629,3494,611,1403,832,299,2236,232,5405,4863,542,164,16.2384099625199,3.7016006970595,1.26494463368688,4.68963761263624,611,629,366,2236,832,542,0.174871207784774,0.593014967925873,0.100277520814061,0.895785876993166,0.820899772209567
128,3525,3115,410,2901,624,3511,610,1405,833,295,2195,228,5464,4954,510,177,16.2879084003436,3.71802447333812,1.26355424692265,4.6798656223478,610,624,410,2195,833,510,0.173739675306181,0.59288256227758,0.0933382137628111,0.883687943262411,0.822978723404255
129,3536,3135,401,2884,652,3527,643,1409,821,299,2247,219,5477,4923,554,160,16.3450696505804,3.73154244423071,1.26587920395941,4.70478432020771,643,652,401,2247,821,554,0.182307910405444,0.582682753726047,0.101150264743473,0.886595022624434,0.815610859728507
130,3546,3140,406,2886,660,3539,653,1410,815,301,2278,224,5538,4986,552,162,16.4009849501971,3.74618653779059,1.26687709774218,4.69636864194942,653,660,406,2278,815,552,0.184515399830461,0.578014184397163,0.0996749729144095,0.885504794134236,0.813874788494078
131,3561,3119,442,2912,649,3552,640,1407,815,301,2299,227,5561,5056,505,166,16.4670774110939,3.76090740181549,1.26838330438177,4.69628742438342,640,649,442,2299,815,505,0.18018018018018,0.579246624022743,0.0908110052148894,0.875877562482449,0.817747823645044
132,3572,3125,447,2930,642,3558,628,1409,812,300,2275,219,5561,5022,539,170,16.5212139807083,3.77768200750939,1.2694861400532,4.69543198176674,628,642,447,2275,812,539,0.176503653738055,0.576295244854507,0.096925013486783,0.874860022396417,0.82026875699888
133,3583,3134,449,2923,660,3581,658,1413,808,299,2248,225,5616,5039,577,163,16.5810940606038,3.7913073832548,1.26951754539096,4.69820182926884,658,660,449,2248,808,577,0.18374755654845,0.571832979476292,0.102742165242165,0.874686017303935,0.81579681830868
134,3596,3171,425,2951,645,3593,642,1414,801,305,2319,231,5649,5134,515,179,16.656492266122,3.8068507412541,1.27194351513458,4.68982586899028,642,645,425,2319,801,515,0.178680768160312,0.566478076379066,0.0911665781554257,0.881813125695217,0.8206340378198
135,3604,3179,425,2965,639,3603,638,1414,793,304,2293,234,5724,5190,534,174,16.7566292008509,3.82427207208571,1.27449836079421,4.70078393944494,638,639,425,2293,793,534,0.177074660005551,0.560820367751061,0.0932914046121593,0.882075471698113,0.822697003329634
136,3618,3187,431,2995,623,3620,625,1417,785,305,2303,226,5766,5213,553,174,16.8292763276794,3.84527449794302,1.27778705765096,4.71381499189017,625,623,431,2303,785,553,0.172651933701657,0.553987297106563,0.0959070412764481,0.880873410724157,0.827805417357656
137,3626,3204,422,3003,623,3635,632,1420,784,307,2322,231,5813,5256,557,172,16.9190555110595,3.8609782175499,1.27984782924711,4.7027848087309,632,623,422,2322,784,557,0.173865199449794,0.552112676056338,0.095819714433167,0.883618312189741,0.828185328185328
138,3636,3234,402,3010,626,3649,639,1423,783,307,2292,235,5801,5291,510,181,17.002849295884,3.87413746531658,1.28297962550194,4.71680638710722,639,626,402,2292,783,510,0.175116470265826,0.55024595924104,0.0879158765730046,0.88943894389439,0.827832783278328
139,3649,3251,398,3025,624,3660,635,1426,779,307,2275,221,5826,5348,478,185,17.0802986086374,3.88991882431012,1.28585491797975,4.74977899151884,635,624,398,2275,779,478,0.173497267759563,0.546283309957924,0.0820460006865774,0.890929021649767,0.82899424499863
140,3661,3280,381,3041,620,3673,632,1426,772,308,2264,225,5856,5444,412,205,17.1393200964809,3.90545637893721,1.29039267795458,4.74296038695757,632,620,381,2264,772,412,0.172066430710591,0.541374474053296,0.0703551912568306,0.895930073750341,0.830647364108167
141,3669,3343,326,3068,601,3689,621,1428,771,309,2219,222,5931,5485,446,205,17.2052083162165,3.92448278668611,1.29190544375087,4.74142702588434,621,601,326,2219,771,446,0.168338303063161,0.539915966386555,0.075198111616928,0.911147451621695,0.836195148541837
142,3688,3345,343,3072,616,3698,626,1434,770,310,2235,225,6024,5586,438,210,17.2861799088533,3.94412207653131,1.29394468785207,4.74826648779746,626,616,343,2235,770,438,0.16928069226609,0.536959553695955,0.0727091633466136,0.906995661605206,0.83297180043384
143,3693,3324,369,3109,584,3712,603,1438,771,309,2238,226,6067,5646,421,199,17.3219019769769,3.96492017013225,1.29436689483619,4.76879728526667,603,584,369,2238,771,421,0.162446120689655,0.536161335187761,0.0693917916597989,0.900081234768481,0.841862984023829
144,3709,3348,361,3101,608,3728,627,1442,762,317,2358,235,6091,5598,493,190,17.4150418298794,3.98065963880787,1.29776926419567,4.78809385102631,627,608,361,2358,762,493,0.16818669527897,0.528432732316227,0.0809390904613364,0.902669183068212,0.836074413588568
145,3723,3361,362,3128,595,3739,611,1444,758,316,2327,231,6143,5666,477,198,17.4907079283447,3.9981154241483,1.29943844520794,4.80685355410134,611,595,362,2327,758,477,0.163412677186413,0.524930747922438,0.0776493569916979,0.902766586086489,0.840182648401826
146,3734,3345,389,3139,595,3750,611,1448,751,322,2451,247,6198,5710,488,189,17.5796989845505,4.01699593766487,1.30425726005876,4.82505410524862,611,595,389,2451,751,488,0.162933333333333,0.518646408839779,0.0787350758309132,0.895822174611676,0.840653454740225
147,3751,3361,390,3146,605,3767,621,1446,756,313,2273,234,6190,5669,521,197,17.6715374403649,4.03774908807774,1.30188449009733,4.8432952225214,621,605,390,2273,756,521,0.164852667905495,0.522821576763486,0.0841680129240711,0.89602772593975,0.838709677419355
148,3762,3400,362,3173,589,3788,615,1447,746,317,2306,235,6209,5749,460,204,17.7665849291529,4.05824386227048,1.30321749694205,4.85534789705633,615,589,362,2306,746,460,0.162354804646251,0.515549412577747,0.0740860041874698,0.903774587985114,0.843434343434343
149,3772,3423,349,3200,572,3803,603,1449,735,321,2355,239,6283,5880,403,203,17.8520887671155,4.08178099343392,1.30828458970503,4.86002957509923,603,572,349,2355,735,403,0.158559032342887,0.507246376811594,0.064141333757759,0.907476139978791,0.848356309650053
150,3781,3408,373,3211,570,3817,606,1454,740,315,2262,235,6372,5949,423,207,17.9056861000454,4.1029621429343,1.30837379895884,4.87083734489532,606,570,373,2262,740,423,0.158763426774954,0.508940852819807,0.0663841807909605,0.901348849510711,0.849246231155779
151,3791,3427,364,3226,565,3835,609,1454,730,321,2351,236,6384,5921,463,205,17.9747520287266,4.12269745473587,1.31162660584643,4.90024077900931,609,565,364,2351,730,463,0.158800521512386,0.502063273727648,0.0725250626566416,0.903983117910842,0.850962806647323
152,3806,3455,351,3251,555,3849,598,1454,734,322,2341,234,6419,5928,491,198,18.0294576356127,4.14313250784069,1.31179665822399,4.88434530765115,598,555,351,2341,734,491,0.15536502987789,0.504814305364512,0.0764916653684374,0.907777193904362,0.854177614293221
153,3819,3459,360,3260,559,3856,596,1461,739,321,2319,226,6482,5955,527,189,18.0929557558451,4.16248677710703,1.31249885806552,4.89532791397621,596,559,360,2319,739,527,0.154564315352697,0.505817932922656,0.0813020672631904,0.9057344854674,0.85362660382299
154,3827,3428,399,3262,565,3868,606,1464,742,314,2224,222,6521,6008,513,184,18.1463129038091,4.17654464866135,1.30877376746666,4.90442619438848,606,565,399,2224,742,513,0.156670113753878,0.506830601092896,0.0786689158104585,0.895740789129867,0.852364776587405
155,3836,3437,399,3250,586,3881,631,1467,732,319,2305,225,6517,5957,560,183,18.2344278230654,4.18917332586496,1.30990282559468,4.92366917373595,631,586,399,2305,732,560,0.162586962123164,0.498977505112474,0.0859291084854995,0.895985401459854,0.847236704900938
156,3852,3450,402,3258,594,3891,633,1470,720,322,2346,230,6552,5998,554,195,18.3117948455942,4.20379396931265,1.31176710999634,4.93733131474494,633,594,402,2346,720,554,0.162683114880493,0.489795918367347,0.0845543345543346,0.895638629283489,0.845794392523365
157,3870,3419,451,3271,599,3906,635,1465,696,331,2539,249,6599,6063,536,190,18.3772415874975,4.22182161160126,1.32091297681131,4.9590328435748,635,599,451,2539,696,536,0.162570404505888,0.475085324232082,0.0812244279436278,0.883462532299742,0.845219638242894
158,3884,3457,427,3265,619,3920,655,1469,695,329,2465,242,6624,6030,594,192,18.4896101171178,4.23803934322106,1.32422327164217,4.95581905991194,655,619,427,2465,695,594,0.167091836734694,0.473110959836624,0.0896739130434783,0.890061791967044,0.840628218331617
159,3889,3498,391,3285,604,3934,649,1472,696,324,2334,230,6669,6138,531,195,18.5594767971198,4.25502903356229,1.32626049402902,4.98790628187707,649,604,391,2334,696,531,0.164972038637519,0.472826086956522,0.0796221322537112,0.899460015428131,0.844690151709951
160,3901,3519,382,3313,588,3951,638,1474,693,328,2385,228,6756,6223,533,198,18.6022963991683,4.27545984166024,1.32940939549053,4.99495468913912,638,588,382,2385,693,533,0.161478106808403,0.470149253731343,0.0788928359976317,0.902076390669059,0.849269418097924
161,3912,3521,391,3318,594,3964,646,1475,694,325,2329,226,6842,6256,586,191,18.6598217021598,4.29777724015154,1.32847992382566,4.9972955540544,646,594,391,2329,694,586,0.162966700302725,0.470508474576271,0.0856474714995615,0.900051124744376,0.848159509202454
162,3932,3532,400,3317,615,3982,665,1477,698,321,2246,230,6908,6305,603,179,18.738796391129,4.31249192701023,1.32452554483809,5.00197723345169,665,615,400,2246,698,603,0.167001506780512,0.472579553148274,0.0872900984365953,0.898270600203459,0.843591047812818
163,3941,3528,413,3333,608,3997,664,1479,691,326,2340,243,6945,6337,608,187,18.8241925913995,4.32694823518446,1.32405651779305,5.00113897164611,664,608,413,2340,691,608,0.166124593445084,0.467207572684246,0.087544996400288,0.895204262877442,0.845724435422482
164,3950,3491,459,3333,617,4016,683,1480,685,327,2395,242,6951,6342,609,191,18.8908099016189,4.34211671252793,1.32499316875035,5.02842687347658,683,617,459,2395,685,609,0.170069721115538,0.462837837837838,0.0876132930513595,0.88379746835443,0.84379746835443
165,3962,3538,424,3342,620,4028,686,1485,678,335,2492,251,6947,6301,646,171,18.9969546102548,4.35570444771059,1.32919613501201,5.01826045428438,686,620,424,2492,678,646,0.170307845084409,0.456565656565657,0.0929897797610479,0.892983341746593,0.843513377082282
166,3980,3537,443,3345,635,4035,690,1488,694,325,2313,233,6986,6425,561,186,19.1063380940762,4.37072136491517,1.32703195468443,5.03005344847436,690,635,443,2313,694,561,0.171003717472119,0.466397849462366,0.0803034640709991,0.888693467336683,0.840452261306533
167,3992,3539,453,3342,650,4048,706,1489,691,323,2275,224,6966,6491,475,200,19.163558979815,4.38448538096677,1.32438909064979,5.03914514183674,706,650,453,2275,691,475,0.174407114624506,0.464069845533915,0.0681883433821418,0.886523046092184,0.837174348697395
168,4000,3602,398,3365,635,4059,694,1490,688,324,2230,228,6998,6537,461,212,19.2634457002394,4.40100068287916,1.32510727319173,5.03848253166957,694,635,398,2230,688,461,0.170978073417098,0.461744966442953,0.0658759645613032,0.9005,0.84125
169,4009,3610,399,3385,624,4072,687,1497,682,331,2348,236,7101,6665,436,215,19.34682846279,4.41351697287026,1.32941170818721,5.04837300678974,687,624,399,2348,682,436,0.168713163064833,0.455577822311289,0.0613998028446698,0.900473933649289,0.844350212022948
170,4015,3634,381,3423,592,4086,663,1497,676,331,2324,230,7101,6686,415,219,19.4107526721157,4.43158932129379,1.33215038319295,5.0674943671806,663,592,381,2324,676,415,0.162261380323054,0.451569806279225,0.0584424728911421,0.905105853051059,0.852552926525529
171,4026,3649,377,3429,597,4096,667,1498,662,339,2453,242,7159,6757,402,215,19.4744525087375,4.45126412141188,1.33997002981645,5.08659756221049,667,597,377,2453,662,402,0.162841796875,0.441922563417891,0.056153094007543,0.906358668653751,0.851713859910581
172,4043,3660,383,3422,621,4107,685,1501,689,323,2154,229,7236,6766,470,211,19.5284589326868,4.46683334630526,1.33445939230401,5.08236485177127,685,621,383,2154,689,470,0.166788410031653,0.459027315123251,0.0649530127142067,0.905268365075439,0.8464011872372
173,4055,3680,375,3440,615,4115,675,1509,696,320,2080,216,7254,6810,444,208,19.6181806318154,4.48073273073321,1.32799840215038,5.10023376413764,675,615,375,2080,696,444,0.164034021871203,0.461232604373757,0.0612076095947064,0.907521578298397,0.848335388409371
174,4070,3673,397,3465,605,4132,667,1513,680,328,2231,223,7303,6877,426,218,19.7177164063304,4.49739949441903,1.32853063249395,5.11770873728958,667,605,397,2231,680,426,0.161423039690223,0.449438202247191,0.0583321922497604,0.902457002457002,0.851351351351351
175,4078,3689,389,3469,609,4145,676,1513,678,327,2197,222,7277,6854,423,221,19.8064366570641,4.50941690669448,1.32857360890916,5.13020069921348,676,609,389,2197,678,423,0.163088057901086,0.448116325181758,0.0581283495946132,0.904610102991663,0.850662089259441
176,4085,3735,350,3507,578,4155,648,1517,685,326,2133,220,7296,6893,403,228,19.8825135562901,4.53160343221878,1.32739950603874,5.13355670097779,648,578,350,2133,685,403,0.155956678700361,0.451549110085695,0.0552357456140351,0.914320685434517,0.858506731946144
177,4094,3736,358,3519,575,4166,647,1518,680,323,2078,224,7388,6962,426,218,19.9667642457064,4.55829435272426,1.3261894955556,5.1682787873314,647,575,358,2078,680,426,0.155304848775804,0.447957839262187,0.0576610720086627,0.912554958475818,0.859550561797753
178,4110,3712,398,3535,575,4181,646,1524,681,323,2102,227,7378,7021,357,226,20.0445851230367,4.58538466713311,1.32588007361729,5.18553778992006,646,575,398,2102,681,357,0.154508490791677,0.446850393700787,0.0483870967741935,0.90316301703163,0.860097323600973
179,4132,3783,349,3559,573,4194,635,1526,671,327,2103,225,7394,6999,395,214,20.1405656139578,4.60951168032754,1.33031606992634,5.20311833223844,635,573,349,2103,671,395,0.151406771578445,0.439711664482307,0.0534216932648093,0.915537270087125,0.861326234269119
180,4147,3797,350,3567,580,4210,643,1530,682,323,2017,219,7509,7086,423,216,20.1985202191684,4.63266025860301,1.32974118299608,5.20111963997052,643,580,350,2017,682,423,0.152731591448931,0.445751633986928,0.0563324011186576,0.915601639739571,0.86013986013986
181,4164,3802,362,3565,599,4218,653,1536,689,316,1886,202,7537,7141,396,222,20.2669333131317,4.65191909469631,1.32512593717079,5.23499608783855,653,599,362,1886,689,396,0.154812707444286,0.448567708333333,0.0525407987262837,0.913064361191162,0.856147934678194
182,4177,3769,408,3568,609,4234,666,1539,673,325,2081,223,7526,7110,416,215,20.3198884626829,4.66761210433589,1.32919891574668,5.23336473723941,666,609,408,2081,673,416,0.157298063297119,0.437296946068876,0.0552750465054478,0.90232224084271,0.854201580081398
183,4195,3811,384,3574,621,4241,667,1544,672,322,1985,214,7526,7083,443,200,20.410248599181,4.67897433422044,1.32919831191283,5.25993577560918,667,621,384,1985,672,443,0.157274227776468,0.435233160621762,0.058862609619984,0.908462455303933,0.85196662693683
184,4209,3846,363,3597,612,4256,659,1545,662,327,2040,212,7589,7188,401,212,20.4693928055061,4.6946779835288,1.33243350636234,5.26720816555315,659,612,363,2040,662,401,0.15484022556391,0.428478964401295,0.0528396363157201,0.91375623663578,0.854597291518175
185,4222,3884,338,3617,605,4273,656,1547,653,331,2074,209,7645,7236,409,216,20.5417080033863,4.71526070082594,1.33791513890387,5.28281670954515,656,605,338,2074,653,409,0.153522115609642,0.422107304460246,0.0534990189666449,0.91994315490289,0.856702984367598
186,4232,3887,345,3644,588,4286,642,1551,649,328,2017,202,7694,7363,331,236,20.6109194302999,4.73699779331193,1.34085841641955,5.28254491836063,642,588,345,2017,649,331,0.149790013999067,0.418439716312057,0.0430205354821939,0.918478260869565,0.861058601134216
187,4245,3922,323,3654,591,4299,645,1552,641,336,2126,207,7735,7334,401,223,20.6637965167833,4.75802351510676,1.34639891274749,5.31013348999559,645,591,323,2126,641,401,0.150034891835311,0.413015463917526,0.0518422753716871,0.923910482921084,0.860777385159011
188,4253,3904,349,3665,588,4316,651,1556,651,331,2054,213,7798,7415,383,227,20.7243168649479,4.77845908936088,1.34630517465009,5.32508434861086,651,588,349,2054,651,383,0.150834105653383,0.418380462724936,0.049115157732752,0.917940277451211,0.861744650834705
189,4264,3947,317,3679,585,4332,653,1560,656,332,2029,212,7783,7447,336,223,20.7592388635467,4.79853046941911,1.3479971674806,5.33120529848088,653,585,317,2029,656,336,0.150738688827331,0.42051282051282,0.0431710137479121,0.925656660412758,0.86280487804878
190,4273,3940,333,3703,570,4345,642,1568,662,326,1928,207,7902,7515,387,225,20.8206633090883,4.82353543699612,1.34393939142163,5.3527482741568,642,570,333,1928,662,387,0.147756041426927,0.42219387755102,0.0489749430523918,0.922068804118886,0.866604259302598
191,4288,3922,366,3711,577,4354,643,1570,650,330,2018,212,7925,7474,451,232,20.8744102274739,4.84380516501434,1.3440320673872,5.37245305008325,643,577,366,2018,650,451,0.147680293982545,0.414012738853503,0.0569085173501577,0.91464552238806,0.865438432835821
192,4299,3957,342,3725,574,4367,642,1572,649,329,1965,214,7946,7417,529,215,20.9307344885998,4.86792788861207,1.34326207555294,5.40285625327807,642,574,342,1965,649,529,0.147011678497825,0.412849872773537,0.0665743770450541,0.920446615491975,0.866480576878344
193,4305,3990,315,3727,578,4380,653,1576,639,332,1986,197,8035,7497,538,213,21.0045523921529,4.88938575414192,1.34470214130326,5.4057689884215,653,578,315,1986,639,538,0.149086757990868,0.405456852791878,0.0669570628500311,0.926829268292683,0.865737514518002
194,4319,3988,331,3744,575,4396,652,1578,635,331,1970,206,8083,7576,507,223,21.0795460694599,4.91108587672456,1.34619879900162,5.41338888616642,652,575,331,1970,635,507,0.148316651501365,0.402408111533587,0.0627242360509712,0.923361889326233,0.866867330400556
195,4334,3996,338,3770,564,4415,645,1573,621,331,1962,209,8093,7607,486,220,21.1153386792372,4.9366540572802,1.34853793303162,5.41829208112116,645,564,338,1962,621,486,0.146092865232163,0.394787031150667,0.0600518967008526,0.92201199815413,0.869866174434702
196,4347,4014,333,3772,575,4430,658,1577,612,336,2034,210,8192,7650,542,211,21.1969875061033,4.95706012261769,1.3538173286654,5.44791847083014,658,575,333,2034,612,542,0.148532731376975,0.388078630310717,0.066162109375,0.923395445134576,0.867724867724868
197,4362,4021,341,3781,581,4440,659,1578,608,335,2009,206,8211,7726,485,222,21.2455444028277,4.97712459244279,1.35725712619145,5.44145494868623,659,581,341,2009,608,485,0.148423423423423,0.385297845373891,0.0590671051029107,0.921824850985786,0.86680421824851
198,4374,4025,349,3781,593,4445,664,1583,610,334,1987,207,8255,7737,518,205,21.3226081421412,4.9920072927667,1.35839411468259,5.47119956810784,664,593,349,1987,610,518,0.149381327334083,0.385344283006949,0.0627498485766202,0.920210333790581,0.864426154549611
199,4386,4069,317,3805,581,4456,651,1586,607,332,1907,201,8280,7774,506,208,21.4064805604241,5.01548167859789,1.35971406427433,5.4790157484077,651,581,317,1907,607,506,0.146095152603232,0.382723833543506,0.0611111111111111,0.927724578203374,0.867533059735522
200,4397,4082,315,3809,588,4464,655,1585,599,333,1912,205,8340,7893,447,228,21.4739298016288,5.03656619056966,1.36140325958218,5.48468773442996,655,588,315,1912,599,447,0.146729390681004,0.377917981072555,0.0535971223021583,0.928360245622015,0.866272458494428
201,4406,4089,317,3824,582,4470,646,1590,597,335,1941,208,8396,7902,494,211,21.5603315323867,5.05999380488536,1.36102462544304,5.48100069252182,646,582,317,1941,597,494,0.144519015659955,0.375471698113208,0.0588375416865174,0.928052655469814,0.867907399001362
202,4416,4069,347,3831,585,4486,655,1594,601,329,1853,199,8380,7949,431,228,21.6051141426908,5.08048877231102,1.35907231733241,5.50693889915294,655,585,347,1853,601,431,0.146009808292465,0.377038895859473,0.0514319809069212,0.921422101449275,0.867527173913043
203,4431,4056,375,3815,616,4493,678,1598,608,326,1812,202,8355,7882,473,217,21.6795054382726,5.09587081389111,1.35510036655344,5.51949315864039,678,616,375,1812,608,473,0.150901402181171,0.380475594493116,0.0566128067025733,0.915368991198375,0.860979462875197
204,4445,4077,368,3816,629,4503,687,1600,594,334,1935,209,8356,7874,482,215,21.7695538458079,5.11411766821188,1.35934140689314,5.5276254033857,687,629,368,1935,594,482,0.152564956695536,0.37125,0.0576831019626616,0.917210348706412,0.858492688413948
205,4460,4109,351,3829,631,4511,682,1606,604,323,1705,182,8378,7940,438,224,21.8109207030803,5.13328599801233,1.355477703187,5.5690021224366,682,631,351,1705,604,438,0.151185989802705,0.376089663760897,0.0522797803771783,0.921300448430493,0.858520179372197
206,4473,4140,333,3847,626,4526,679,1605,590,335,1890,196,8422,8033,389,234,21.8637408277712,5.15123455452252,1.35991051555455,5.55196046317178,679,626,333,1890,590,389,0.150022094564737,0.367601246105919,0.0461885537876989,0.925553319919517,0.860049183992846
207,4482,4173,309,3871,611,4536,665,1609,593,333,1821,196,8492,8110,382,238,21.9132895305238,5.17478881734476,1.361503517306,5.58133989816022,665,611,309,1821,593,382,0.146604938271605,0.368551895587321,0.044983513895431,0.931057563587684,0.86367692994199
208,4500,4179,321,3896,604,4544,648,1611,600,324,1653,186,8566,8116,450,223,21.9866578250574,5.19394490606905,1.35604199160839,5.62535392874042,648,604,321,1653,600,450,0.142605633802817,0.37243947858473,0.0525332710716787,0.928666666666667,0.865777777777778
209,4508,4182,326,3918,590,4557,639,1614,589,333,1812,192,8583,8128,455,225,22.0577102484535,5.21842327756292,1.35708353439448,5.61940526544919,639,590,326,1812,589,455,0.140223831468071,0.364931846344486,0.0530117674472795,0.927684117125111,0.869121561668145
210,4520,4203,317,3930,590,4568,638,1619,585,336,1845,187,8648,8146,502,224,22.1060214702659,5.24252303066404,1.3564022449574,5.62839325905882,638,590,317,1845,585,502,0.139667250437828,0.361334156886967,0.0580481036077706,0.929867256637168,0.869469026548673
211,4544,4212,332,3946,598,4584,638,1623,587,336,1836,196,8698,8201,497,225,22.174648051448,5.26346807540728,1.35486236557778,5.64323642502667,638,598,332,1836,587,497,0.139179755671902,0.361675908810844,0.0571395723154748,0.92693661971831,0.868397887323944
212,4553,4226,327,3945,608,4591,646,1625,588,339,1876,204,8703,8201,502,215,22.2309438369511,5.28034706088178,1.35783451306103,5.64622742033375,646,608,327,1876,588,502,0.140710084948813,0.361846153846154,0.0576812593358612,0.928179222490666,0.866461673621788
213,4565,4252,313,3954,611,4605,651,1626,581,335,1778,191,8737,8298,439,233,22.2937905585805,5.30079928160723,1.35766225358966,5.66058069788994,651,611,313,1778,581,439,0.141368078175896,0.357318573185732,0.0502460798901225,0.931434830230011,0.866155531215772
214,4584,4280,304,3974,610,4618,644,1629,574,340,1840,183,8811,8387,424,238,22.3484904179577,5.32237073729612,1.36086201567011,5.66427026980541,644,610,304,1840,574,424,0.139454309224773,0.352363413136894,0.0481216660991942,0.933682373472949,0.866928446771379
215,4600,4308,292,4002,598,4629,627,1632,572,343,1866,178,8821,8393,428,232,22.3856331794034,5.34674754905407,1.36474449921098,5.67114064024127,627,598,292,1866,572,428,0.135450421257291,0.350490196078431,0.0485205758984242,0.936521739130435,0.87
216,4610,4307,303,4009,601,4638,629,1634,579,333,1687,168,8883,8431,452,238,22.4436421617248,5.3734467609332,1.36301075648032,5.71002321567241,629,601,303,1687,579,452,0.135618801207417,0.354345165238678,0.0508837104581785,0.934273318872017,0.869631236442516
217,4619,4297,322,4012,607,4646,634,1638,565,337,1769,171,8909,8433,476,231,22.49118366006,5.39685542355643,1.36652186275693,5.7335311359866,634,607,322,1769,565,476,0.13646147223418,0.344932844932845,0.053429116623639,0.930287941112795,0.8685862740853
218,4631,4300,331,4013,618,4663,650,1647,554,347,1946,191,8963,8420,543,228,22.4868478963212,5.41665278561451,1.37507183199701,5.72182730741369,650,618,331,1946,554,543,0.139395239116449,0.336369156041287,0.0605823942876269,0.92852515655366,0.866551500755776
219,4641,4319,322,4000,641,4674,674,1649,557,340,1801,187,9028,8427,601,223,22.5526765686018,5.4274180738932,1.374049354437,5.77669604333562,674,641,322,1801,557,601,0.144201968335473,0.337780473013948,0.0665706690296854,0.930618401206637,0.861883214824391
220,4648,4338,310,4021,627,4684,663,1658,553,352,1998,192,9046,8469,577,216,22.5828968120155,5.44416843164348,1.38005306477055,5.74157786500633,663,627,310,1998,553,577,0.141545687446627,0.333534378769602,0.063785098386027,0.933304647160069,0.865103270223752
221,4656,4360,296,4033,623,4701,668,1661,556,348,1904,193,9103,8525,578,217,22.6269110108101,5.46432437060695,1.38097136006335,5.76364833964106,668,623,296,1904,556,578,0.142097426079558,0.334738109572547,0.06349555091728,0.936426116838488,0.866194158075601
222,4665,4377,288,4053,612,4718,665,1662,541,355,2013,198,9156,8559,597,222,22.6658763591066,5.48446980087151,1.3857070559889,5.77213650033999,665,612,288,2013,541,597,0.140949554896142,0.325511432009627,0.0652031454783748,0.938263665594855,0.868810289389068
223,4677,4379,298,4040,637,4730,690,1669,544,353,1975,205,9196,8577,619,219,22.711544335775,5.49931417171151,1.38906683198,5.78876610578708,690,637,298,1975,544,619,0.145877378435518,0.325943678849611,0.0673118747281427,0.936283942698311,0.863801582210819
224,4685,4400,285,4053,632,4746,693,1669,543,345,1810,193,9227,8622,605,220,22.7849923634887,5.51155143283236,1.38610691016626,5.81418687310634,693,632,285,1810,543,605,0.146017699115044,0.325344517675255,0.0655684404465157,0.939167556029883,0.865101387406617
225,4696,4432,264,4078,618,4758,680,1674,550,340,1688,180,9308,8716,592,218,22.8115537627952,5.52545863755236,1.38359212595477,5.81885022678891,680,618,264,1688,550,592,0.14291719209752,0.328554360812425,0.0636012032660077,0.943781942078365,0.86839863713799
226,4706,4384,322,4084,622,4777,693,1680,541,349,1898,202,9375,8769,606,219,22.828752697925,5.53815688591624,1.38524965680606,5.81063785465361,693,622,322,1898,541,606,0.145070127695206,0.32202380952381,0.06464,0.931576710582235,0.867828304292393
227,4715,4393,322,4096,619,4790,694,1684,541,342,1763,201,9337,8675,662,201,22.872989120515,5.55171871586987,1.38395914156837,5.84574259835315,694,619,322,1763,541,662,0.144885177453027,0.32125890736342,0.0709007175752383,0.931707317073171,0.868716861081654
228,4732,4384,348,4086,646,4801,715,1690,534,348,1880,203,9413,8703,710,208,22.9202991349005,5.56695931180246,1.38622638933511,5.82267831732686,715,646,348,1880,534,710,0.148927306811081,0.315976331360947,0.0754276001274833,0.926458157227388,0.863482671174979
229,4746,4393,353,4097,649,4822,725,1694,538,345,1817,207,9462,8719,743,208,22.9912619933865,5.57403304075838,1.38626483099235,5.85343580396363,725,649,353,1817,538,743,0.150352550808793,0.317591499409681,0.0785246248150497,0.925621576064054,0.863253265908133
230,4758,4426,332,4110,648,4838,728,1695,527,352,1910,215,9531,8789,742,204,23.0521456425646,5.58281850983037,1.38964609551573,5.85048320403774,728,648,332,1910,527,742,0.150475403059115,0.310914454277286,0.077851222327143,0.930222782681799,0.863808322824716
231,4774,4432,342,4131,643,4852,721,1706,536,348,1832,198,9564,8852,712,221,23.107045441898,5.59810101639506,1.39089041664952,5.86974058222558,721,643,342,1832,536,712,0.148598516075845,0.314185228604924,0.0744458385612714,0.928361960620025,0.865312107247591
232,4780,4457,323,4143,637,4865,722,1709,525,352,1879,200,9617,8864,753,220,23.143479037651,5.61271336128956,1.39617434898401,5.85219701586219,722,637,323,1879,525,753,0.148406988694758,0.307197191339965,0.0782988457939066,0.932426778242678,0.86673640167364
233,4797,4459,338,4157,640,4878,721,1717,537,347,1787,190,9703,8914,789,211,23.1928074632889,5.62858498870473,1.39817909754273,5.88875567531787,721,640,338,1787,537,789,0.147806478064781,0.312754804892254,0.0813150571988045,0.929539295392954,0.866583281217428
234,4809,4481,328,4172,637,4890,718,1718,536,344,1711,191,9724,8929,795,206,23.2127550502683,5.6450597185986,1.3950447802484,5.89634211724839,718,637,328,1711,536,795,0.146830265848671,0.311990686845169,0.0817564788153023,0.931794551881888,0.867540029112082
235,4819,4510,309,4191,628,4914,723,1722,517,355,1880,210,9755,9020,735,220,23.2833605844307,5.66446485991008,1.40289315755228,5.87664592226562,723,628,309,1880,517,735,0.147130647130647,0.300232288037166,0.0753459764223475,0.935878813031749,0.869682506744138
236,4828,4493,335,4201,627,4931,730,1733,518,356,1915,206,9825,9098,727,221,23.3214857184021,5.67568126204371,1.40871334379071,5.88897148810674,730,627,335,1915,518,727,0.148042993307646,0.298903635314484,0.0739949109414758,0.930613090306545,0.87013256006628
237,4839,4486,353,4197,642,4945,748,1738,511,357,1940,212,9791,9097,694,222,23.3386317219445,5.68600374152611,1.4160642218546,5.88124850067394,748,642,353,1940,511,694,0.151263902932255,0.294016110471807,0.0708814217138188,0.92705104360405,0.867327960322381
238,4848,4497,351,4229,619,4957,728,1745,500,362,2019,216,9870,9061,809,202,23.3954934283504,5.70223113644478,1.42450967274081,5.88573222931258,728,619,351,2019,500,809,0.146863021989106,0.286532951289398,0.0819655521783181,0.92759900990099,0.872318481848185
239,4864,4507,357,4229,635,4969,740,1750,503,359,1955,218,9896,9077,819,201,23.4441782449504,5.7098825270844,1.42504256386765,5.90215819208787,740,635,357,1955,503,819,0.148923324612598,0.287428571428571,0.0827607113985449,0.926603618421053,0.869449013157895
240,4877,4497,380,4239,638,4982,743,1754,502,355,1893,212,9991,9136,855,205,23.4929235505845,5.72133847899544,1.42342562801888,5.91357015824101,743,638,380,1893,502,855,0.149136892814131,0.286202964652224,0.0855770193173856,0.922083247898298,0.869181874102932
241,4887,4527,360,4247,640,4986,739,1762,522,352,1809,203,9998,9172,826,214,23.5498315814085,5.73171792884859,1.41928004862621,5.92373683897253,739,640,360,1809,522,826,0.148215002005616,0.296254256526674,0.0826165233046609,0.92633517495396,0.869040311029261
242,4893,4513,380,4270,623,4999,729,1768,525,352,1823,196,10066,9272,794,217,23.6197510489224,5.74488358673822,1.41651396776073,5.91497901069533,729,623,380,1823,525,794,0.145829165833167,0.296945701357466,0.0788793959864892,0.922338033926017,0.872675250357654
243,4904,4529,375,4266,638,5012,746,1777,529,350,1771,190,10071,9240,831,207,23.6372852344382,5.75485865112719,1.41280648617498,5.93271317456411,746,638,375,1771,529,831,0.148842777334397,0.297692740574001,0.0825141495382782,0.923531810766721,0.869902120717781
244,4914,4550,364,4285,629,5021,736,1780,516,355,1840,199,10164,9276,888,203,23.6589989729052,5.76623331361912,1.4137968842178,5.91644726470837,736,629,364,1840,516,888,0.146584345747859,0.289887640449438,0.0873671782762692,0.925925925925926,0.871998371998372
245,4919,4548,371,4280,639,5037,757,1782,512,348,1716,194,10270,9347,923,195,23.7132436010685,5.7776052317394,1.41208426037801,5.94512311363848,757,639,371,1716,512,923,0.150287869763748,0.287317620650954,0.089873417721519,0.924578166293962,0.870095547875585
246,4931,4569,362,4294,637,5048,754,1787,505,352,1767,195,10279,9353,926,192,23.7521725941243,5.78973179357768,1.41189346852798,5.95532772270435,754,637,362,1767,505,926,0.149366085578447,0.282596530498041,0.0900865842980835,0.926586899209085,0.870817278442507
247,4950,4554,396,4309,641,5058,749,1792,499,355,1836,195,10353,9407,946,188,23.7584929026516,5.80689200166469,1.41704676874672,5.96110807280187,749,641,396,1836,499,946,0.148082245947015,0.278459821428571,0.0913744808268135,0.92,0.87050505050505
248,4962,4549,413,4319,643,5077,758,1798,503,352,1787,186,10405,9395,1010,194,23.7897892523227,5.81865709781956,1.41795433947096,5.95450668089772,758,643,413,1787,503,1010,0.149300768170179,0.279755283648498,0.0970687169629986,0.9167674324869,0.870415155179363
249,4972,4584,388,4331,641,5090,759,1799,493,353,1770,190,10421,9410,1011,190,23.8179436348575,5.8250568073355,1.41910058961785,5.96221346514231,759,641,388,1770,493,1011,0.149115913555992,0.274041133963313,0.0970156414931388,0.921962992759453,0.87107803700724
250,4982,4594,388,4333,649,5101,768,1810,491,357,1832,210,10545,9492,1053,190,23.8800949529926,5.82668631449486,1.42135307721822,5.96430827256463,768,649,388,1832,491,1053,0.150558713977651,0.271270718232044,0.0998577524893314,0.922119630670413,0.869731031714171
