productivity,io_density,entry_rate,found_prob,seed,firms_500,emp_rate_500,com_vac_500,com_rent_500,pop_500,firms_1000,emp_rate_1000,com_vac_1000,com_rent_1000,pop_1000,feasible
4.0,0.2,1.0,0.005,12,88,0.4026278742374472,0.6732860520094562,2.358824164632809,2131,48,0.4053333333333333,0.72900466562986,1.508813760313292,1125,false
5.5,0.2,1.0,0.005,12,85,0.4008036162732295,0.6816443594646272,2.29265116316974,1991,35,0.39232209737827717,0.721958925750395,1.3608862865336717,1068,false
7.0,0.2,1.0,0.005,12,62,0.3762769580022701,0.7311178247734139,2.221697688339644,1762,39,0.3873552983081033,0.7214461791290058,1.6083416246941187,1123,false
9.0,0.2,1.0,0.005,12,74,0.38650963597430404,0.7432638535841383,2.1389268670669503,1868,42,0.42262443438914027,0.7284518828451882,1.4114631401178082,1105,false
4.0,0.4,1.0,0.005,12,88,0.4026278742374472,0.6732860520094562,2.358824164632809,2131,48,0.4053333333333333,0.72900466562986,1.508813760313292,1125,false
5.5,0.4,1.0,0.005,12,85,0.4008036162732295,0.6816443594646272,2.29265116316974,1991,35,0.39232209737827717,0.721958925750395,1.3608862865336717,1068,false
7.0,0.4,1.0,0.005,12,62,0.3762769580022701,0.7311178247734139,2.221697688339644,1762,39,0.3873552983081033,0.7214461791290058,1.6083416246941187,1123,false
9.0,0.4,1.0,0.005,12,74,0.38650963597430404,0.7432638535841383,2.1389268670669503,1868,42,0.42262443438914027,0.7284518828451882,1.4114631401178082,1105,false
4.0,0.6,1.0,0.005,12,80,0.22887323943661972,0.7901719901719901,1.8086797485675934,1704,46,0.2716417910447761,0.8305084745762712,1.3756888544448147,1005,false
5.5,0.6,1.0,0.005,12,63,0.3247143716175586,0.7864424057084608,1.9949287624208034,1663,58,0.3383800151400454,0.7933304080737166,1.4870806686121927,1321,true
7.0,0.6,1.0,0.005,12,67,0.2996389891696751,0.8076109936575053,2.1382500791413026,1939,59,0.320265780730897,0.7958725886047555,1.7153126491543969,1505,true
9.0,0.6,1.0,0.005,12,76,0.34404145077720205,0.8007438894792773,2.15993874796944,1930,51,0.3125448028673835,0.8168685927306617,1.8497922691930393,1395,true
4.0,0.8,1.0,0.005,12,99,0.2855603448275862,0.7590480912245909,2.152881119680679,1856,47,0.2657952069716776,0.8409490333919156,1.431669515236166,918,false
5.5,0.8,1.0,0.005,12,62,0.25238898257448006,0.8170984455958549,1.934273712637603,1779,46,0.3093645484949833,0.8314298766560073,1.775940856265063,1196,false
7.0,0.8,1.0,0.005,12,71,0.32624544349939244,0.8189701897018971,2.082619728360126,1646,52,0.32860520094562645,0.8323185011709602,1.6469321405232704,1269,true
9.0,0.8,1.0,0.005,12,62,0.31512605042016806,0.836491608012994,2.195415346572527,1666,40,0.27531380753138074,0.8506894912030433,1.6207969005536886,1195,false
4.0,0.2,2.0,0.005,12,107,0.39707046714172606,0.6308193668528864,2.423706473937278,2526,52,0.4130006565988181,0.656158357771261,1.610568640883151,1523,true
5.5,0.2,2.0,0.005,12,88,0.3895274584929757,0.6437529029261495,2.5608842602270943,2349,59,0.4152892561983471,0.6549165120593692,1.6547511501638592,1452,true
7.0,0.2,2.0,0.005,12,78,0.37061929908785407,0.7098976109215017,2.412263840933901,2083,42,0.3927272727272727,0.69826224328594,1.4603424239213505,1375,false
9.0,0.2,2.0,0.005,12,67,0.31937984496124033,0.727318803852002,2.543636746837753,1935,42,0.37170263788968827,0.6990531082750103,1.5096933725297448,1251,false
4.0,0.4,2.0,0.005,12,107,0.39707046714172606,0.6308193668528864,2.423706473937278,2526,52,0.4130006565988181,0.656158357771261,1.610568640883151,1523,true
5.5,0.4,2.0,0.005,12,88,0.3895274584929757,0.6437529029261495,2.5608842602270943,2349,59,0.4152892561983471,0.6549165120593692,1.6547511501638592,1452,true
7.0,0.4,2.0,0.005,12,78,0.37061929908785407,0.7098976109215017,2.412263840933901,2083,42,0.3927272727272727,0.69826224328594,1.4603424239213505,1375,false
9.0,0.4,2.0,0.005,12,67,0.31937984496124033,0.727318803852002,2.543636746837753,1935,42,0.37170263788968827,0.6990531082750103,1.5096933725297448,1251,false
4.0,0.6,2.0,0.005,12,134,0.2872950819672131,0.6995348837209302,2.065967685157008,2440,73,0.30598052851182195,0.7668414683340057,1.5144602924694885,1438,true
5.5,0.6,2.0,0.005,12,99,0.33729216152019004,0.7457200402819738,2.172566055504866,2105,59,0.2790834312573443,0.7720273738237811,1.8238844867304145,1702,true
7.0,0.6,2.0,0.005,12,85,0.29990262901655307,0.7680412371134021,2.0652106095069964,2054,59,0.2533470648815654,0.7760617760617761,1.7387543224261282,1942,true
9.0,0.6,2.0,0.005,12,78,0.3204010462074978,0.7817312798725438,2.17018205206136,2294,84,0.2849846782431052,0.7825497287522604,1.787219821457698,1958,true
4.0,0.8,2.0,0.005,12,100,0.26376146788990823,0.7404878048780488,1.9190388804823104,2180,72,0.2910089224433768,0.7794117647058824,1.6089500768446146,1457,true
5.5,0.8,2.0,0.005,12,105,0.26835902085222124,0.7565953210552514,2.1002879630405418,2206,64,0.2630937880633374,0.7960869565217391,1.7197951473085948,1642,true
7.0,0.8,2.0,0.005,12,90,0.2944896115627823,0.7892234548335975,2.208097515042271,2214,72,0.2603792926704254,0.7767896843041352,1.8970222823423586,1951,true
9.0,0.8,2.0,0.005,12,79,0.31060228969636633,0.8045977011494253,2.3729691531621846,2009,62,0.2725212464589235,0.8076031525266574,1.818806008342304,1765,true
4.0,0.2,4.0,0.005,12,101,0.36019736842105265,0.5556028973157222,2.865152129118453,3040,63,0.3863291139240506,0.5963121501481725,1.8009879160269344,1975,true
5.5,0.2,4.0,0.005,12,112,0.384898095556298,0.553182214472537,2.9159954924635976,2993,63,0.3969620253164557,0.5887942332896461,1.7649687911154448,1975,true
7.0,0.2,4.0,0.005,12,87,0.3436995153473344,0.6384471468662302,2.876571037077363,2476,65,0.35041782729805016,0.6294675419401896,1.8243487178707778,1795,true
9.0,0.2,4.0,0.005,12,92,0.3349244232299125,0.6637554585152838,2.7012827532835217,2514,58,0.36225352112676057,0.6451612903225806,1.6918589050898871,1775,true
4.0,0.4,4.0,0.005,12,101,0.36019736842105265,0.5556028973157222,2.865152129118453,3040,63,0.3863291139240506,0.5963121501481725,1.8009879160269344,1975,true
5.5,0.4,4.0,0.005,12,112,0.384898095556298,0.553182214472537,2.9159954924635976,2993,63,0.3969620253164557,0.5887942332896461,1.7649687911154448,1975,true
7.0,0.4,4.0,0.005,12,87,0.3436995153473344,0.6384471468662302,2.876571037077363,2476,65,0.35041782729805016,0.6294675419401896,1.8243487178707778,1795,true
9.0,0.4,4.0,0.005,12,92,0.3349244232299125,0.6637554585152838,2.7012827532835217,2514,58,0.36225352112676057,0.6451612903225806,1.6918589050898871,1775,true
4.0,0.6,4.0,0.005,12,146,0.2844884488448845,0.6365272154745839,2.4227799614820427,3030,91,0.2265625,0.7345301757066462,1.5528199976102155,2048,true
5.5,0.6,4.0,0.005,12,143,0.31216765717860495,0.6494603472548099,2.5156565701101186,3197,103,0.23010442924018726,0.6940726577437859,1.9135301761574641,2777,true
7.0,0.6,4.0,0.005,12,112,0.29341099381143065,0.7141424272818455,2.5404039798108307,2747,104,0.2865919768702566,0.6977687626774848,2.1475798201780325,2767,true
9.0,0.6,4.0,0.005,12,107,0.2831973898858075,0.711855927963982,2.8186716336405393,3065,89,0.27063740856844304,0.713874022231371,2.304798098027456,2871,true
4.0,0.8,4.0,0.005,12,164,0.27437056165267915,0.6333789329685362,2.4310342325316032,3098,122,0.24161849710982658,0.6875,1.7762987827132661,2595,true
5.5,0.8,4.0,0.005,12,128,0.27550691985838427,0.6926070038910506,2.5127320058588505,3107,129,0.26129032258064516,0.6690085870413739,1.9998700805506602,2790,true
7.0,0.8,4.0,0.005,12,104,0.2777392510402219,0.7199191102123357,2.5808892683384865,2884,89,0.2541879096868172,0.7079682937004589,1.9715069018348925,2746,true
9.0,0.8,4.0,0.005,12,92,0.2578434908041832,0.759298618490967,2.7960583026206804,2773,102,0.26342624065261727,0.7148471615720524,2.41879858341696,2942,true
4.0,0.2,1.0,0.01,12,108,0.3881957773512476,0.6700620017714792,2.218343074324187,2084,54,0.39892665474060823,0.7068638604474782,1.5663268431930597,1118,true
5.5,0.2,1.0,0.01,12,107,0.39352720450281425,0.672077922077922,2.4516773537007577,2132,55,0.40483870967741936,0.6837899543378996,1.5988531462473805,1240,true
7.0,0.2,1.0,0.01,12,98,0.3613613613613614,0.7048627828598941,2.3567406426074116,1998,57,0.3840186190845617,0.6988188976377953,1.6077896008344024,1289,true
9.0,0.2,1.0,0.01,12,100,0.3587677725118483,0.7023121387283237,2.331045460447641,2110,63,0.42868217054263563,0.6970889063729347,1.4857971720236793,1290,true
4.0,0.4,1.0,0.01,12,108,0.3881957773512476,0.6700620017714792,2.218343074324187,2084,54,0.39892665474060823,0.7068638604474782,1.5663268431930597,1118,true
5.5,0.4,1.0,0.01,12,107,0.39352720450281425,0.672077922077922,2.4516773537007577,2132,55,0.40483870967741936,0.6837899543378996,1.5988531462473805,1240,true
7.0,0.4,1.0,0.01,12,98,0.3613613613613614,0.7048627828598941,2.3567406426074116,1998,57,0.3840186190845617,0.6988188976377953,1.6077896008344024,1289,true
9.0,0.4,1.0,0.01,12,100,0.3587677725118483,0.7023121387283237,2.331045460447641,2110,63,0.42868217054263563,0.6970889063729347,1.4857971720236793,1290,true
4.0,0.6,1.0,0.01,12,164,0.26469248291571756,0.7028258887876025,2.322090795762998,2195,119,0.30145661811272956,0.7500953834414346,1.4995616945168462,1579,true
5.5,0.6,1.0,0.01,12,148,0.30177514792899407,0.7303424987940184,2.2436531705744276,2197,89,0.2877742946708464,0.768595041322314,1.7647577340107303,1595,true
7.0,0.6,1.0,0.01,12,108,0.3158620689655172,0.7594553706505295,2.4259830646524763,2175,80,0.2909090909090909,0.7828092243186583,1.8384846984941832,1760,true
9.0,0.6,1.0,0.01,12,106,0.3524189968930315,0.7638036809815951,2.4039530533104303,2253,97,0.2947725072604066,0.7598797250859106,2.007077908004683,2066,true
4.0,0.8,1.0,0.01,12,158,0.32924435721295386,0.7116104868913857,2.0720306984739327,2038,107,0.296078431372549,0.7608,1.5043965456317148,1530,true
5.5,0.8,1.0,0.01,12,128,0.3295985060690943,0.7416221466731423,2.164961121119459,2142,108,0.29923413566739604,0.7512355848434926,1.7956915316375435,1828,true
7.0,0.8,1.0,0.01,12,115,0.2925136341100645,0.7836048879837068,2.231021229002372,2017,94,0.2965631929046563,0.7834179357021996,1.8081444095962689,1804,true
9.0,0.8,1.0,0.01,12,133,0.33482142857142855,0.7622014537902388,2.359358187425864,2240,103,0.30327868852459017,0.7444444444444445,2.0148273311951255,2196,true
4.0,0.2,2.0,0.01,12,137,0.3885971492873218,0.5824915824915825,2.8058712639561194,2666,70,0.3802469135802469,0.6321104005385392,1.565956137535481,1620,true
5.5,0.2,2.0,0.01,12,158,0.39879901095019427,0.5824468085106383,2.7985580644896286,2831,95,0.3940936863543788,0.6031694695989651,1.7986999952596074,1964,true
7.0,0.2,2.0,0.01,12,125,0.36093990755007704,0.6219790241678067,2.538790471861725,2596,91,0.40621761658031086,0.5753743760399335,1.8413191522949788,1930,true
9.0,0.2,2.0,0.01,12,122,0.3488372093023256,0.6653771760154739,2.5094592367328215,2666,78,0.4030612244897959,0.6315409599422591,1.7086376612632392,1764,true
4.0,0.4,2.0,0.01,12,137,0.3885971492873218,0.5824915824915825,2.8058712639561194,2666,70,0.3802469135802469,0.6321104005385392,1.565956137535481,1620,true
5.5,0.4,2.0,0.01,12,158,0.39879901095019427,0.5824468085106383,2.7985580644896286,2831,95,0.3940936863543788,0.6031694695989651,1.7986999952596074,1964,true
7.0,0.4,2.0,0.01,12,125,0.36093990755007704,0.6219790241678067,2.538790471861725,2596,91,0.40621761658031086,0.5753743760399335,1.8413191522949788,1930,true
9.0,0.4,2.0,0.01,12,122,0.3488372093023256,0.6653771760154739,2.5094592367328215,2666,78,0.4030612244897959,0.6315409599422591,1.7086376612632392,1764,true
4.0,0.6,2.0,0.01,12,210,0.2828245678558293,0.6525573192239859,2.1927651199273357,2719,121,0.25396014307613696,0.7243303571428571,1.5325116862825632,1957,true
5.5,0.6,2.0,0.01,12,172,0.2922854038391887,0.6821561338289963,2.3288761019618627,2761,137,0.2631578947368421,0.7019083969465649,1.8498193695490397,2280,true
7.0,0.6,2.0,0.01,12,128,0.28538638102524866,0.7150671307807062,2.5041073345641878,2614,122,0.25542570951585974,0.7067578439259855,2.190805146288367,2396,true
9.0,0.6,2.0,0.01,12,122,0.30892790437056405,0.7355982274741507,2.437248588305566,2677,144,0.30100937274693584,0.6899918633034988,2.0690353148737244,2774,true
4.0,0.8,2.0,0.01,12,187,0.295616335706257,0.6622119815668203,2.4356840900896803,2669,182,0.2463903120633442,0.7047801147227534,1.512433300540613,2147,true
5.5,0.8,2.0,0.01,12,163,0.28315830416180476,0.6971131093232371,2.170268909139892,2571,151,0.24876847290640394,0.7059968847352025,1.6936578552249943,2436,true
7.0,0.8,2.0,0.01,12,122,0.2929824561403509,0.7506335529650279,2.3809773998445203,2280,118,0.27787091366303435,0.7134478424801005,2.0957741419626954,2386,true
9.0,0.8,2.0,0.01,12,88,0.2663427561837456,0.785181236673774,2.622528158414702,2264,126,0.3062297734627832,0.727979274611399,1.979364329796599,2472,true
4.0,0.2,4.0,0.01,12,156,0.3724696356275304,0.483741469289442,3.154472109856008,3458,100,0.40170212765957447,0.5170225043277553,1.9361103215561497,2350,true
5.5,0.2,4.0,0.01,12,174,0.37242977121343757,0.5091295116772824,3.223746701415769,3453,104,0.4155945419103314,0.4839357429718876,2.094717382521821,2565,true
7.0,0.2,4.0,0.01,12,158,0.35267034990791896,0.5389638659120592,3.2416105814510807,3258,105,0.39435450394354504,0.5099218280216476,2.1069071053996913,2409,true
9.0,0.2,4.0,0.01,12,136,0.31712962962962965,0.6122258516098926,2.8952485455058006,3024,86,0.36897923110914715,0.5584677419354839,2.1586528848921667,2263,true
4.0,0.4,4.0,0.01,12,156,0.3724696356275304,0.483741469289442,3.154472109856008,3458,100,0.40170212765957447,0.5170225043277553,1.9361103215561497,2350,true
5.5,0.4,4.0,0.01,12,174,0.37242977121343757,0.5091295116772824,3.223746701415769,3453,104,0.4155945419103314,0.4839357429718876,2.094717382521821,2565,true
7.0,0.4,4.0,0.01,12,158,0.35267034990791896,0.5389638659120592,3.2416105814510807,3258,105,0.39435450394354504,0.5099218280216476,2.1069071053996913,2409,true
9.0,0.4,4.0,0.01,12,136,0.31712962962962965,0.6122258516098926,2.8952485455058006,3024,86,0.36897923110914715,0.5584677419354839,2.1586528848921667,2263,true
4.0,0.6,4.0,0.01,12,276,0.3094972067039106,0.5520833333333334,2.462261125287729,3580,230,0.25368454060834117,0.6078938854739566,1.8693021403164118,3189,true
5.5,0.6,4.0,0.01,12,197,0.29043088975937326,0.6030881017257039,2.7714977794513156,3574,219,0.24296381390005745,0.5943593314763231,2.3273554726477474,3482,true
7.0,0.6,4.0,0.01,12,165,0.32101684895063554,0.6250580046403712,2.9094118213457443,3383,211,0.25194109772423023,0.594448449891853,2.54666481399496,3735,true
9.0,0.6,4.0,0.01,12,189,0.30449251247920134,0.6466535433070866,3.036470843781517,3606,219,0.27121067683508104,0.5860517435320585,3.1210795263356577,4196,true
4.0,0.8,4.0,0.01,12,234,0.27557058326289097,0.5857082092726499,2.790002872676248,3549,247,0.2598978288633461,0.5957867017774852,1.8099149615559258,3132,true
5.5,0.8,4.0,0.01,12,222,0.28856304985337244,0.6168478260869565,2.3601287066023366,3410,265,0.2735355648535565,0.5747485258411377,2.315209464739724,3824,true
7.0,0.8,4.0,0.01,12,206,0.2818965517241379,0.6513189448441247,2.611427867807158,3480,240,0.2715166461159063,0.5811348030357788,2.315669973387876,4055,true
9.0,0.8,4.0,0.01,12,135,0.2728910237166016,0.6940410615923885,2.9312407607414017,3331,218,0.2719491318170702,0.5974818771461274,2.8507788789292237,4089,true
4.0,0.2,1.0,0.02,12,146,0.432,0.6263269639065817,2.2305540362142726,2375,74,0.37632275132275134,0.6782999308914996,1.644416585428199,1512,true
5.5,0.2,1.0,0.02,12,140,0.400972590627763,0.6586472991375397,2.386446544787701,2262,82,0.399452804377565,0.6781485468245425,1.612575467723148,1462,true
7.0,0.2,1.0,0.02,12,134,0.3841117415975557,0.6494986326344576,2.42378501304368,2291,56,0.3706293706293706,0.7206870799103808,1.575243930298428,1287,true
9.0,0.2,1.0,0.02,12,135,0.3618181818181818,0.6693171188026192,2.5630296943704853,2200,70,0.38143582306018853,0.6921634795650544,1.537206712537052,1379,true
4.0,0.4,1.0,0.02,12,146,0.432,0.6263269639065817,2.2305540362142726,2375,74,0.37632275132275134,0.6782999308914996,1.644416585428199,1512,true
5.5,0.4,1.0,0.02,12,140,0.400972590627763,0.6586472991375397,2.386446544787701,2262,82,0.399452804377565,0.6781485468245425,1.612575467723148,1462,true
7.0,0.4,1.0,0.02,12,134,0.3841117415975557,0.6494986326344576,2.42378501304368,2291,56,0.3706293706293706,0.7206870799103808,1.575243930298428,1287,true
9.0,0.4,1.0,0.02,12,135,0.3618181818181818,0.6693171188026192,2.5630296943704853,2200,70,0.38143582306018853,0.6921634795650544,1.537206712537052,1379,true
4.0,0.6,1.0,0.02,12,230,0.3156103785623139,0.6594138543516874,2.1514877885442987,2351,148,0.29405099150141645,0.6961837717673213,1.7492296060491328,1765,true
5.5,0.6,1.0,0.02,12,171,0.33607907742998355,0.7040769583142464,2.3711460314016533,2428,173,0.26481835564053535,0.7023901310717039,1.9699852449593187,2092,true
7.0,0.6,1.0,0.02,12,174,0.3374155405405405,0.7116301239275501,2.243431288541983,2368,181,0.2988602785985648,0.6822100313479624,2.2183168518065624,2369,true
9.0,0.6,1.0,0.02,12,147,0.3525747508305648,0.7535521803037727,2.3435741708506055,2408,147,0.2807801706623324,0.7189648200566114,2.202825532680616,2461,true
4.0,0.8,1.0,0.02,12,234,0.3158119658119658,0.6685943060498221,2.502090673837647,2340,174,0.2900318133616119,0.7006298629121896,1.6118989898088723,1886,true
5.5,0.8,1.0,0.02,12,160,0.3234910985670864,0.709232889297198,1.9874495421216767,2303,186,0.2899816176470588,0.6983455175067333,1.7946349100176238,2176,true
7.0,0.8,1.0,0.02,12,189,0.34534786253143335,0.703544061302682,2.3646748205182395,2386,182,0.33177966101694917,0.6842718446601942,1.9805163681235824,2360,true
9.0,0.8,1.0,0.02,12,142,0.327212020033389,0.7522167487684729,2.2961634565961697,2396,171,0.3093638877913868,0.7119675456389453,2.144278213169625,2531,true
4.0,0.2,2.0,0.02,12,176,0.41448972483455243,0.555233760860571,2.746000244667351,2871,115,0.40269101393560786,0.5664893617021277,1.7795390453013018,2081,true
5.5,0.2,2.0,0.02,12,151,0.3817090395480226,0.5909878682842288,2.536997387035703,2832,95,0.40585562847046946,0.5588046272493573,1.9240054748105258,1981,true
7.0,0.2,2.0,0.02,12,161,0.373021582733813,0.5971254355400697,2.572743010969506,2780,99,0.40375586854460094,0.5220883534136547,2.055364054525195,2130,true
9.0,0.2,2.0,0.02,12,146,0.35176427791924336,0.6247706422018349,2.7532000320333463,2749,87,0.35487593768032316,0.6465608465608466,1.750884766108203,1733,true
4.0,0.4,2.0,0.02,12,176,0.41448972483455243,0.555233760860571,2.746000244667351,2871,115,0.40269101393560786,0.5664893617021277,1.7795390453013018,2081,true
5.5,0.4,2.0,0.02,12,151,0.3817090395480226,0.5909878682842288,2.536997387035703,2832,95,0.40585562847046946,0.5588046272493573,1.9240054748105258,1981,true
7.0,0.4,2.0,0.02,12,161,0.373021582733813,0.5971254355400697,2.572743010969506,2780,99,0.40375586854460094,0.5220883534136547,2.055364054525195,2130,true
9.0,0.4,2.0,0.02,12,146,0.35176427791924336,0.6247706422018349,2.7532000320333463,2749,87,0.35487593768032316,0.6465608465608466,1.750884766108203,1733,true
4.0,0.6,2.0,0.02,12,292,0.3294400549639299,0.5871131835523526,2.2552621158283945,2911,217,0.26119402985074625,0.6666666666666666,1.727139297625573,2412,true
5.5,0.6,2.0,0.02,12,203,0.30006906077348067,0.682468694096601,2.061174332356852,2896,235,0.2804005722460658,0.6217579250720461,2.232835732506586,2796,true
7.0,0.6,2.0,0.02,12,191,0.30205479452054795,0.6865321445330831,2.401975321563597,2920,210,0.28060200668896323,0.6475095785440613,2.157345322295974,2990,true
9.0,0.6,2.0,0.02,12,189,0.3282653766413269,0.6864654333008764,2.631226012151293,2894,232,0.29204339963833637,0.6365749709414955,2.3614623630162104,3318,true
4.0,0.8,2.0,0.02,12,279,0.3236914600550964,0.5945002182453077,2.432575917941273,2904,234,0.24989570296203586,0.6593871081366678,1.7413311880265363,2397,true
5.5,0.8,2.0,0.02,12,229,0.32558945908460474,0.6369926199261993,2.3275098782313433,2884,261,0.2980201458839875,0.6077228437387224,2.1818684278364144,2879,true
7.0,0.8,2.0,0.02,12,196,0.30988332189430334,0.6811248808388942,2.478725952484701,2914,259,0.28992944194996795,0.6316772506537168,2.049462281819258,3118,true
9.0,0.8,2.0,0.02,12,193,0.2840711049146044,0.7202410848819688,2.7484212518671707,2869,229,0.3333333333333333,0.6225165562913907,2.3381187282158478,3177,true
4.0,0.2,4.0,0.02,12,212,0.3771998949303914,0.45444277108433734,3.1554172668050233,3807,147,0.3599374021909233,0.5290376106194691,2.1544562793717903,2556,true
5.5,0.2,4.0,0.02,12,195,0.36869375511317154,0.4921402660217654,3.299186290904237,3667,138,0.378698224852071,0.506054632497888,2.089164101289523,2704,true
7.0,0.2,4.0,0.02,12,171,0.3251552795031056,0.5674536256323778,2.652959470404073,3220,122,0.3501208702659146,0.5507622445669802,1.9243004956975267,2482,true
9.0,0.2,4.0,0.02,12,179,0.3335209681958908,0.5483449477351916,3.2160317191070105,3553,141,0.3841396871589669,0.462406015037594,2.223240125693744,2749,true
4.0,0.4,4.0,0.02,12,212,0.3771998949303914,0.45444277108433734,3.1554172668050233,3807,147,0.3599374021909233,0.5290376106194691,2.1544562793717903,2556,true
5.5,0.4,4.0,0.02,12,195,0.36869375511317154,0.4921402660217654,3.299186290904237,3667,138,0.378698224852071,0.506054632497888,2.089164101289523,2704,true
7.0,0.4,4.0,0.02,12,171,0.3251552795031056,0.5674536256323778,2.652959470404073,3220,122,0.3501208702659146,0.5507622445669802,1.9243004956975267,2482,true
9.0,0.4,4.0,0.02,12,179,0.3335209681958908,0.5483449477351916,3.2160317191070105,3553,141,0.3841396871589669,0.462406015037594,2.223240125693744,2749,true
4.0,0.6,4.0,0.02,12,362,0.30295826730058106,0.5142405063291139,2.693067982744795,3786,402,0.274731041721333,0.4971984665290475,2.28438855277332,3811,true
5.5,0.6,4.0,0.02,12,341,0.34361346697507067,0.5169421487603306,2.704389253698647,3891,414,0.28521889900303427,0.47620464009518143,2.676304291191507,4614,true
7.0,0.6,4.0,0.02,12,264,0.31606359649122806,0.5881555153707052,2.76248281421953,3648,366,0.28846600139243445,0.5055611729019212,3.0267043655720896,4309,true
9.0,0.6,4.0,0.02,12,255,0.3527712109272393,0.5863342566943675,3.2178481739906664,3807,409,0.30158730158730157,0.48059701492537316,2.785541683285416,5103,true
4.0,0.8,4.0,0.02,12,375,0.3023255813953488,0.5122934300685208,2.8609884352925308,3784,403,0.2627906976744186,0.5408916445231768,2.0146930514446435,3870,true
5.5,0.8,4.0,0.02,12,308,0.32859773743751647,0.5478003384094755,2.759169175473179,3801,446,0.26544050862851953,0.4883574575204531,2.348791031954944,4404,true
7.0,0.8,4.0,0.02,12,295,0.3311239988953328,0.5981776765375855,2.818346846827383,3621,393,0.27616616384311904,0.5345417236662107,2.264948156040293,4309,true
9.0,0.8,4.0,0.02,12,236,0.3407032498668087,0.598314606741573,3.294261231995134,3754,444,0.3065891472868217,0.4918032786885246,2.836094666734473,5160,true
4.0,0.2,1.0,0.005,42,76,0.3897978825794033,0.7029467680608364,2.1440388001835173,2078,33,0.36312323612417685,0.7554043234587671,1.387293970962503,1063,false
5.5,0.2,1.0,0.005,42,80,0.35677352637021714,0.6997578692493946,2.2569140674072266,1934,42,0.4352720450281426,0.7257212515237709,1.4519671870071025,1066,false
7.0,0.2,1.0,0.005,42,67,0.3822857142857143,0.7280832095096582,2.1730852917227987,1750,36,0.407514450867052,0.7267441860465116,1.3465067039361376,1038,false
9.0,0.2,1.0,0.005,42,67,0.3702551337896702,0.7488537952114112,2.1093128766624814,1607,36,0.4165844027640671,0.7547413793103448,1.3464459935826654,1013,false
4.0,0.4,1.0,0.005,42,76,0.3897978825794033,0.7029467680608364,2.1440388001835173,2078,33,0.36312323612417685,0.7554043234587671,1.387293970962503,1063,false
5.5,0.4,1.0,0.005,42,80,0.35677352637021714,0.6997578692493946,2.2569140674072266,1934,42,0.4352720450281426,0.7257212515237709,1.4519671870071025,1066,false
7.0,0.4,1.0,0.005,42,67,0.3822857142857143,0.7280832095096582,2.1730852917227987,1750,36,0.407514450867052,0.7267441860465116,1.3465067039361376,1038,false
9.0,0.4,1.0,0.005,42,67,0.3702551337896702,0.7488537952114112,2.1093128766624814,1607,36,0.4165844027640671,0.7547413793103448,1.3464459935826654,1013,false
4.0,0.6,1.0,0.005,42,89,0.3045429052159282,0.7818889970788705,1.7132800620655713,1783,52,0.29653882132834425,0.831839521980367,1.4166350672302912,1069,true
5.5,0.6,1.0,0.005,42,59,0.2826834862385321,0.8079504388229221,1.9971478993842104,1744,35,0.24055829228243022,0.8489110707803993,1.2816344370787678,1218,false
7.0,0.6,1.0,0.005,42,64,0.2838054516301443,0.8177496038034865,2.245928102742452,1871,37,0.29047250193648333,0.8283720930232558,1.649675686537309,1291,false
9.0,0.6,1.0,0.005,42,55,0.25,0.8443726440495423,1.8528209883130473,1808,54,0.3547925608011445,0.8129062209842154,1.682513095057238,1398,true
4.0,0.8,1.0,0.005,42,96,0.2726326742976067,0.7637637637637638,2.2633144352046894,1922,40,0.1885880077369439,0.8590869183494293,1.2973345940254495,1034,false
5.5,0.8,1.0,0.005,42,61,0.25964149918522544,0.810204081632653,1.8743960070292172,1841,47,0.2706299911268855,0.8379357175192395,1.4945545596682621,1127,false
7.0,0.8,1.0,0.005,42,60,0.2831499710480602,0.8246170100369783,2.3409468244087765,1727,52,0.2613065326633166,0.8321902149062643,1.6906366437700624,1393,true
9.0,0.8,1.0,0.005,42,64,0.3146341463414634,0.8287560581583199,1.9918033163635451,1640,45,0.3044712562100781,0.8360888049126122,1.90474960735386,1409,false
4.0,0.2,2.0,0.005,42,91,0.3657331136738056,0.656736938588451,2.319651320970248,2428,38,0.3532258064516129,0.7166160849772383,1.4217254651703057,1240,false
5.5,0.2,2.0,0.005,42,98,0.39643652561247217,0.6608736496007516,2.5058898066472057,2245,42,0.3815592203898051,0.695117262591311,1.4634767132601905,1334,false
7.0,0.2,2.0,0.005,42,83,0.3784286378428638,0.6862934362934363,2.3531272964137235,2151,45,0.3981623277182236,0.6858617950754567,1.5309540369220787,1306,false
9.0,0.2,2.0,0.005,42,74,0.3526211671612265,0.7157676348547718,2.613491328419776,2022,40,0.36378600823045265,0.7110016420361248,1.476311575846583,1215,false
4.0,0.4,2.0,0.005,42,91,0.3657331136738056,0.656736938588451,2.319651320970248,2428,38,0.3532258064516129,0.7166160849772383,1.4217254651703057,1240,false
5.5,0.4,2.0,0.005,42,98,0.39643652561247217,0.6608736496007516,2.5058898066472057,2245,42,0.3815592203898051,0.695117262591311,1.4634767132601905,1334,false
7.0,0.4,2.0,0.005,42,83,0.3784286378428638,0.6862934362934363,2.3531272964137235,2151,45,0.3981623277182236,0.6858617950754567,1.5309540369220787,1306,false
9.0,0.4,2.0,0.005,42,74,0.3526211671612265,0.7157676348547718,2.613491328419776,2022,40,0.36378600823045265,0.7110016420361248,1.476311575846583,1215,false
4.0,0.6,2.0,0.005,42,129,0.30710431654676257,0.6959810874704492,2.0458511730985176,2224,74,0.2496617050067659,0.7792792792792793,1.5922246474582074,1478,true
5.5,0.6,2.0,0.005,42,92,0.2689655172413793,0.7533432392273403,2.214614253834681,2320,68,0.2689855072463768,0.7748845023099538,1.77280539980108,1725,true
7.0,0.6,2.0,0.005,42,87,0.2699362041467305,0.7444730077120822,2.565394534009728,2508,61,0.2789153292750415,0.7681034482758621,2.0626470615477555,1807,true
9.0,0.6,2.0,0.005,42,67,0.27764480612733367,0.7922288181327577,2.5431173357112855,2089,64,0.25359911406423036,0.7754010695187166,2.168072783273694,1806,true
4.0,0.8,2.0,0.005,42,114,0.28577981651376144,0.735021919142718,2.057615406266923,2180,73,0.24664879356568364,0.7828073089700996,1.5481344081993875,1492,true
5.5,0.8,2.0,0.005,42,67,0.2564450474898236,0.7820121951219512,2.026716077729623,2211,67,0.253903990746096,0.7942982456140351,1.8922068216894292,1729,true
7.0,0.8,2.0,0.005,42,85,0.29518916394208317,0.7769110764430577,2.345241045115381,2141,59,0.24087591240875914,0.7827225130890052,1.7477637790573666,1918,true
9.0,0.8,2.0,0.005,42,61,0.2754641244355243,0.8131147540983606,2.210955573011413,1993,62,0.25985563575791226,0.8170332241459991,1.8713918400359268,1801,true
4.0,0.2,4.0,0.005,42,107,0.3686454575270581,0.5607158074137196,2.745205391595418,3049,86,0.4137308039747064,0.5576066199872692,1.8037224650299395,2214,true
5.5,0.2,4.0,0.005,42,107,0.3762486126526082,0.604630049931911,2.775194611505964,2703,75,0.41477572559366754,0.5990338164251208,1.8153881387307873,1895,true
7.0,0.2,4.0,0.005,42,80,0.3139904610492846,0.6307034220532319,2.7795417924439594,2516,59,0.37659456461453134,0.5942287139294621,1.853882105342439,1803,true
9.0,0.2,4.0,0.005,42,77,0.3032506415739949,0.6856861780619774,2.7334626129109734,2338,51,0.3205282112845138,0.6705928543384374,1.891791994632003,1666,true
4.0,0.4,4.0,0.005,42,107,0.3686454575270581,0.5607158074137196,2.745205391595418,3049,86,0.4137308039747064,0.5576066199872692,1.8037224650299395,2214,true
5.5,0.4,4.0,0.005,42,107,0.3762486126526082,0.604630049931911,2.775194611505964,2703,75,0.41477572559366754,0.5990338164251208,1.8153881387307873,1895,true
7.0,0.4,4.0,0.005,42,80,0.3139904610492846,0.6307034220532319,2.7795417924439594,2516,59,0.37659456461453134,0.5942287139294621,1.853882105342439,1803,true
9.0,0.4,4.0,0.005,42,77,0.3032506415739949,0.6856861780619774,2.7334626129109734,2338,51,0.3205282112845138,0.6705928543384374,1.891791994632003,1666,true
4.0,0.6,4.0,0.005,42,143,0.2811906269791007,0.621826280623608,2.359942032810136,3158,100,0.21438142027690935,0.7176602924634421,1.5502135901875391,2239,true
5.5,0.6,4.0,0.005,42,130,0.2911392405063291,0.673420164013507,2.453940235344133,3002,91,0.22127486804709703,0.7360223642172524,1.9158068592275073,2463,true
7.0,0.6,4.0,0.005,42,101,0.26466836734693877,0.707305034550839,2.618887221421182,3136,92,0.25824379399777697,0.6984842277755019,2.403487577121677,2699,true
9.0,0.6,4.0,0.005,42,105,0.2743979721166033,0.7251160391954615,3.115340551844781,3156,102,0.257985257985258,0.7228400342172797,2.30589519814813,2849,true
4.0,0.8,4.0,0.005,42,165,0.29319706164164805,0.6191599811231713,2.474600460867083,3131,98,0.2411633109619687,0.7177142857142857,1.6216341384642106,2235,true
5.5,0.8,4.0,0.005,42,118,0.27284901238701037,0.6959492435334309,2.5509588703507173,2987,90,0.26575550493545935,0.7161468614291354,1.9682763594681787,2634,true
7.0,0.8,4.0,0.005,42,121,0.28763693270735524,0.696285140562249,2.690356988153994,3195,101,0.23712737127371275,0.714987714987715,1.904780985889078,2952,true
9.0,0.8,4.0,0.005,42,94,0.28034251675353683,0.7553995680345572,2.6086848298543606,2686,108,0.29003740224413466,0.716514954486346,2.483895968221789,2941,true
4.0,0.2,1.0,0.01,42,119,0.3919501677048395,0.6459459459459459,2.381794820623213,2087,57,0.407871198568873,0.7081000373273609,1.5480714741457802,1118,true
5.5,0.2,1.0,0.01,42,116,0.40582433067167684,0.6323662737987308,2.530092778617877,2129,61,0.4218289085545723,0.6531418312387792,1.5768896201547125,1356,true
7.0,0.2,1.0,0.01,42,91,0.3484555984555985,0.6920917173607861,2.3533991372081844,2072,52,0.3732517482517482,0.7161016949152542,1.6563940136930722,1144,true
9.0,0.2,1.0,0.01,42,102,0.34260614934114203,0.7133695115934879,2.4323350296105,2049,54,0.39337641357027464,0.7004735595895817,1.5054454268512445,1238,true
4.0,0.4,1.0,0.01,42,119,0.3919501677048395,0.6459459459459459,2.381794820623213,2087,57,0.407871198568873,0.7081000373273609,1.5480714741457802,1118,true
5.5,0.4,1.0,0.01,42,116,0.40582433067167684,0.6323662737987308,2.530092778617877,2129,61,0.4218289085545723,0.6531418312387792,1.5768896201547125,1356,true
7.0,0.4,1.0,0.01,42,91,0.3484555984555985,0.6920917173607861,2.3533991372081844,2072,52,0.3732517482517482,0.7161016949152542,1.6563940136930722,1144,true
9.0,0.4,1.0,0.01,42,102,0.34260614934114203,0.7133695115934879,2.4323350296105,2049,54,0.39337641357027464,0.7004735595895817,1.5054454268512445,1238,true
4.0,0.6,1.0,0.01,42,130,0.2788598574821853,0.7348377997179125,2.031246090629934,2105,80,0.2941605839416058,0.7800729040097205,1.580596404042974,1370,true
5.5,0.6,1.0,0.01,42,123,0.3077634011090573,0.7497546614327772,2.0045348640694627,2164,83,0.29929351316634556,0.7743026204564666,1.6903547254943607,1557,true
7.0,0.6,1.0,0.01,42,112,0.3198936641559592,0.759167492566898,2.2248006688217252,2257,106,0.30721649484536084,0.7534246575342466,1.8325339681073947,1940,true
9.0,0.6,1.0,0.01,42,128,0.3481710004407228,0.7472361809045226,2.5420777503802223,2269,108,0.2966666666666667,0.7283744254074384,2.0096223163097293,2100,true
4.0,0.8,1.0,0.01,42,173,0.2965419232591189,0.7098445595854922,2.1914314964205244,2111,111,0.316817864619679,0.7694174757281553,1.4812096827906271,1433,true
5.5,0.8,1.0,0.01,42,154,0.284,0.7496318114874816,1.9210291069435286,2250,97,0.3039906103286385,0.7651639344262295,1.7488110023695094,1704,true
7.0,0.8,1.0,0.01,42,126,0.3156161806208843,0.768056968463886,2.3452285751411277,2126,109,0.2928205128205128,0.7655583972719523,1.8179103396475387,1950,true
9.0,0.8,1.0,0.01,42,91,0.28651685393258425,0.7991543340380549,2.1666987332509224,1958,67,0.27000610873549175,0.8036509349955476,1.844369985972814,1637,true
4.0,0.2,2.0,0.01,42,144,0.3946896304269824,0.5569514237855946,2.757494965853701,2787,81,0.41039236479321317,0.5794887780548629,1.7557814163641734,1886,true
5.5,0.2,2.0,0.01,42,146,0.3813084112149533,0.5967314487632509,2.799813664650332,2675,88,0.4168502202643172,0.5794088989931796,1.759732088316789,1816,true
7.0,0.2,2.0,0.01,42,97,0.34444444444444444,0.6625230202578268,2.4914907847740677,2250,82,0.400381922342457,0.6530986431976531,1.799374050196991,1571,true
9.0,0.2,2.0,0.01,42,135,0.3273880301228696,0.6472553699284009,2.9393579107562084,2523,79,0.35741687979539644,0.6489051094890511,1.8761454783188265,1564,true
4.0,0.4,2.0,0.01,42,144,0.3946896304269824,0.5569514237855946,2.757494965853701,2787,81,0.41039236479321317,0.5794887780548629,1.7557814163641734,1886,true
5.5,0.4,2.0,0.01,42,146,0.3813084112149533,0.5967314487632509,2.799813664650332,2675,88,0.4168502202643172,0.5794088989931796,1.759732088316789,1816,true
7.0,0.4,2.0,0.01,42,97,0.34444444444444444,0.6625230202578268,2.4914907847740677,2250,82,0.400381922342457,0.6530986431976531,1.799374050196991,1571,true
9.0,0.4,2.0,0.01,42,135,0.3273880301228696,0.6472553699284009,2.9393579107562084,2523,79,0.35741687979539644,0.6489051094890511,1.8761454783188265,1564,true
4.0,0.6,2.0,0.01,42,214,0.3018937987374675,0.6259808195292066,2.243839250311534,2693,122,0.24457384859714135,0.700218818380744,1.5642259546247825,1889,true
5.5,0.6,2.0,0.01,42,169,0.2946859903381642,0.6740947075208914,2.158294334562594,2691,125,0.27239320165365183,0.7230649552703229,1.6650745155415287,2177,true
7.0,0.6,2.0,0.01,42,164,0.322753209700428,0.6906965416463712,2.4110236736262145,2804,137,0.2835995325282431,0.6932318782539046,2.2031859476749815,2567,true
9.0,0.6,2.0,0.01,42,138,0.30423759507424847,0.7332332332332332,2.508855780122254,2761,150,0.28530050687907316,0.6886984904120768,2.202950419879545,2762,true
4.0,0.8,2.0,0.01,42,208,0.3024193548387097,0.6518218623481782,2.24363813664713,2728,148,0.2530922930542341,0.7061224489795919,1.7566120375913261,2102,true
5.5,0.8,2.0,0.01,42,165,0.29404808829325974,0.7018304431599229,2.402914177734837,2537,129,0.27436347673397715,0.7300884955752213,1.6566096383533238,2278,true
7.0,0.8,2.0,0.01,42,130,0.25699440447641886,0.7448665297741273,2.492873605805492,2502,123,0.2710084033613445,0.7286724927174365,1.973760636802572,2380,true
9.0,0.8,2.0,0.01,42,143,0.29900459418070446,0.7381198347107438,2.5598435129561685,2612,136,0.2972292191435768,0.7057587221521647,2.0116512638996706,2779,true
4.0,0.2,4.0,0.01,42,170,0.38893715609614826,0.5077173030056864,2.9426820245402676,3453,111,0.4020242914979757,0.5191477109127556,2.1103216392985966,2470,true
5.5,0.2,4.0,0.01,42,154,0.35592731468128064,0.5166944908180301,3.2282043443978,3467,116,0.40061752219220376,0.5014611338398597,2.133253785857118,2591,true
7.0,0.2,4.0,0.01,42,143,0.3579404466501241,0.5591026747195859,2.968145868240504,3224,96,0.37381489841986454,0.5772891368559239,1.9049965290372213,2215,true
9.0,0.2,4.0,0.01,42,116,0.3249669749009247,0.6042731072921504,2.9793100597987516,3028,107,0.39470365699873894,0.5261301699262584,2.124042451080263,2379,true
4.0,0.4,4.0,0.01,42,170,0.38893715609614826,0.5077173030056864,2.9426820245402676,3453,111,0.4020242914979757,0.5191477109127556,2.1103216392985966,2470,true
5.5,0.4,4.0,0.01,42,154,0.35592731468128064,0.5166944908180301,3.2282043443978,3467,116,0.40061752219220376,0.5014611338398597,2.133253785857118,2591,true
7.0,0.4,4.0,0.01,42,143,0.3579404466501241,0.5591026747195859,2.968145868240504,3224,96,0.37381489841986454,0.5772891368559239,1.9049965290372213,2215,true
9.0,0.4,4.0,0.01,42,116,0.3249669749009247,0.6042731072921504,2.9793100597987516,3028,107,0.39470365699873894,0.5261301699262584,2.124042451080263,2379,true
4.0,0.6,4.0,0.01,42,258,0.2811164910281971,0.5741507870753936,2.277420562246718,3511,205,0.26684022128213475,0.585,1.8726860575978705,3073,true
5.5,0.6,4.0,0.01,42,227,0.31077981651376146,0.5889542779538253,2.569340794738789,3488,234,0.25308641975308643,0.5762132604237867,2.182082056573857,3726,true
7.0,0.6,4.0,0.01,42,173,0.28423349699945444,0.6323392357875116,2.9226103463835993,3666,228,0.2830379746835443,0.5543205449982073,2.991957535500948,3950,true
9.0,0.6,4.0,0.01,42,193,0.31955617198335645,0.6549878345498783,3.058344374601668,3605,243,0.27216290042215047,0.600896860986547,2.4612406990669644,4027,true
4.0,0.8,4.0,0.01,42,260,0.28696388261851014,0.5615577889447236,2.7187376569657675,3544,301,0.27947727947727946,0.5586026771139406,1.884658692554847,3367,true
5.5,0.8,4.0,0.01,42,200,0.2974463145676146,0.6226158038147139,2.462356262099447,3446,223,0.27192008879023305,0.6035587188612099,2.2062460886883932,3604,true
7.0,0.8,4.0,0.01,42,173,0.28595648488273523,0.6584557081951682,2.6965496714247776,3539,216,0.27026348808030115,0.595038307187158,2.4871876498220407,3985,true
9.0,0.8,4.0,0.01,42,134,0.2681137266890859,0.6993927125506073,2.7426937737181047,3271,193,0.2752434648898001,0.6271653543307086,2.520072087114354,3902,true
4.0,0.2,1.0,0.02,42,135,0.3854033290653009,0.6447140381282496,2.494773044445088,2343,64,0.37190684133915575,0.6802960874162848,1.6498181458625927,1374,true
5.5,0.2,1.0,0.02,42,128,0.39421813403416556,0.6505446623093681,2.371439809170226,2283,68,0.40877914951989025,0.6460481099656358,1.6774575847732893,1458,true
7.0,0.2,1.0,0.02,42,132,0.3799298860648554,0.6585701191567369,2.5346436424938186,2282,64,0.3955431754874652,0.6613946800862689,1.6972526109027888,1436,true
9.0,0.2,1.0,0.02,42,112,0.34641407307171856,0.6983682983682984,2.275123815874653,2217,72,0.3906354515050167,0.6756042296072508,1.6400147214716454,1495,true
4.0,0.4,1.0,0.02,42,135,0.3854033290653009,0.6447140381282496,2.494773044445088,2343,64,0.37190684133915575,0.6802960874162848,1.6498181458625927,1374,true
5.5,0.4,1.0,0.02,42,128,0.39421813403416556,0.6505446623093681,2.371439809170226,2283,68,0.40877914951989025,0.6460481099656358,1.6774575847732893,1458,true
7.0,0.4,1.0,0.02,42,132,0.3799298860648554,0.6585701191567369,2.5346436424938186,2282,64,0.3955431754874652,0.6613946800862689,1.6972526109027888,1436,true
9.0,0.4,1.0,0.02,42,112,0.34641407307171856,0.6983682983682984,2.275123815874653,2217,72,0.3906354515050167,0.6756042296072508,1.6400147214716454,1495,true
4.0,0.6,1.0,0.02,42,205,0.3013118916631401,0.6838397181858212,2.194627970248111,2363,170,0.3007146783947224,0.6945668135095447,1.772067430638462,1819,true
5.5,0.6,1.0,0.02,42,167,0.3243697478991597,0.7142857142857143,2.1778650945545643,2380,140,0.31043388429752067,0.70234375,1.853594285964073,1936,true
7.0,0.6,1.0,0.02,42,168,0.33360790774299837,0.7112048757618378,2.28031377631942,2428,166,0.29969012837538733,0.6919781931464174,1.8914679458669803,2259,true
9.0,0.6,1.0,0.02,42,145,0.3117744610281924,0.7417120237506185,2.4697665045371617,2412,139,0.30066722268557133,0.6998003992015968,1.9049308841189492,2398,true
4.0,0.8,1.0,0.02,42,229,0.29168443496801705,0.6666666666666666,2.2651852751179824,2345,150,0.2540834845735027,0.7362101313320826,1.5664489632662946,1653,true
5.5,0.8,1.0,0.02,42,176,0.28994845360824745,0.7076707202993452,2.0668451223466144,2328,163,0.2893258426966292,0.6932084309133489,1.9039952966946316,2136,true
7.0,0.8,1.0,0.02,42,159,0.3096179183135705,0.7361722956436613,2.208711575178336,2277,180,0.3063021316033364,0.7158023683135973,2.1089565555862753,2158,true
9.0,0.8,1.0,0.02,42,164,0.31941544885177453,0.7445843828715365,2.281013828373062,2395,163,0.2875536480686695,0.7259829752736117,1.6189023116948322,2563,true
4.0,0.2,2.0,0.02,42,176,0.4090909090909091,0.5404742436631235,2.979643956811117,2816,105,0.41331346249379036,0.552163604030824,1.8950981888865073,2013,true
5.5,0.2,2.0,0.02,42,164,0.3693661971830986,0.5865589111016589,2.804909204893095,2840,89,0.3945696129404968,0.6082027342447482,1.816975615611342,1731,true
7.0,0.2,2.0,0.02,42,154,0.3476868327402135,0.612145390070922,2.588469589267177,2810,99,0.38956246705324193,0.5736961451247166,1.9795893314062278,1897,true
9.0,0.2,2.0,0.02,42,140,0.32802075611564124,0.6371519853947969,2.619603337887432,2698,79,0.3457667258732978,0.6489051094890511,1.8121029332456025,1689,true
4.0,0.4,2.0,0.02,42,176,0.4090909090909091,0.5404742436631235,2.979643956811117,2816,105,0.41331346249379036,0.552163604030824,1.8950981888865073,2013,true
5.5,0.4,2.0,0.02,42,164,0.3693661971830986,0.5865589111016589,2.804909204893095,2840,89,0.3945696129404968,0.6082027342447482,1.816975615611342,1731,true
7.0,0.4,2.0,0.02,42,154,0.3476868327402135,0.612145390070922,2.588469589267177,2810,99,0.38956246705324193,0.5736961451247166,1.9795893314062278,1897,true
9.0,0.4,2.0,0.02,42,140,0.32802075611564124,0.6371519853947969,2.619603337887432,2698,79,0.3457667258732978,0.6489051094890511,1.8121029332456025,1689,true
4.0,0.6,2.0,0.02,42,241,0.31185475258098966,0.6389008158007728,2.3728483654198347,2809,217,0.27697684578418524,0.6688649774383895,1.7687902767358055,2289,true
5.5,0.6,2.0,0.02,42,216,0.32464861158724717,0.6493970522554712,2.4214857432418944,2917,244,0.2758260869565217,0.6143513609049134,2.0613685778752227,2875,true
7.0,0.6,2.0,0.02,42,222,0.3380710659898477,0.6599450045829515,2.4182252337505745,2955,227,0.2716436637390213,0.6272530641672674,2.279991834471381,3188,true
9.0,0.6,2.0,0.02,42,186,0.32142857142857145,0.6842105263157895,2.6600554379697576,2940,244,0.3047533092659446,0.6208206686930091,2.6082804766444307,3324,true
4.0,0.8,2.0,0.02,42,267,0.3081850533807829,0.6165736367539717,2.325010912820309,2810,261,0.2972111553784861,0.6275933609958506,1.8365032126374325,2510,true
5.5,0.8,2.0,0.02,42,250,0.2994486560992419,0.6518218623481782,2.2584101309675275,2902,248,0.28940123881624225,0.6357735304724126,2.157952016408412,2906,true
7.0,0.8,2.0,0.02,42,187,0.3242582897033159,0.6912751677852349,2.5957157001838835,2865,232,0.28999034438364985,0.638142747505756,2.2394046022679768,3107,true
9.0,0.8,2.0,0.02,42,183,0.31204188481675393,0.6971624266144814,2.6270362247497907,2865,239,0.29571384520505706,0.6321223709369025,2.614759144139078,3243,true
4.0,0.2,4.0,0.02,42,227,0.38800934336880355,0.4429992348890589,3.1561661430920593,3853,173,0.4097818902842036,0.4413493483260925,2.2808276222271804,3026,true
5.5,0.2,4.0,0.02,42,232,0.40151106314085266,0.4797458300238284,3.2497664557619044,3706,158,0.3963623884694578,0.4662891046386192,2.2309575313838077,2914,true
7.0,0.2,4.0,0.02,42,191,0.32312223858615613,0.551150895140665,3.242488391202047,3395,120,0.36775218427323275,0.5005931198102017,2.3348219787296047,2518,true
9.0,0.2,4.0,0.02,42,208,0.3326601269474899,0.5573991031390134,3.082250240790231,3466,134,0.3741120757695343,0.5276822020644354,2.2094947981915913,2534,true
4.0,0.4,4.0,0.02,42,227,0.38800934336880355,0.4429992348890589,3.1561661430920593,3853,173,0.4097818902842036,0.4413493483260925,2.2808276222271804,3026,true
5.5,0.4,4.0,0.02,42,232,0.40151106314085266,0.4797458300238284,3.2497664557619044,3706,158,0.3963623884694578,0.4662891046386192,2.2309575313838077,2914,true
7.0,0.4,4.0,0.02,42,191,0.32312223858615613,0.551150895140665,3.242488391202047,3395,120,0.36775218427323275,0.5005931198102017,2.3348219787296047,2518,true
9.0,0.4,4.0,0.02,42,208,0.3326601269474899,0.5573991031390134,3.082250240790231,3466,134,0.3741120757695343,0.5276822020644354,2.2094947981915913,2534,true
4.0,0.6,4.0,0.02,42,326,0.28602092836061177,0.5348368908578333,2.499726386521931,3727,405,0.2780861749933915,0.5063559322033898,2.2136895454048218,3783,true
5.5,0.6,4.0,0.02,42,311,0.31835106382978723,0.5580539656582175,2.468265513161169,3760,402,0.27859168241965976,0.47815384615384615,2.5779872508238837,4232,true
7.0,0.6,4.0,0.02,42,303,0.3215308513407967,0.5612959719789843,2.8510273559902624,3841,410,0.2851345578812473,0.5073954983922829,2.3905987242846085,4682,true
9.0,0.6,4.0,0.02,42,224,0.33445421624418004,0.6083720930232558,3.0555337341209863,3866,382,0.29879032258064514,0.49784268171257884,2.9523600190041783,4960,true
4.0,0.8,4.0,0.02,42,387,0.3089992036103,0.4918032786885246,2.8867398471392334,3767,436,0.27574509328810276,0.5002948113207547,2.3370636711005,4127,true
5.5,0.8,4.0,0.02,42,300,0.2919153553988063,0.569620253164557,2.405129748036004,3686,390,0.28187751004016065,0.5274547803617571,2.3461450719064483,3984,true
7.0,0.8,4.0,0.02,42,294,0.30849947534102834,0.5713028169014085,2.8316310643724383,3812,414,0.2925155925155925,0.49033892936331963,2.860312330465099,4810,true
9.0,0.8,4.0,0.02,42,247,0.3062651250336112,0.6240494296577946,3.019246227195877,3719,372,0.29192938209331654,0.5310656022214509,2.594000105993028,4758,true
4.0,0.2,1.0,0.005,77,63,0.33748133399701347,0.7071033210332104,2.029787123914372,2009,32,0.362400906002265,0.7718388512165936,1.417345637655291,883,false
5.5,0.2,1.0,0.005,77,84,0.4172661870503597,0.71875,1.9914997918308885,1946,51,0.4501557632398754,0.6878453038674033,1.46178370939569,1284,true
7.0,0.2,1.0,0.005,77,73,0.39160467587672687,0.7059396299902629,2.377391670348169,1882,43,0.39423942394239425,0.731378763866878,1.4196570976461254,1111,false
9.0,0.2,1.0,0.005,77,64,0.38430926662876636,0.7469512195121951,2.200001062242281,1759,44,0.4085422469823584,0.742724588781105,1.4623435248552914,1077,false
4.0,0.4,1.0,0.005,77,63,0.33748133399701347,0.7071033210332104,2.029787123914372,2009,32,0.362400906002265,0.7718388512165936,1.417345637655291,883,false
5.5,0.4,1.0,0.005,77,84,0.4172661870503597,0.71875,1.9914997918308885,1946,51,0.4501557632398754,0.6878453038674033,1.46178370939569,1284,true
7.0,0.4,1.0,0.005,77,73,0.39160467587672687,0.7059396299902629,2.377391670348169,1882,43,0.39423942394239425,0.731378763866878,1.4196570976461254,1111,false
9.0,0.4,1.0,0.005,77,64,0.38430926662876636,0.7469512195121951,2.200001062242281,1759,44,0.4085422469823584,0.742724588781105,1.4623435248552914,1077,false
4.0,0.6,1.0,0.005,77,95,0.3014223194748359,0.7553606237816765,1.8380855467830417,1828,58,0.28690036900369004,0.8065896448438169,1.3852121689744328,1084,true
5.5,0.6,1.0,0.005,77,59,0.2647887323943662,0.8101330603889457,1.944524016386818,1775,45,0.2714723926380368,0.8147822261328641,1.696996061620387,1304,false
7.0,0.6,1.0,0.005,77,68,0.32242489270386265,0.8035808320168509,2.233858313540839,1864,57,0.30485155684286747,0.8155031731640979,1.8857924714117413,1381,true
9.0,0.6,1.0,0.005,77,51,0.28458049886621317,0.8246822033898306,2.3153557892526453,1764,49,0.3070054945054945,0.8052365640790078,1.8306859387070102,1456,false
4.0,0.8,1.0,0.005,77,102,0.2933261571582347,0.763627353815659,2.018597691370625,1858,48,0.23868677905944988,0.8352788586251622,1.2339850329866175,1127,false
5.5,0.8,1.0,0.005,77,67,0.3009205983889528,0.8158713692946058,1.9699399287805437,1738,48,0.2894308943089431,0.8296703296703297,1.5047918036139936,1230,false
7.0,0.8,1.0,0.005,77,65,0.30906058921623125,0.8211814795103779,2.390320413942327,1799,63,0.3083032490974729,0.8344007319304666,1.6427358058629562,1385,true
9.0,0.8,1.0,0.005,77,77,0.33467510063254746,0.8159609120521173,2.0741068556955273,1739,46,0.3139111434814275,0.8512553292278541,1.6730141374858993,1373,false
4.0,0.2,2.0,0.005,77,84,0.369182635901447,0.6336898395721925,2.4485028724607836,2557,44,0.3682983682983683,0.7049836304110586,1.4807739997888825,1287,false
5.5,0.2,2.0,0.005,77,79,0.3665217391304348,0.676248821866164,2.4294100164457397,2300,54,0.4089272858171346,0.6782178217821783,1.5706426565075102,1389,true
7.0,0.2,2.0,0.005,77,84,0.386037910309755,0.6724386724386724,2.519726557693949,2163,50,0.3772696704774714,0.6897851488880513,1.5496486007287973,1487,true
9.0,0.2,2.0,0.005,77,65,0.33124346917450365,0.7229219143576826,2.4626206371485835,1914,43,0.3707142857142857,0.6991439054219323,1.6035743901799595,1400,false
4.0,0.4,2.0,0.005,77,84,0.369182635901447,0.6336898395721925,2.4485028724607836,2557,44,0.3682983682983683,0.7049836304110586,1.4807739997888825,1287,false
5.5,0.4,2.0,0.005,77,79,0.3665217391304348,0.676248821866164,2.4294100164457397,2300,54,0.4089272858171346,0.6782178217821783,1.5706426565075102,1389,true
7.0,0.4,2.0,0.005,77,84,0.386037910309755,0.6724386724386724,2.519726557693949,2163,50,0.3772696704774714,0.6897851488880513,1.5496486007287973,1487,true
9.0,0.4,2.0,0.005,77,65,0.33124346917450365,0.7229219143576826,2.4626206371485835,1914,43,0.3707142857142857,0.6991439054219323,1.6035743901799595,1400,false
4.0,0.6,2.0,0.005,77,127,0.29914893617021276,0.7042522694696608,2.267131192686294,2350,75,0.2669270833333333,0.7709611451942741,1.5639884823364307,1536,true
5.5,0.6,2.0,0.005,77,107,0.3010181496237273,0.7386759581881533,2.0088561402465057,2259,61,0.26373028820010874,0.7742749054224464,1.8020560938233907,1839,true
7.0,0.6,2.0,0.005,77,65,0.28668280871670704,0.777893098079917,2.403246358397735,2065,53,0.28398617511520735,0.7801911381407471,1.8624466142817502,1736,true
9.0,0.6,2.0,0.005,77,75,0.2726899383983573,0.7930489731437599,2.4452552580296176,2435,61,0.26858877086494687,0.7899867080194949,1.9336931553842152,1977,true
4.0,0.8,2.0,0.005,77,123,0.2813405047579644,0.7220058422590068,2.2351881599342884,2417,80,0.26306196840826246,0.7731958762886598,1.5821380607630544,1646,true
5.5,0.8,2.0,0.005,77,110,0.28165374677002586,0.7638819409704852,1.9705483285362306,2322,69,0.22074468085106383,0.8029850746268656,1.600655243681066,1880,true
7.0,0.8,2.0,0.005,77,81,0.291866028708134,0.784850078905839,2.2576512741261676,2299,67,0.2721227621483376,0.7718597425654683,1.9271974455825474,1955,true
9.0,0.8,2.0,0.005,77,73,0.25634178905206945,0.8044181034482759,2.356524838827156,2247,66,0.31902792140641156,0.778797613584213,2.0189459203899505,1934,true
4.0,0.2,4.0,0.005,77,115,0.3588181541273226,0.5623641894828335,2.8910042719741877,3283,70,0.37949465500485907,0.5779157138190134,1.8338120062396825,2058,true
5.5,0.2,4.0,0.005,77,99,0.37012509197939664,0.5898901098901099,2.8307785728885198,2718,68,0.40048543689320387,0.5632450331125828,1.9011240845948834,2060,true
7.0,0.2,4.0,0.005,77,91,0.34069400630914826,0.6297852474323062,2.6802324276622325,2536,66,0.39800443458980045,0.5814116002795248,1.8650653207639851,1804,true
9.0,0.2,4.0,0.005,77,91,0.33567169414240616,0.6221284575714956,2.8951627568482565,2851,73,0.3788271925272444,0.6016830294530154,1.8090386276152512,1927,true
4.0,0.4,4.0,0.005,77,115,0.3588181541273226,0.5623641894828335,2.8910042719741877,3283,70,0.37949465500485907,0.5779157138190134,1.8338120062396825,2058,true
5.5,0.4,4.0,0.005,77,99,0.37012509197939664,0.5898901098901099,2.8307785728885198,2718,68,0.40048543689320387,0.5632450331125828,1.9011240845948834,2060,true
7.0,0.4,4.0,0.005,77,91,0.34069400630914826,0.6297852474323062,2.6802324276622325,2536,66,0.39800443458980045,0.5814116002795248,1.8650653207639851,1804,true
9.0,0.4,4.0,0.005,77,91,0.33567169414240616,0.6221284575714956,2.8951627568482565,2851,73,0.3788271925272444,0.6016830294530154,1.8090386276152512,1927,true
4.0,0.6,4.0,0.005,77,167,0.2961832061068702,0.6156583629893239,2.300426952750342,3275,83,0.23047043590850239,0.726878612716763,1.438004614012573,2317,true
5.5,0.6,4.0,0.005,77,123,0.3154800783801437,0.6585365853658537,2.4301141136210465,3062,133,0.28343174713442165,0.6694183864915573,1.9223073226706036,2879,true
7.0,0.6,4.0,0.005,77,102,0.273778071334214,0.7134972403411942,2.802938402736716,3028,103,0.2516316171138506,0.6943548387096774,2.4143649931218043,2758,true
9.0,0.6,4.0,0.005,77,110,0.2854947756607253,0.7132579650565262,2.7360858876549417,3254,113,0.25920245398773006,0.6808951512639867,2.575238186535442,3260,true
4.0,0.8,4.0,0.005,77,163,0.2733644859813084,0.6568213783403657,2.554867248965774,2996,102,0.23150249659555153,0.7194552529182879,1.6069804319479482,2203,true
5.5,0.8,4.0,0.005,77,134,0.30158730158730157,0.6698427822772749,2.3842208068067383,3024,94,0.24146981627296588,0.7030446816923686,1.9094319064628613,2667,true
7.0,0.8,4.0,0.005,77,113,0.2983178853415723,0.7334700153767298,2.5941114353752983,2913,96,0.27066335579992906,0.7084367245657568,2.0439302618734168,2819,true
9.0,0.8,4.0,0.005,77,93,0.25833924769339955,0.7568,2.614213904354833,2818,73,0.22015209125475285,0.751113089937667,2.24193469657809,2630,true
4.0,0.2,1.0,0.01,77,122,0.38745063624396664,0.6337843736359668,2.4957160035901182,2279,61,0.40129449838187703,0.6861002488446498,1.4247190034705965,1236,true
5.5,0.2,1.0,0.01,77,117,0.39485559566787004,0.6581868640148011,2.4281013680762515,2216,75,0.39657631954350925,0.6898475269616958,1.5750355027943146,1402,true
7.0,0.2,1.0,0.01,77,107,0.3737796373779637,0.6654528903049614,2.2758455492265726,2151,69,0.42077922077922075,0.5953599454111225,1.8418609858356303,1540,true
9.0,0.2,1.0,0.01,77,106,0.384927797833935,0.6895064686152372,2.3578368192998123,2216,63,0.4024864024864025,0.7069498069498069,1.5468409097317732,1287,true
4.0,0.4,1.0,0.01,77,122,0.38745063624396664,0.6337843736359668,2.4957160035901182,2279,61,0.40129449838187703,0.6861002488446498,1.4247190034705965,1236,true
5.5,0.4,1.0,0.01,77,117,0.39485559566787004,0.6581868640148011,2.4281013680762515,2216,75,0.39657631954350925,0.6898475269616958,1.5750355027943146,1402,true
7.0,0.4,1.0,0.01,77,107,0.3737796373779637,0.6654528903049614,2.2758455492265726,2151,69,0.42077922077922075,0.5953599454111225,1.8418609858356303,1540,true
9.0,0.4,1.0,0.01,77,106,0.384927797833935,0.6895064686152372,2.3578368192998123,2216,63,0.4024864024864025,0.7069498069498069,1.5468409097317732,1287,true
4.0,0.6,1.0,0.01,77,159,0.3077279037482647,0.7050161067648413,2.159297209403304,2161,91,0.2719665271966527,0.769876148621654,1.613061028329211,1434,true
5.5,0.6,1.0,0.01,77,125,0.289086859688196,0.7496409765438009,1.9014597380986134,2245,100,0.2930045871559633,0.7555735711390352,1.7091277478116904,1744,true
7.0,0.6,1.0,0.01,77,133,0.32833261894556365,0.733862959285005,2.2733684371603724,2333,116,0.31772090777402223,0.7275374376039934,2.067007764028678,2071,true
9.0,0.6,1.0,0.01,77,102,0.3117283950617284,0.7768721344880285,2.4641290689485236,2268,99,0.33094897472579876,0.743861134631668,2.0289327904216754,2097,true
4.0,0.8,1.0,0.01,77,148,0.2850423330197554,0.7241867043847242,2.1313129880722945,2126,116,0.3022959183673469,0.7618858954041204,1.4965262795108742,1568,true
5.5,0.8,1.0,0.01,77,139,0.30828779599271405,0.7271400778210116,2.2588970439259084,2196,108,0.2945326278659612,0.7694859038142621,1.746675525784811,1701,true
7.0,0.8,1.0,0.01,77,125,0.3029731005191128,0.7659898477157361,2.1083164583942584,2119,138,0.3175783324482209,0.7484062898427539,1.7651664533175415,1883,true
9.0,0.8,1.0,0.01,77,116,0.3075829383886256,0.788604898828541,2.471044563698481,2110,104,0.29490351311232066,0.7646282446106467,2.164000067728308,2021,true
4.0,0.2,2.0,0.01,77,141,0.3685897435897436,0.5857962064402293,2.8231536369137404,2808,78,0.4284919309961046,0.5854378484749098,1.75945604593327,1797,true
5.5,0.2,2.0,0.01,77,138,0.37012012012012013,0.6064063185607723,2.8753988381620044,2664,76,0.38362068965517243,0.6001304631441617,1.749187234535519,1856,true
7.0,0.2,2.0,0.01,77,125,0.375,0.630584983878397,2.6669629077433625,2520,74,0.3929193267556587,0.603424178895877,1.6854185218455007,1723,true
9.0,0.2,2.0,0.01,77,114,0.3298804780876494,0.6557530402245089,2.831122886315379,2510,74,0.3785103785103785,0.6444362564480471,1.7566322713206137,1638,true
4.0,0.4,2.0,0.01,77,141,0.3685897435897436,0.5857962064402293,2.8231536369137404,2808,78,0.4284919309961046,0.5854378484749098,1.75945604593327,1797,true
5.5,0.4,2.0,0.01,77,138,0.37012012012012013,0.6064063185607723,2.8753988381620044,2664,76,0.38362068965517243,0.6001304631441617,1.749187234535519,1856,true
7.0,0.4,2.0,0.01,77,125,0.375,0.630584983878397,2.6669629077433625,2520,74,0.3929193267556587,0.603424178895877,1.6854185218455007,1723,true
9.0,0.4,2.0,0.01,77,114,0.3298804780876494,0.6557530402245089,2.831122886315379,2510,74,0.3785103785103785,0.6444362564480471,1.7566322713206137,1638,true
4.0,0.6,2.0,0.01,77,212,0.31103074141048825,0.6370826010544816,2.092019212480247,2765,119,0.2605827377680044,0.7292432035268185,1.6525697695905155,1819,true
5.5,0.6,2.0,0.01,77,137,0.29313476207773337,0.7006427915518825,2.2568700855162502,2753,149,0.2809439002671416,0.6945288753799392,1.829125070891435,2246,true
7.0,0.6,2.0,0.01,77,135,0.30627871362940273,0.7024914509037616,2.622916643654124,2612,152,0.3320031923383879,0.6719118804091266,1.7987580297218102,2506,true
9.0,0.6,2.0,0.01,77,130,0.2922222222222222,0.7380352644836272,2.6206238159315633,2700,162,0.3133093525179856,0.6921202274573518,2.3128162724300267,2780,true
4.0,0.8,2.0,0.01,77,200,0.27111613876319757,0.6639418710263397,2.2137801559250905,2652,134,0.2650273224043716,0.7339137017411053,1.456045863860607,1830,true
5.5,0.8,2.0,0.01,77,176,0.3097211755840241,0.6819703491152559,2.3979160230637744,2654,151,0.2542158516020236,0.7151873767258383,1.7081934075445186,2372,true
7.0,0.8,2.0,0.01,77,142,0.29791132282887506,0.7202729044834308,2.366846794840107,2729,154,0.3125725338491296,0.7029940119760479,1.9696579170867006,2585,true
9.0,0.8,2.0,0.01,77,109,0.2996331023236853,0.7627471383975026,2.3681892422782913,2453,151,0.2804308797127469,0.7101806239737274,2.331077993591361,2785,true
4.0,0.2,4.0,0.01,77,165,0.38887373875102266,0.48894154818325436,3.125465970387275,3667,111,0.3920770085153647,0.4937669376693767,1.9188384256197375,2701,true
5.5,0.2,4.0,0.01,77,163,0.3639018691588785,0.5286624203821656,3.2430690509518625,3424,117,0.4,0.4947765525246663,2.1896785508405316,2550,true
7.0,0.2,4.0,0.01,77,146,0.3489583333333333,0.5575650639611822,3.0246244306348284,3264,109,0.40146548399537213,0.46356275303643724,2.322372965859811,2593,true
9.0,0.2,4.0,0.01,77,153,0.3375736891095253,0.5788043478260869,2.937114035021588,3223,109,0.38945147679324893,0.5220657276995305,1.9553016165874402,2370,true
4.0,0.4,4.0,0.01,77,165,0.38887373875102266,0.48894154818325436,3.125465970387275,3667,111,0.3920770085153647,0.4937669376693767,1.9188384256197375,2701,true
5.5,0.4,4.0,0.01,77,163,0.3639018691588785,0.5286624203821656,3.2430690509518625,3424,117,0.4,0.4947765525246663,2.1896785508405316,2550,true
7.0,0.4,4.0,0.01,77,146,0.3489583333333333,0.5575650639611822,3.0246244306348284,3264,109,0.40146548399537213,0.46356275303643724,2.322372965859811,2593,true
9.0,0.4,4.0,0.01,77,153,0.3375736891095253,0.5788043478260869,2.937114035021588,3223,109,0.38945147679324893,0.5220657276995305,1.9553016165874402,2370,true
4.0,0.6,4.0,0.01,77,245,0.30076249646992376,0.5674204355108877,2.573547580558168,3541,235,0.26490897677338354,0.5858945325137496,1.982681135726495,3186,true
5.5,0.6,4.0,0.01,77,228,0.3074333800841515,0.582995951417004,2.7074689747478344,3565,243,0.2727272727272727,0.5618434429007116,2.2603817921678835,3762,true
7.0,0.6,4.0,0.01,77,181,0.2911280846063455,0.6182648401826484,3.015640571638643,3404,224,0.29410088344257623,0.597667638483965,2.4632218751272337,3509,true
9.0,0.6,4.0,0.01,77,175,0.29256198347107437,0.6677725118483412,2.756112302408278,3630,230,0.26480420248328557,0.5864494631617919,2.8634356493291926,4188,true
4.0,0.8,4.0,0.01,77,270,0.3169352558665536,0.5490533562822719,2.592116169227186,3537,264,0.23770491803278687,0.5980327868852459,1.8642016956423515,3416,true
5.5,0.8,4.0,0.01,77,252,0.31637293916998294,0.5965703971119134,2.4042516249568995,3518,226,0.26159301691216585,0.6152227288670642,1.8761019607801768,3666,true
7.0,0.8,4.0,0.01,77,195,0.26555429864253394,0.632026452527161,2.54048921246782,3536,231,0.26572528883183566,0.5843307943416758,2.1397922758069376,3895,true
9.0,0.8,4.0,0.01,77,182,0.2608825283243888,0.7006018054162487,2.5885069653180692,3354,215,0.2870229007633588,0.6073500967117988,2.5350774284276247,3930,true
4.0,0.2,1.0,0.02,77,120,0.36575342465753424,0.6791793976429507,2.0786346574561017,2190,61,0.3384491114701131,0.738176314793795,1.5850493374394876,1238,true
5.5,0.2,1.0,0.02,77,131,0.3866943866943867,0.6210065645514223,2.5020499951778574,2405,78,0.4479638009049774,0.6052278820375335,1.696697979763344,1547,true
7.0,0.2,1.0,0.02,77,136,0.39730785931393836,0.6671315667131567,2.504864116404695,2303,65,0.38344226579520696,0.6844262295081968,1.6982640994887128,1377,true
9.0,0.2,1.0,0.02,77,141,0.38816067653276953,0.6727188081936686,2.3517263145731664,2365,90,0.3955321944809461,0.6774668630338734,1.7032043533758519,1522,true
4.0,0.4,1.0,0.02,77,120,0.36575342465753424,0.6791793976429507,2.0786346574561017,2190,61,0.3384491114701131,0.738176314793795,1.5850493374394876,1238,true
5.5,0.4,1.0,0.02,77,131,0.3866943866943867,0.6210065645514223,2.5020499951778574,2405,78,0.4479638009049774,0.6052278820375335,1.696697979763344,1547,true
7.0,0.4,1.0,0.02,77,136,0.39730785931393836,0.6671315667131567,2.504864116404695,2303,65,0.38344226579520696,0.6844262295081968,1.6982640994887128,1377,true
9.0,0.4,1.0,0.02,77,141,0.38816067653276953,0.6727188081936686,2.3517263145731664,2365,90,0.3955321944809461,0.6774668630338734,1.7032043533758519,1522,true
4.0,0.6,1.0,0.02,77,211,0.3036013400335008,0.6736020806241872,1.9732250358012715,2388,163,0.3071266968325792,0.7084398976982097,1.7207996359753854,1768,true
5.5,0.6,1.0,0.02,77,193,0.3198981756470089,0.6966343937298294,2.283350954944674,2357,160,0.3133147113594041,0.6944235116804823,1.9237920415702847,2148,true
7.0,0.6,1.0,0.02,77,169,0.3708609271523179,0.6929906542056075,2.4138514895947356,2416,169,0.3045512547851978,0.6984807167900273,1.714703805372088,2351,true
9.0,0.6,1.0,0.02,77,173,0.337344398340249,0.7417635658914729,2.308816269735784,2410,178,0.33997608609007574,0.6852669610598153,2.0726057083320883,2509,true
4.0,0.8,1.0,0.02,77,212,0.2729229444683599,0.6741472172351886,2.1978102827513752,2323,156,0.32244404113732605,0.7163443306788017,1.5636435331325151,1653,true
5.5,0.8,1.0,0.02,77,200,0.3439282803585982,0.7006993006993008,2.124129049208663,2454,188,0.28741496598639454,0.7017208413001912,1.902620801730405,2352,true
7.0,0.8,1.0,0.02,77,188,0.32016806722689073,0.7150459603289792,2.2668593975598843,2380,208,0.30012505210504375,0.6914263137099961,1.8801867374228949,2399,true
9.0,0.8,1.0,0.02,77,179,0.3249691484985603,0.7362962962962963,2.284482128485528,2431,181,0.3003194888178914,0.7131181038005722,2.243986155026068,2504,true
4.0,0.2,2.0,0.02,77,162,0.41399517407790415,0.5401310401310402,2.9404187385697433,2901,108,0.4182879377431907,0.5495793269230769,1.828055355509494,2056,true
5.5,0.2,2.0,0.02,77,160,0.39222492190211733,0.5932346723044397,2.5903448585678075,2881,113,0.4443935926773455,0.5007368110816387,2.111018512976238,2185,true
7.0,0.2,2.0,0.02,77,168,0.3877917414721723,0.5940285204991087,2.887955366745981,2785,99,0.41133263378803775,0.5956953642384106,1.8098125610205493,1906,true
9.0,0.2,2.0,0.02,77,151,0.3602326426753908,0.6282460136674259,2.6182143646289036,2751,85,0.35498960498960497,0.6138369219908224,1.8478688737393856,1924,true
4.0,0.4,2.0,0.02,77,162,0.41399517407790415,0.5401310401310402,2.9404187385697433,2901,108,0.4182879377431907,0.5495793269230769,1.828055355509494,2056,true
5.5,0.4,2.0,0.02,77,160,0.39222492190211733,0.5932346723044397,2.5903448585678075,2881,113,0.4443935926773455,0.5007368110816387,2.111018512976238,2185,true
7.0,0.4,2.0,0.02,77,168,0.3877917414721723,0.5940285204991087,2.887955366745981,2785,99,0.41133263378803775,0.5956953642384106,1.8098125610205493,1906,true
9.0,0.4,2.0,0.02,77,151,0.3602326426753908,0.6282460136674259,2.6182143646289036,2751,85,0.35498960498960497,0.6138369219908224,1.8478688737393856,1924,true
4.0,0.6,2.0,0.02,77,257,0.30017574692442883,0.6291278577476714,2.4815030021325963,2845,189,0.25460717749757517,0.6810493614083535,1.5817268557488717,2062,true
5.5,0.6,2.0,0.02,77,208,0.3212058212058212,0.6342984409799555,2.35134163227584,2886,212,0.2743396226415094,0.6339189673718179,2.180510043434249,2650,true
7.0,0.6,2.0,0.02,77,204,0.3263961151578217,0.6502955889040473,2.618397667771351,2883,265,0.2894485176920625,0.610806863818912,2.2627768477319883,3137,true
9.0,0.6,2.0,0.02,77,185,0.33539094650205764,0.6946601941747573,2.568894010994246,2916,227,0.2961841308298001,0.6390057361376673,2.445831119475136,3302,true
4.0,0.8,2.0,0.02,77,286,0.3103448275862069,0.6115233522479266,2.2715438174404636,2813,238,0.2576860841423948,0.6845301893533404,1.8909130129346992,2472,true
5.5,0.8,2.0,0.02,77,247,0.3313813296589735,0.627763041556145,2.1730195966382944,2903,240,0.2391304347826087,0.6560808372428726,1.700634623742982,2852,true
7.0,0.8,2.0,0.02,77,188,0.31685547545485754,0.6821378340365682,2.726992187966143,2913,274,0.28100470957613816,0.6316964285714286,2.0506224713301764,3185,true
9.0,0.8,2.0,0.02,77,221,0.32051282051282054,0.6858407079646017,2.485981892674803,2964,254,0.29982964224872233,0.6220973782771536,2.524206016245387,3522,true
4.0,0.2,4.0,0.02,77,198,0.36649214659685864,0.4796500570559148,3.1634971937362684,3629,141,0.41410732365845426,0.40525231719876414,2.4528041422835196,2963,true
5.5,0.2,4.0,0.02,77,234,0.38755602425520697,0.4535200311162972,3.3197210365085708,3793,160,0.42324786324786323,0.41782378187326435,2.4760738873380417,2925,true
7.0,0.2,4.0,0.02,77,205,0.37251655629139074,0.5101701951017019,3.302743910687208,3624,174,0.39104477611940297,0.4377564979480164,2.4246912345689453,3015,true
9.0,0.2,4.0,0.02,77,190,0.3474838346921563,0.559051724137931,2.907290658508223,3557,110,0.34429257480605835,0.5401273885350318,1.9726166765085669,2707,true
4.0,0.4,4.0,0.02,77,198,0.36649214659685864,0.4796500570559148,3.1634971937362684,3629,141,0.41410732365845426,0.40525231719876414,2.4528041422835196,2963,true
5.5,0.4,4.0,0.02,77,234,0.38755602425520697,0.4535200311162972,3.3197210365085708,3793,160,0.42324786324786323,0.41782378187326435,2.4760738873380417,2925,true
7.0,0.4,4.0,0.02,77,205,0.37251655629139074,0.5101701951017019,3.302743910687208,3624,174,0.39104477611940297,0.4377564979480164,2.4246912345689453,3015,true
9.0,0.4,4.0,0.02,77,190,0.3474838346921563,0.559051724137931,2.907290658508223,3557,110,0.34429257480605835,0.5401273885350318,1.9726166765085669,2707,true
4.0,0.6,4.0,0.02,77,376,0.32857883817427386,0.5036864571206829,2.719578427063658,3856,357,0.2630995286942057,0.5512555391432792,2.097302921868582,3607,true
5.5,0.6,4.0,0.02,77,296,0.3066013408973698,0.5499587118084228,2.6643668757018464,3878,380,0.30285175583313695,0.4911846582121868,2.501586980485235,4243,true
7.0,0.6,4.0,0.02,77,251,0.32818134981968056,0.5639686684073107,3.0755100003718496,3882,413,0.27824443511129776,0.46573604060913704,3.011076281676012,4762,true
9.0,0.6,4.0,0.02,77,277,0.314256515074093,0.5904499540863177,3.2861753842142902,3914,420,0.28104575163398693,0.5068627450980392,2.852904087998492,5049,true
4.0,0.8,4.0,0.02,77,389,0.3236932873441231,0.5126582278481012,2.501962757826718,3769,418,0.26480836236933797,0.5078901227352426,2.003353521824019,4018,true
5.5,0.8,4.0,0.02,77,316,0.3198617388992289,0.5582874099194574,2.8008041690736336,3761,402,0.2660805182785747,0.5073322932917317,2.36773191191568,4322,true
7.0,0.8,4.0,0.02,77,305,0.32814890362060173,0.5757843570481661,3.0218004899364814,3922,426,0.2881773399014778,0.5053071727243487,2.3109188070685396,4872,true
9.0,0.8,4.0,0.02,77,266,0.30362694300518134,0.614502065167508,2.725753714374802,3860,407,0.26737314041165683,0.5124831309041835,2.717169971458993,4907,true
