lot_id,x,y,dist_centre,avg_res_rent,avg_com_rent,avg_occ_res,avg_occ_com,avg_job_access
1,1,1,23.00,1.0000,1.0000,0.0000,0.0000,0.0000
2,2,1,22.00,1.0000,1.0000,0.0000,0.0000,0.0000
3,3,1,21.00,1.0000,1.0000,0.0000,0.0000,0.0000
4,4,1,20.00,1.0000,1.0000,0.0000,0.0000,0.0000
5,5,1,19.00,1.0000,1.0000,0.0000,0.0000,0.0000
6,6,1,18.00,1.0000,1.0000,0.0000,0.0000,0.0000
7,7,1,17.00,1.0000,1.0000,0.0000,0.0000,0.0000
8,8,1,16.00,1.0000,1.0000,0.0000,0.0000,0.0000
9,9,1,15.00,1.0125,1.0000,0.0124,0.0000,0.0000
10,10,1,14.00,1.0000,1.0000,0.0000,0.0000,0.0000
11,11,1,13.00,1.0000,1.0000,0.0000,0.0000,0.0000
12,12,1,12.00,1.0000,1.0000,0.0000,0.0000,0.0000
13,13,1,12.00,1.0000,1.0000,0.0000,0.0000,0.0000
14,14,1,13.00,1.0000,1.0000,0.0000,0.0000,0.0000
15,15,1,14.00,1.0000,1.0000,0.0000,0.0000,0.0000
16,16,1,15.00,1.0000,1.0000,0.0000,0.0000,0.0000
17,17,1,16.00,1.0000,1.0000,0.0000,0.0000,0.0032
18,18,1,17.00,1.0000,1.0000,0.0000,0.0000,0.0344
19,19,1,18.00,1.0000,1.0000,0.0000,0.0000,0.0040
20,20,1,19.00,1.0002,1.0000,0.0016,0.0000,0.0040
21,21,1,20.00,1.0000,1.0000,0.0000,0.0000,0.0061
22,22,1,21.00,1.0000,1.0000,0.0000,0.0000,0.0000
23,23,1,22.00,1.0000,1.0000,0.0000,0.0000,0.0000
24,24,1,23.00,1.0000,1.0000,0.0000,0.0000,0.0000
25,1,2,22.00,1.0000,1.0000,0.0000,0.0000,0.0000
26,2,2,21.00,1.0000,1.0000,0.0000,0.0000,0.0000
27,3,2,20.00,1.0000,1.0000,0.0000,0.0000,0.0000
28,4,2,19.00,1.0000,1.0000,0.0000,0.0000,0.0000
29,5,2,18.00,1.0000,1.0000,0.0000,0.0000,0.0000
30,6,2,17.00,1.0000,1.0000,0.0000,0.0000,0.0000
31,7,2,16.00,1.0000,1.0000,0.0000,0.0000,0.0000
32,8,2,15.00,1.0000,1.0000,0.0000,0.0000,0.0000
33,9,2,14.00,1.0000,1.0000,0.0000,0.0000,0.0000
34,10,2,13.00,1.0000,1.0000,0.0000,0.0000,0.0000
35,11,2,12.00,1.0000,1.0000,0.0000,0.0000,0.0000
36,12,2,11.00,1.0000,1.0000,0.0000,0.0000,0.0000
37,13,2,11.00,1.0000,1.0000,0.0000,0.0000,0.0000
38,14,2,12.00,1.0000,1.0000,0.0000,0.0000,0.0000
39,15,2,13.00,1.0000,1.0000,0.0000,0.0000,0.0000
40,16,2,14.00,1.0000,1.0000,0.0000,0.0000,0.0032
41,17,2,15.00,1.0000,1.0000,0.0000,0.0000,0.0498
42,18,2,16.00,1.0000,1.0000,0.0000,0.0000,0.0859
43,19,2,17.00,1.0000,1.0000,0.0000,0.0000,0.0726
44,20,2,18.00,1.0000,1.0000,0.0000,0.0000,0.0601
45,21,2,19.00,1.0000,1.0000,0.0000,0.0000,0.0644
46,22,2,20.00,1.0000,1.0000,0.0000,0.0000,0.0222
47,23,2,21.00,1.0000,1.0000,0.0000,0.0000,0.0003
48,24,2,22.00,1.0000,1.0000,0.0000,0.0000,0.0000
49,1,3,21.00,1.0000,1.0000,0.0000,0.0000,0.0000
50,2,3,20.00,1.0000,1.0000,0.0000,0.0000,0.0000
51,3,3,19.00,1.0000,1.0000,0.0000,0.0000,0.0000
52,4,3,18.00,1.0000,1.0000,0.0000,0.0000,0.0000
53,5,3,17.00,1.0000,1.0000,0.0000,0.0000,0.0000
54,6,3,16.00,1.0000,1.0000,0.0000,0.0000,0.0000
55,7,3,15.00,1.0000,1.0000,0.0000,0.0000,0.0000
56,8,3,14.00,1.0000,1.0000,0.0000,0.0000,0.0000
57,9,3,13.00,1.0000,1.0000,0.0000,0.0000,0.0000
58,10,3,12.00,1.0000,1.0000,0.0000,0.0000,0.0000
59,11,3,11.00,1.0000,1.0000,0.0000,0.0000,0.0000
60,12,3,10.00,1.0000,1.0000,0.0000,0.0000,0.0000
61,13,3,10.00,1.0000,1.0000,0.0000,0.0000,0.0000
62,14,3,11.00,1.0000,1.0000,0.0000,0.0000,0.0000
63,15,3,12.00,1.0000,1.0000,0.0000,0.0000,0.0032
64,16,3,13.00,1.0000,1.0000,0.0000,0.0000,0.0871
65,17,3,14.00,1.0000,1.0000,0.0000,0.0000,0.1205
66,18,3,15.00,1.0000,1.0000,0.0000,0.0000,0.2110
67,19,3,16.00,1.0000,1.0000,0.0000,0.0000,0.3874
68,20,3,17.00,1.0000,1.0000,0.0000,0.0000,0.3402
69,21,3,18.00,1.0000,1.0000,0.0000,0.0000,0.4187
70,22,3,19.00,1.0000,1.0000,0.0000,0.0000,0.1245
71,23,3,20.00,1.0000,1.0000,0.0000,0.0000,0.0431
72,24,3,21.00,1.0000,1.0000,0.0000,0.0000,0.0016
73,1,4,20.00,1.0000,1.0000,0.0000,0.0000,0.0000
74,2,4,19.00,1.0000,1.0000,0.0000,0.0000,0.0000
75,3,4,18.00,1.0000,1.0000,0.0000,0.0000,0.0000
76,4,4,17.00,1.0000,1.0000,0.0000,0.0000,0.0000
77,5,4,16.00,1.0000,1.0000,0.0000,0.0000,0.0000
78,6,4,15.00,1.0000,1.0000,0.0000,0.0000,0.0000
79,7,4,14.00,1.0000,1.0000,0.0000,0.0000,0.0000
80,8,4,13.00,1.0000,1.0000,0.0000,0.0000,0.0000
81,9,4,12.00,1.0000,1.0000,0.0000,0.0000,0.0000
82,10,4,11.00,1.0000,1.0000,0.0000,0.0000,0.0000
83,11,4,10.00,1.0000,1.0000,0.0000,0.0000,0.0000
84,12,4,9.00,1.0000,1.0000,0.0000,0.0000,0.0000
85,13,4,9.00,1.0000,1.0000,0.0000,0.0000,0.0000
86,14,4,10.00,1.0000,1.0000,0.0000,0.0000,0.0034
87,15,4,11.00,1.0000,1.0000,0.0000,0.0000,0.0952
88,16,4,12.00,1.0000,1.0000,0.0000,0.0000,0.2041
89,17,4,13.00,1.0000,1.0000,0.0000,0.0000,0.3628
90,18,4,14.00,1.0021,1.0000,0.0600,0.0000,0.7572
91,19,4,15.00,1.0000,1.0000,0.0000,0.0000,1.0291
92,20,4,16.00,1.0000,1.0000,0.0000,0.0000,1.1003
93,21,4,17.00,1.0000,1.0000,0.0000,0.0000,0.9797
94,22,4,18.00,1.0000,1.0000,0.0000,0.0000,0.5428
95,23,4,19.00,1.0000,1.0000,0.0000,0.0000,0.1609
96,24,4,20.00,1.0000,1.0000,0.0000,0.0000,0.0456
97,1,5,19.00,1.0000,1.0000,0.0000,0.0000,0.0000
98,2,5,18.00,1.0000,1.0000,0.0000,0.0000,0.0000
99,3,5,17.00,1.0000,1.0000,0.0000,0.0000,0.0000
100,4,5,16.00,1.0000,1.0000,0.0000,0.0000,0.0000
101,5,5,15.00,1.0000,1.0000,0.0000,0.0000,0.0000
102,6,5,14.00,1.0000,1.0000,0.0000,0.0000,0.0000
103,7,5,13.00,1.0000,1.0000,0.0000,0.0000,0.0000
104,8,5,12.00,1.0000,1.0000,0.0000,0.0000,0.0000
105,9,5,11.00,1.0000,1.0000,0.0000,0.0000,0.0000
106,10,5,10.00,1.0000,1.0000,0.0000,0.0000,0.0000
107,11,5,9.00,1.0000,1.0000,0.0000,0.0000,0.0000
108,12,5,8.00,1.0000,1.0000,0.0000,0.0000,0.0000
109,13,5,8.00,1.0000,1.0000,0.0000,0.0000,0.0034
110,14,5,9.00,1.0000,1.0000,0.0000,0.0000,0.0955
111,15,5,10.00,1.0000,1.0000,0.0000,0.0000,0.2325
112,16,5,11.00,1.0000,1.0000,0.0000,0.0000,0.5065
113,17,5,12.00,1.0000,1.0000,0.0004,0.0000,1.1478
114,18,5,13.00,1.0001,1.0000,0.0012,0.0000,1.6903
115,19,5,14.00,1.0000,1.0000,0.0008,0.0000,2.0253
116,20,5,15.00,1.0000,1.0000,0.0296,0.0000,2.1013
117,21,5,16.00,1.0000,1.0000,0.0000,0.0000,1.7439
118,22,5,17.00,1.0000,1.0000,0.0000,0.0000,1.1640
119,23,5,18.00,1.0000,1.0000,0.0000,0.0000,0.6071
120,24,5,19.00,1.0000,1.0000,0.0000,0.0000,0.1693
121,1,6,18.00,1.0000,1.0000,0.0000,0.0000,0.0000
122,2,6,17.00,1.0000,1.0000,0.0000,0.0000,0.0000
123,3,6,16.00,1.0000,1.0000,0.0000,0.0000,0.0000
124,4,6,15.00,1.0000,1.0000,0.0000,0.0000,0.0000
125,5,6,14.00,1.0000,1.0000,0.0000,0.0000,0.0000
126,6,6,13.00,1.0000,1.0000,0.0000,0.0000,0.0000
127,7,6,12.00,1.0000,1.0000,0.0000,0.0000,0.0000
128,8,6,11.00,1.0000,1.0000,0.0000,0.0000,0.0000
129,9,6,10.00,1.0000,1.0000,0.0000,0.0000,0.0000
130,10,6,9.00,1.0000,1.0000,0.0000,0.0000,0.0000
131,11,6,8.00,1.0000,1.0000,0.0000,0.0000,0.0000
132,12,6,7.00,1.0000,1.0000,0.0000,0.0000,0.0034
133,13,6,7.00,1.0000,1.0000,0.0000,0.0000,0.0955
134,14,6,8.00,1.0000,1.0000,0.0000,0.0000,0.2331
135,15,6,9.00,1.0000,1.0000,0.0000,0.0000,0.5445
136,16,6,10.00,1.0000,1.0000,0.0004,0.0000,1.3323
137,17,6,11.00,1.0178,1.0000,0.0376,0.0000,2.2536
138,18,6,12.00,1.0000,1.0000,0.0004,0.0000,2.9267
139,19,6,13.00,1.0001,1.0000,0.0012,0.0000,3.2344
140,20,6,14.00,1.0000,1.0000,0.0312,0.0000,3.2549
141,21,6,15.00,1.0099,1.0000,0.0124,0.0000,2.8348
142,22,6,16.00,1.0000,1.0000,0.0000,0.0000,2.0643
143,23,6,17.00,1.0000,1.0000,0.0000,0.0000,1.2792
144,24,6,18.00,1.0000,1.0000,0.0008,0.0000,0.6268
145,1,7,17.00,1.0000,1.0000,0.0000,0.0000,0.0000
146,2,7,16.00,1.0000,1.0000,0.0000,0.0000,0.0000
147,3,7,15.00,1.0000,1.0000,0.0000,0.0000,0.0000
148,4,7,14.00,1.0000,1.0000,0.0000,0.0000,0.0000
149,5,7,13.00,1.0000,1.0000,0.0000,0.0000,0.0000
150,6,7,12.00,1.0000,1.0000,0.0000,0.0000,0.0000
151,7,7,11.00,1.0000,1.0000,0.0000,0.0000,0.0000
152,8,7,10.00,1.0000,1.0000,0.0000,0.0000,0.0000
153,9,7,9.00,1.0134,1.0000,0.0128,0.0000,0.0000
154,10,7,8.00,1.0000,1.0000,0.0000,0.0000,0.0000
155,11,7,7.00,1.0000,1.0000,0.0000,0.0000,0.0034
156,12,7,6.00,1.0000,1.0000,0.0000,0.0000,0.0955
157,13,7,6.00,1.0000,1.0000,0.0000,0.0000,0.2331
158,14,7,7.00,1.0230,1.0000,0.0268,0.0000,0.5460
159,15,7,8.00,1.0000,1.0000,0.0000,0.0000,1.3723
160,16,7,9.00,1.0203,1.0000,0.0152,0.0000,2.4362
161,17,7,10.00,1.0000,1.0000,0.0000,0.0000,3.5844
162,18,7,11.00,1.0146,1.0000,0.0784,0.0000,4.4698
163,19,7,12.00,1.0141,1.0000,0.1292,0.0000,4.7010
164,20,7,13.00,1.0046,1.0000,0.2164,0.0000,4.6198
165,21,7,14.00,1.0000,1.0000,0.0628,0.0000,4.2646
166,22,7,15.00,1.0216,1.0000,0.0512,0.0000,3.3087
167,23,7,16.00,1.0000,1.0000,0.0000,0.0000,2.2646
168,24,7,17.00,1.0000,1.0000,0.0280,0.0000,1.3356
169,1,8,16.00,1.0000,1.0000,0.0000,0.0000,0.0000
170,2,8,15.00,1.0000,1.0000,0.0000,0.0000,0.0000
171,3,8,14.00,1.0000,1.0000,0.0000,0.0000,0.0000
172,4,8,13.00,1.0000,1.0000,0.0000,0.0000,0.0000
173,5,8,12.00,1.0000,1.0000,0.0000,0.0000,0.0000
174,6,8,11.00,1.0000,1.0000,0.0000,0.0000,0.0000
175,7,8,10.00,1.0000,1.0000,0.0000,0.0000,0.0000
176,8,8,9.00,1.0000,1.0000,0.0000,0.0000,0.0000
177,9,8,8.00,1.0000,1.0000,0.0000,0.0000,0.0000
178,10,8,7.00,1.0000,1.0000,0.0000,0.0000,0.0034
179,11,8,6.00,1.0000,1.0000,0.0000,0.0000,0.0955
180,12,8,5.00,1.0000,1.0000,0.0000,0.0000,0.2331
181,13,8,5.00,1.0000,1.0000,0.0000,0.0000,0.5460
182,14,8,6.00,1.0100,1.0000,0.0292,0.0000,1.3735
183,15,8,7.00,1.0550,1.0000,0.0224,0.0000,2.4751
184,16,8,8.00,1.0207,1.0000,0.0228,0.0000,3.7891
185,17,8,9.00,1.0287,1.0000,0.0328,0.0000,5.3544
186,18,8,10.00,1.0002,1.0000,0.1020,0.0000,6.2201
187,19,8,11.00,1.0000,1.0000,0.1760,0.0000,6.5519
188,20,8,12.00,1.0000,1.0000,0.0704,0.0000,6.4058
189,21,8,13.00,1.0451,1.0000,0.0924,0.0000,5.9722
190,22,8,14.00,1.0000,1.0000,0.1116,0.0000,4.8282
191,23,8,15.00,1.0000,1.0000,0.0368,0.0000,3.5594
192,24,8,16.00,1.0000,1.0000,0.0452,0.0000,2.3347
193,1,9,15.00,1.0000,1.0000,0.0000,0.0000,0.0000
194,2,9,14.00,1.0000,1.0000,0.0584,0.0000,0.0000
195,3,9,13.00,1.0000,1.0000,0.0000,0.0000,0.0000
196,4,9,12.00,1.0000,1.0000,0.0000,0.0000,0.0000
197,5,9,11.00,1.0000,1.0000,0.0000,0.0000,0.0000
198,6,9,10.00,1.0000,1.0000,0.0000,0.0000,0.0000
199,7,9,9.00,1.0000,1.0000,0.0000,0.0000,0.0000
200,8,9,8.00,1.0000,1.0000,0.0000,0.0000,0.0000
201,9,9,7.00,1.0000,1.0000,0.0000,0.0000,0.0034
202,10,9,6.00,1.0000,1.0000,0.0000,0.0000,0.0955
203,11,9,5.00,1.0000,1.0000,0.0000,0.0000,0.2331
204,12,9,4.00,1.0000,1.0000,0.0000,0.0000,0.5460
205,13,9,4.00,1.0107,1.0000,0.0600,0.0000,1.3735
206,14,9,5.00,1.0203,1.0000,0.0744,0.0000,2.4757
207,15,9,6.00,1.0010,1.0000,0.1404,0.0000,3.8237
208,16,9,7.00,1.0567,1.0000,0.0844,0.0000,5.5913
209,17,9,8.00,1.0238,1.0793,0.1576,0.0108,7.2192
210,18,9,9.00,1.0339,3.1394,0.3456,0.0304,8.4904
211,19,9,10.00,1.0548,1.2007,0.1960,0.0128,8.9767
212,20,9,11.00,1.0125,1.2222,0.2568,0.0164,8.8386
213,21,9,12.00,1.0000,1.1771,0.2096,0.0248,8.1122
214,22,9,13.00,1.0157,1.0000,0.1964,0.0000,6.6047
215,23,9,14.00,1.0000,1.0000,0.1076,0.0000,5.0772
216,24,9,15.00,1.0000,1.0000,0.0204,0.0000,3.6192
217,1,10,14.00,1.0000,1.0000,0.0000,0.0000,0.0000
218,2,10,13.00,1.0000,1.0000,0.0000,0.0000,0.0000
219,3,10,12.00,1.0000,1.0000,0.0000,0.0000,0.0000
220,4,10,11.00,1.0000,1.0000,0.0000,0.0000,0.0000
221,5,10,10.00,1.0000,1.0000,0.0000,0.0000,0.0000
222,6,10,9.00,1.0000,1.0000,0.0000,0.0000,0.0000
223,7,10,8.00,1.0000,1.0000,0.0000,0.0000,0.0000
224,8,10,7.00,1.0000,1.0000,0.0000,0.0000,0.0003
225,9,10,6.00,1.0000,1.0000,0.0000,0.0000,0.0576
226,10,10,5.00,1.0125,1.0000,0.0296,0.0000,0.1895
227,11,10,4.00,1.0000,1.0000,0.0000,0.0000,0.5265
228,12,10,3.00,1.0001,1.0000,0.0012,0.0000,1.3472
229,13,10,3.00,1.0052,1.0000,0.0896,0.0000,2.4461
230,14,10,4.00,1.0240,1.0000,0.0512,0.0000,3.7897
231,15,10,5.00,1.0004,1.0000,0.0040,0.0000,5.5809
232,16,10,6.00,1.0702,1.0000,0.1600,0.0000,7.4122
233,17,10,7.00,1.0088,1.4180,0.2604,0.0368,9.2552
234,18,10,8.00,1.0209,3.7440,0.7180,0.0644,11.0808
235,19,10,9.00,1.0285,1.9332,0.9752,0.0852,12.0411
236,20,10,10.00,1.0554,3.5530,0.7096,0.1120,11.8837
237,21,10,11.00,1.0307,1.6350,0.5804,0.1040,11.2005
238,22,10,12.00,1.0180,1.4136,0.3144,0.0420,8.8250
239,23,10,13.00,1.0176,1.0394,0.2252,0.0008,6.8417
240,24,10,14.00,1.0000,1.0000,0.0932,0.0000,5.1096
241,1,11,13.00,1.0000,1.0000,0.0000,0.0000,0.0000
242,2,11,12.00,1.0024,1.0000,0.0060,0.0000,0.0000
243,3,11,11.00,1.0000,1.0000,0.0000,0.0000,0.0000
244,4,11,10.00,1.0000,1.0000,0.0000,0.0000,0.0000
245,5,11,9.00,1.0000,1.0000,0.0288,0.0000,0.0000
246,6,11,8.00,1.0000,1.0000,0.0000,0.0000,0.0000
247,7,11,7.00,1.0000,1.0000,0.0000,0.0000,0.0003
248,8,11,6.00,1.0001,1.0000,0.0012,0.0000,0.0457
249,9,11,5.00,1.0000,1.0000,0.0000,0.0000,0.1330
250,10,11,4.00,1.0000,1.0000,0.0004,0.0000,0.4105
251,11,11,3.00,1.0000,1.0000,0.0000,0.0000,1.2088
252,12,11,2.00,1.0005,1.0000,0.0028,0.0000,2.2924
253,13,11,2.00,1.0166,1.0000,0.0800,0.0000,3.6336
254,14,11,3.00,1.0134,1.0000,0.1404,0.0000,5.4424
255,15,11,4.00,1.0166,1.0000,0.1924,0.0000,7.2992
256,16,11,5.00,1.0693,1.3360,0.3268,0.0484,9.4649
257,17,11,6.00,1.0313,1.8505,0.6088,0.0456,11.8207
258,18,11,7.00,1.1390,3.3083,1.7724,0.1668,14.1364
259,19,11,8.00,1.1571,12.0982,1.9108,0.2544,15.7675
260,20,11,9.00,1.1235,5.1710,1.6348,0.3468,15.7110
261,21,11,10.00,1.1264,5.6843,1.6732,0.3516,15.0780
262,22,11,11.00,1.0326,2.2580,1.0776,0.0920,11.6628
263,23,11,12.00,1.0164,1.5012,0.2024,0.0448,8.8739
264,24,11,13.00,1.0006,1.0318,0.1392,0.0040,6.7125
265,1,12,12.00,1.0000,1.0000,0.0000,0.0000,0.0000
266,2,12,11.00,1.0000,1.0000,0.0000,0.0000,0.0000
267,3,12,10.00,1.0000,1.0000,0.0000,0.0000,0.0000
268,4,12,9.00,1.0000,1.0000,0.0000,0.0000,0.0000
269,5,12,8.00,1.0000,1.0000,0.0000,0.0000,0.0000
270,6,12,7.00,1.0000,1.0000,0.0000,0.0000,0.0003
271,7,12,6.00,1.0000,1.0000,0.0000,0.0000,0.0085
272,8,12,5.00,1.0000,1.0000,0.0000,0.0000,0.0708
273,9,12,4.00,1.0190,1.0000,0.0148,0.0000,0.2969
274,10,12,3.00,1.0000,1.0000,0.0000,0.0000,0.8449
275,11,12,2.00,1.0000,1.0000,0.0000,0.0000,1.7379
276,12,12,1.00,1.0282,1.0000,0.0928,0.0000,2.9161
277,13,12,1.00,1.0006,1.0000,0.1012,0.0000,4.7129
278,14,12,2.00,1.0405,1.0274,0.1604,0.0008,6.6723
279,15,12,3.00,1.0066,1.2699,0.2876,0.0236,8.7205
280,16,12,4.00,1.0371,1.7056,0.6196,0.0776,11.4262
281,17,12,5.00,1.0379,4.2560,1.8728,0.2012,14.3900
282,18,12,6.00,1.1888,5.7489,2.7216,0.2460,16.9887
283,19,12,7.00,1.3125,5.5518,3.7952,0.5880,18.4152
284,20,12,8.00,1.2357,6.0325,3.8012,0.3412,17.9427
285,21,12,9.00,1.1252,8.6047,5.0948,0.3624,17.1008
286,22,12,10.00,1.1202,3.0083,1.1248,0.1292,13.5558
287,23,12,11.00,1.0101,1.7737,0.4772,0.0352,10.5990
288,24,12,12.00,1.0121,1.0588,0.3184,0.0032,7.9374
289,1,13,12.00,1.0000,1.0000,0.0000,0.0000,0.0000
290,2,13,11.00,1.0000,1.0000,0.0000,0.0000,0.0000
291,3,13,10.00,1.0000,1.0000,0.0000,0.0000,0.0000
292,4,13,9.00,1.0000,1.0000,0.0000,0.0000,0.0000
293,5,13,8.00,1.0000,1.0000,0.0000,0.0000,0.0000
294,6,13,7.00,1.0000,1.0000,0.0000,0.0000,0.0000
295,7,13,6.00,1.0000,1.0000,0.0000,0.0000,0.0198
296,8,13,5.00,1.0000,1.0000,0.0080,0.0000,0.1233
297,9,13,4.00,1.0115,1.0000,0.0120,0.0000,0.4355
298,10,13,3.00,1.0000,1.0000,0.0000,0.0000,1.0128
299,11,13,2.00,1.0623,1.0000,0.0508,0.0000,1.9182
300,12,13,1.00,1.0011,1.0000,0.0048,0.0000,3.4653
301,13,13,1.00,1.0115,1.0000,0.0660,0.0000,5.2096
302,14,13,2.00,1.0033,1.0000,0.1600,0.0000,7.2119
303,15,13,3.00,1.0510,1.6221,0.3660,0.0416,9.8070
304,16,13,4.00,1.0985,2.5072,0.8368,0.1820,12.7777
305,17,13,5.00,1.2518,4.0595,1.4352,0.3960,16.0232
306,18,13,6.00,1.1849,5.3954,4.2216,0.3724,18.0479
307,19,13,7.00,1.2262,4.4516,3.6236,0.2792,18.7147
308,20,13,8.00,1.2146,7.6302,4.8056,0.3096,18.7763
309,21,13,9.00,1.2178,5.2312,3.2060,0.2624,17.6115
310,22,13,10.00,1.0553,3.2845,2.4060,0.1664,14.7960
311,23,13,11.00,1.0568,2.2958,0.7572,0.0884,11.8052
312,24,13,12.00,1.0065,1.2329,0.5920,0.0212,9.0965
313,1,14,13.00,1.0000,1.0000,0.0000,0.0000,0.0000
314,2,14,12.00,1.0000,1.0000,0.0000,0.0000,0.0000
315,3,14,11.00,1.0000,1.0000,0.0000,0.0000,0.0000
316,4,14,10.00,1.0000,1.0000,0.0000,0.0000,0.0000
317,5,14,9.00,1.0000,1.0000,0.0000,0.0000,0.0000
318,6,14,8.00,1.0000,1.0000,0.0000,0.0000,0.0005
319,7,14,7.00,1.0000,1.0000,0.0000,0.0000,0.0154
320,8,14,6.00,1.0000,1.0000,0.0000,0.0000,0.0941
321,9,14,5.00,1.0125,1.0000,0.0336,0.0000,0.3939
322,10,14,4.00,1.0000,1.0000,0.0292,0.0000,1.0545
323,11,14,3.00,1.0190,1.0000,0.0148,0.0000,2.2150
324,12,14,2.00,1.0000,1.0000,0.0636,0.0000,3.5706
325,13,14,2.00,1.0273,1.0000,0.1068,0.0000,5.2466
326,14,14,3.00,1.0141,1.0277,0.1832,0.0016,7.3751
327,15,14,4.00,1.0231,1.2155,0.3808,0.0192,9.9744
328,16,14,5.00,1.0342,2.1740,0.7632,0.1264,12.9766
329,17,14,6.00,1.1349,5.9303,1.7260,0.2608,16.4573
330,18,14,7.00,1.1899,5.7809,4.4304,0.2856,18.2681
331,19,14,8.00,1.2318,8.4956,5.4452,0.2280,18.8416
332,20,14,9.00,1.1801,10.4261,12.2620,0.4160,19.2349
333,21,14,10.00,1.3273,5.6761,2.2924,0.3444,18.1274
334,22,14,11.00,1.1354,4.6245,2.3268,0.3268,15.5832
335,23,14,12.00,1.0210,2.6901,0.9120,0.1244,12.6730
336,24,14,13.00,1.0142,1.6985,0.5264,0.0328,9.7521
337,1,15,14.00,1.0000,1.0000,0.0000,0.0000,0.0000
338,2,15,13.00,1.0000,1.0000,0.0000,0.0000,0.0000
339,3,15,12.00,1.0000,1.0000,0.0000,0.0000,0.0000
340,4,15,11.00,1.0000,1.0000,0.0000,0.0000,0.0000
341,5,15,10.00,1.0000,1.0000,0.0000,0.0000,0.0000
342,6,15,9.00,1.0000,1.0000,0.0000,0.0000,0.0008
343,7,15,8.00,1.0000,1.0000,0.0000,0.0000,0.0165
344,8,15,7.00,1.0000,1.0000,0.0000,0.0000,0.0774
345,9,15,6.00,1.0155,1.0000,0.0136,0.0000,0.3655
346,10,15,5.00,1.0168,1.0000,0.0156,0.0000,1.2253
347,11,15,4.00,1.0000,1.0000,0.0000,0.0000,2.1774
348,12,15,3.00,1.0002,1.0000,0.0020,0.0000,3.3072
349,13,15,3.00,1.0148,1.0000,0.1276,0.0000,4.9898
350,14,15,4.00,1.0354,1.0392,0.1492,0.0024,7.1175
351,15,15,5.00,1.0548,1.6931,0.3856,0.0232,9.5917
352,16,15,6.00,1.1001,3.0967,1.0732,0.1120,12.7082
353,17,15,7.00,1.1698,4.0808,2.4180,0.4128,16.5335
354,18,15,8.00,1.1883,6.3573,5.0832,0.4956,18.3361
355,19,15,9.00,1.1769,8.3328,5.6980,0.2584,18.3514
356,20,15,10.00,1.1473,10.3053,7.6332,0.3324,18.3800
357,21,15,11.00,1.1191,7.2771,6.7540,0.3396,17.5376
358,22,15,12.00,1.1134,4.6019,2.6432,0.3160,15.3106
359,23,15,13.00,1.0309,2.2426,1.4404,0.2180,12.7005
360,24,15,14.00,1.0452,1.3846,0.4660,0.0960,9.6742
361,1,16,15.00,1.0000,1.0000,0.0000,0.0000,0.0000
362,2,16,14.00,1.0000,1.0000,0.0000,0.0000,0.0000
363,3,16,13.00,1.0000,1.0000,0.0000,0.0000,0.0000
364,4,16,12.00,1.0000,1.0000,0.0000,0.0000,0.0000
365,5,16,11.00,1.0000,1.0000,0.0000,0.0000,0.0000
366,6,16,10.00,1.0000,1.0000,0.0000,0.0000,0.0000
367,7,16,9.00,1.0000,1.0000,0.0000,0.0000,0.0058
368,8,16,8.00,1.0134,1.0000,0.0128,0.0000,0.0537
369,9,16,7.00,1.0273,1.0000,0.0524,0.0000,0.4338
370,10,16,6.00,1.0000,1.0000,0.0000,0.0000,1.0219
371,11,16,5.00,1.0553,1.0000,0.0376,0.0000,1.8812
372,12,16,4.00,1.0429,1.0000,0.0428,0.0000,3.0122
373,13,16,4.00,1.0316,1.0000,0.1000,0.0000,4.4349
374,14,16,5.00,1.0737,1.0000,0.0532,0.0000,6.2198
375,15,16,6.00,1.0051,1.1619,0.3240,0.0132,8.6659
376,16,16,7.00,1.0865,2.5058,0.5176,0.0348,11.6820
377,17,16,8.00,1.3324,3.9023,0.8388,0.5792,15.7294
378,18,16,9.00,1.1664,4.4375,3.0976,0.4036,17.0404
379,19,16,10.00,1.1877,5.1408,2.4056,0.3192,17.3282
380,20,16,11.00,1.1497,4.6955,3.9032,0.3532,17.1635
381,21,16,12.00,1.1743,5.6195,3.0460,0.3420,16.4282
382,22,16,13.00,1.0749,3.8404,1.6728,0.1844,13.9607
383,23,16,14.00,1.1755,1.6267,0.7264,0.0712,11.1594
384,24,16,15.00,1.0114,1.8071,0.3920,0.0484,8.4907
385,1,17,16.00,1.0000,1.0000,0.0000,0.0000,0.0000
386,2,17,15.00,1.0000,1.0000,0.0000,0.0000,0.0000
387,3,17,14.00,1.0000,1.0000,0.0000,0.0000,0.0000
388,4,17,13.00,1.0000,1.0000,0.0000,0.0000,0.0000
389,5,17,12.00,1.0000,1.0000,0.0000,0.0000,0.0000
390,6,17,11.00,1.0000,1.0000,0.0000,0.0000,0.0000
391,7,17,10.00,1.0000,1.0000,0.0000,0.0000,0.0023
392,8,17,9.00,1.0000,1.0000,0.0000,0.0000,0.0339
393,9,17,8.00,1.0000,1.0000,0.0000,0.0000,0.2023
394,10,17,7.00,1.0010,1.0000,0.0040,0.0000,0.6795
395,11,17,6.00,1.0046,1.0000,0.0532,0.0000,1.4060
396,12,17,5.00,1.0144,1.0000,0.0132,0.0000,2.4001
397,13,17,5.00,1.0322,1.0000,0.0296,0.0000,3.5283
398,14,17,6.00,1.0263,1.0000,0.0784,0.0000,5.1372
399,15,17,7.00,1.0280,1.0961,0.3040,0.0068,7.1431
400,16,17,8.00,1.0318,1.6609,0.4520,0.0484,9.7362
401,17,17,9.00,1.0577,2.6849,1.1852,0.1920,12.8919
402,18,17,10.00,1.0738,2.8268,2.5336,0.2112,14.4476
403,19,17,11.00,1.1232,6.6236,2.2480,0.3184,15.5348
404,20,17,12.00,1.1740,3.8520,1.4416,0.2812,15.2490
405,21,17,13.00,1.1575,2.0954,1.1684,0.1468,14.3393
406,22,17,14.00,1.0589,1.8255,0.9152,0.1352,11.8812
407,23,17,15.00,1.0357,1.6137,0.6596,0.0588,9.4022
408,24,17,16.00,1.0038,1.1491,0.4684,0.0332,7.0438
409,1,18,17.00,1.0000,1.0000,0.0000,0.0000,0.0000
410,2,18,16.00,1.0000,1.0000,0.0000,0.0000,0.0000
411,3,18,15.00,1.0000,1.0000,0.0000,0.0000,0.0000
412,4,18,14.00,1.0000,1.0000,0.0000,0.0000,0.0000
413,5,18,13.00,1.0000,1.0000,0.0000,0.0000,0.0000
414,6,18,12.00,1.0000,1.0000,0.0000,0.0000,0.0000
415,7,18,11.00,1.0041,1.0000,0.0812,0.0000,0.0038
416,8,18,10.00,1.0000,1.0000,0.0000,0.0000,0.0104
417,9,18,9.00,1.0000,1.0000,0.0000,0.0000,0.0590
418,10,18,8.00,1.0000,1.0000,0.0000,0.0000,0.2622
419,11,18,7.00,1.0000,1.0000,0.0000,0.0000,0.7865
420,12,18,6.00,1.0134,1.0000,0.0296,0.0000,1.5486
421,13,18,6.00,1.0325,1.0000,0.1656,0.0000,2.7032
422,14,18,7.00,1.0139,1.0000,0.0696,0.0000,3.9299
423,15,18,8.00,1.0032,1.1861,0.2264,0.0072,5.5286
424,16,18,9.00,1.0904,1.1915,0.0720,0.0104,7.4860
425,17,18,10.00,1.0596,1.8190,0.5332,0.0328,9.8528
426,18,18,11.00,1.0196,1.6503,0.5236,0.0888,11.4052
427,19,18,12.00,1.0385,2.4281,0.9728,0.1064,12.3833
428,20,18,13.00,1.0354,1.7915,1.1372,0.0776,12.5919
429,21,18,14.00,1.0736,2.0567,1.0756,0.3456,12.1231
430,22,18,15.00,1.0502,2.6235,0.3644,0.0716,9.6775
431,23,18,16.00,1.0409,1.8218,0.2820,0.0180,7.3931
432,24,18,17.00,1.0263,1.0959,0.1692,0.0068,5.2291
433,1,19,18.00,1.0000,1.0000,0.0000,0.0000,0.0000
434,2,19,17.00,1.0000,1.0000,0.0000,0.0000,0.0000
435,3,19,16.00,1.0000,1.0000,0.0000,0.0000,0.0000
436,4,19,15.00,1.0000,1.0000,0.0000,0.0000,0.0000
437,5,19,14.00,1.0000,1.0000,0.0000,0.0000,0.0000
438,6,19,13.00,1.0000,1.0000,0.0000,0.0000,0.0000
439,7,19,12.00,1.0000,1.0000,0.0000,0.0000,0.0000
440,8,19,11.00,1.0000,1.0000,0.0004,0.0000,0.0038
441,9,19,10.00,1.0000,1.0000,0.0000,0.0000,0.0156
442,10,19,9.00,1.0000,1.0000,0.0000,0.0000,0.0846
443,11,19,8.00,1.0000,1.0000,0.0000,0.0000,0.3094
444,12,19,7.00,1.0010,1.0000,0.0676,0.0000,0.8503
445,13,19,7.00,1.0039,1.0000,0.0076,0.0000,1.6591
446,14,19,8.00,1.0135,1.0000,0.1148,0.0000,2.8894
447,15,19,9.00,1.0144,1.0000,0.1220,0.0000,4.1085
448,16,19,10.00,1.0023,1.0000,0.1640,0.0000,5.6057
449,17,19,11.00,1.0480,1.2236,0.2044,0.0100,7.3979
450,18,19,12.00,1.0025,1.7144,0.2420,0.0532,8.8255
451,19,19,13.00,1.0189,1.9996,0.7080,0.0604,9.6873
452,20,19,14.00,1.0921,1.4468,0.3968,0.0616,9.6660
453,21,19,15.00,1.0477,1.3829,0.6096,0.0520,9.2378
454,22,19,16.00,1.0148,1.4771,0.5120,0.0292,7.3497
455,23,19,17.00,1.0215,1.2053,0.0736,0.0300,5.3991
456,24,19,18.00,1.0001,1.0000,0.1284,0.0000,3.8317
457,1,20,19.00,1.0000,1.0000,0.0000,0.0000,0.0000
458,2,20,18.00,1.0000,1.0000,0.0000,0.0000,0.0000
459,3,20,17.00,1.0000,1.0000,0.0000,0.0000,0.0000
460,4,20,16.00,1.0000,1.0000,0.0000,0.0000,0.0000
461,5,20,15.00,1.0000,1.0000,0.0000,0.0000,0.0000
462,6,20,14.00,1.0000,1.0000,0.0000,0.0000,0.0000
463,7,20,13.00,1.0000,1.0000,0.0000,0.0000,0.0000
464,8,20,12.00,1.0000,1.0000,0.0000,0.0000,0.0000
465,9,20,11.00,1.0000,1.0000,0.0000,0.0000,0.0038
466,10,20,10.00,1.0000,1.0000,0.0000,0.0000,0.0178
467,11,20,9.00,1.0166,1.0000,0.0140,0.0000,0.0924
468,12,20,8.00,1.0144,1.0000,0.0132,0.0000,0.3360
469,13,20,8.00,1.0039,1.0000,0.0460,0.0000,0.9488
470,14,20,9.00,1.0000,1.0000,0.0000,0.0000,1.7543
471,15,20,10.00,1.0256,1.0000,0.0292,0.0000,2.9266
472,16,20,11.00,1.0666,1.0000,0.1124,0.0000,4.1121
473,17,20,12.00,1.0128,1.0000,0.2032,0.0000,5.4231
474,18,20,13.00,1.0289,1.2896,0.1264,0.0060,6.5023
475,19,20,14.00,1.0146,1.2810,0.2872,0.0176,7.1157
476,20,20,15.00,1.0894,1.1808,0.1124,0.0416,7.1522
477,21,20,16.00,1.0299,1.6668,0.3684,0.0652,7.0374
478,22,20,17.00,1.0083,1.1396,0.1184,0.0096,5.2456
479,23,20,18.00,1.0315,1.0000,0.0240,0.0000,3.8707
480,24,20,19.00,1.0000,1.0000,0.0820,0.0000,2.7816
481,1,21,20.00,1.0000,1.0000,0.0000,0.0000,0.0000
482,2,21,19.00,1.0000,1.0000,0.0000,0.0000,0.0000
483,3,21,18.00,1.0000,1.0000,0.0000,0.0000,0.0000
484,4,21,17.00,1.0000,1.0000,0.0000,0.0000,0.0000
485,5,21,16.00,1.0000,1.0000,0.0000,0.0000,0.0000
486,6,21,15.00,1.0000,1.0000,0.0000,0.0000,0.0000
487,7,21,14.00,1.0000,1.0000,0.0000,0.0000,0.0000
488,8,21,13.00,1.0000,1.0000,0.0000,0.0000,0.0000
489,9,21,12.00,1.0000,1.0000,0.0000,0.0000,0.0000
490,10,21,11.00,1.0000,1.0000,0.0000,0.0000,0.0038
491,11,21,10.00,1.0000,1.0000,0.0000,0.0000,0.0228
492,12,21,9.00,1.0000,1.0000,0.0000,0.0000,0.1039
493,13,21,9.00,1.0000,1.0000,0.0000,0.0000,0.3446
494,14,21,10.00,1.0002,1.0000,0.0016,0.0000,0.9542
495,15,21,11.00,1.0202,1.0000,0.0400,0.0000,1.7599
496,16,21,12.00,1.0018,1.0000,0.0748,0.0000,2.8850
497,17,21,13.00,1.0321,1.0000,0.1948,0.0000,3.8844
498,18,21,14.00,1.0415,1.0000,0.1104,0.0000,4.5481
499,19,21,15.00,1.0850,1.3495,0.0660,0.0068,4.9700
500,20,21,16.00,1.0405,1.3005,0.0340,0.0084,5.0926
501,21,21,17.00,1.0086,1.0000,0.1272,0.0000,4.6250
502,22,21,18.00,1.0049,1.0891,0.2352,0.0012,3.6333
503,23,21,19.00,1.0015,1.0000,0.1088,0.0000,2.7376
504,24,21,20.00,1.0000,1.0000,0.0424,0.0000,1.7949
505,1,22,21.00,1.0000,1.0000,0.0000,0.0000,0.0000
506,2,22,20.00,1.0000,1.0000,0.0000,0.0000,0.0000
507,3,22,19.00,1.0000,1.0000,0.0000,0.0000,0.0000
508,4,22,18.00,1.0000,1.0000,0.0000,0.0000,0.0000
509,5,22,17.00,1.0000,1.0000,0.0000,0.0000,0.0000
510,6,22,16.00,1.0000,1.0000,0.0000,0.0000,0.0000
511,7,22,15.00,1.0000,1.0000,0.0000,0.0000,0.0000
512,8,22,14.00,1.0000,1.0000,0.0000,0.0000,0.0000
513,9,22,13.00,1.0000,1.0000,0.0000,0.0000,0.0000
514,10,22,12.00,1.0000,1.0000,0.0000,0.0000,0.0000
515,11,22,11.00,1.0000,1.0000,0.0000,0.0000,0.0038
516,12,22,10.00,1.0000,1.0000,0.0000,0.0000,0.0234
517,13,22,10.00,1.0000,1.0000,0.0000,0.0000,0.1055
518,14,22,11.00,1.0000,1.0000,0.0000,0.0000,0.3458
519,15,22,12.00,1.0005,1.0000,0.0036,0.0000,0.9539
520,16,22,13.00,1.0231,1.0000,0.0236,0.0000,1.7142
521,17,22,14.00,1.0069,1.0000,0.0412,0.0000,2.6877
522,18,22,15.00,1.0229,1.0000,0.1048,0.0000,3.1402
523,19,22,16.00,1.0263,1.0000,0.0244,0.0000,3.3606
524,20,22,17.00,1.0078,1.0175,0.1240,0.0016,3.2510
525,21,22,18.00,1.0214,1.0212,0.0640,0.0028,3.0044
526,22,22,19.00,1.0172,1.0000,0.0076,0.0000,2.4879
527,23,22,20.00,1.0315,1.0000,0.0272,0.0000,1.7477
528,24,22,21.00,1.0000,1.0000,0.0228,0.0000,1.0816
529,1,23,22.00,1.0000,1.0000,0.0000,0.0000,0.0000
530,2,23,21.00,1.0000,1.0000,0.0000,0.0000,0.0000
531,3,23,20.00,1.0000,1.0000,0.0000,0.0000,0.0000
532,4,23,19.00,1.0000,1.0000,0.0000,0.0000,0.0000
533,5,23,18.00,1.0000,1.0000,0.0000,0.0000,0.0000
534,6,23,17.00,1.0000,1.0000,0.0000,0.0000,0.0000
535,7,23,16.00,1.0000,1.0000,0.0000,0.0000,0.0000
536,8,23,15.00,1.0000,1.0000,0.0000,0.0000,0.0000
537,9,23,14.00,1.0000,1.0000,0.0000,0.0000,0.0000
538,10,23,13.00,1.0001,1.0000,0.0012,0.0000,0.0000
539,11,23,12.00,1.0000,1.0000,0.0000,0.0000,0.0000
540,12,23,11.00,1.0000,1.0000,0.0000,0.0000,0.0038
541,13,23,11.00,1.0000,1.0000,0.0000,0.0000,0.0234
542,14,23,12.00,1.0000,1.0000,0.0000,0.0000,0.1055
543,15,23,13.00,1.0000,1.0000,0.0000,0.0000,0.3443
544,16,23,14.00,1.0190,1.0000,0.0152,0.0000,0.9178
545,17,23,15.00,1.0021,1.0000,0.0500,0.0000,1.5857
546,18,23,16.00,1.0063,1.0000,0.0200,0.0000,2.0928
547,19,23,17.00,1.0312,1.0000,0.0640,0.0000,1.9739
548,20,23,18.00,1.0000,1.0000,0.0012,0.0000,2.0026
549,21,23,19.00,1.0190,1.0000,0.0616,0.0000,1.9334
550,22,23,20.00,1.0004,1.0000,0.0560,0.0000,1.4817
551,23,23,21.00,1.0183,1.0000,0.0172,0.0000,1.0116
552,24,23,22.00,1.0000,1.0000,0.0000,0.0000,0.6735
553,1,24,23.00,1.0000,1.0000,0.0000,0.0000,0.0000
554,2,24,22.00,1.0000,1.0000,0.0000,0.0000,0.0000
555,3,24,21.00,1.0000,1.0000,0.0000,0.0000,0.0000
556,4,24,20.00,1.0000,1.0000,0.0000,0.0000,0.0000
557,5,24,19.00,1.0000,1.0000,0.0000,0.0000,0.0000
558,6,24,18.00,1.0000,1.0000,0.0000,0.0000,0.0000
559,7,24,17.00,1.0000,1.0000,0.0000,0.0000,0.0000
560,8,24,16.00,1.0000,1.0000,0.0000,0.0000,0.0000
561,9,24,15.00,1.0000,1.0000,0.0000,0.0000,0.0000
562,10,24,14.00,1.0000,1.0000,0.0000,0.0000,0.0000
563,11,24,13.00,1.0000,1.0000,0.0000,0.0000,0.0000
564,12,24,12.00,1.0000,1.0000,0.0000,0.0000,0.0000
565,13,24,12.00,1.0000,1.0000,0.0000,0.0000,0.0038
566,14,24,13.00,1.0000,1.0000,0.0000,0.0000,0.0234
567,15,24,14.00,1.0000,1.0000,0.0000,0.0000,0.1047
568,16,24,15.00,1.0018,1.0000,0.0220,0.0000,0.3215
569,17,24,16.00,1.0002,1.0000,0.0272,0.0000,0.8289
570,18,24,17.00,1.0184,1.0000,0.0176,0.0000,0.9658
571,19,24,18.00,1.0046,1.0000,0.0148,0.0000,1.1473
572,20,24,19.00,1.0000,1.0000,0.0000,0.0000,1.2137
573,21,24,20.00,1.0001,1.0000,0.0596,0.0000,1.1235
574,22,24,21.00,1.0000,1.0000,0.0016,0.0000,0.8155
575,23,24,22.00,1.0000,1.0000,0.0000,0.0000,0.6075
576,24,24,23.00,1.0115,1.0000,0.0304,0.0000,0.3149
